Company_ID,Year,ESG_Score,Environmental_Score,Social_Score,Governance_Score
1,2012,59.9,65.3,54.2,61.2
1,2013,56.8,55.9,47.1,62.9
1,2014,56.7,57.7,49.5,60.7
1,2015,57.3,67.0,49.6,58.1
1,2016,60.2,73.7,49.9,61.0
1,2017,60.5,70.5,53.4,60.8
1,2018,62.2,66.4,58.8,62.6
1,2019,56.4,59.2,57.5,54.7
1,2020,52.1,59.7,51.9,49.1
1,2021,53.7,58.4,48.3,55.0
1,2022,54.9,68.3,49.1,53.0
1,2023,59.8,76.0,45.3,62.1
1,2024,56.0,70.2,39.7,60.1
1,2025,60.4,63.9,40.3,71.1
2,2012,72.0,53.8,89.4,83.7
2,2013,71.0,56.1,81.9,84.6
2,2014,69.1,56.4,77.0,82.6
2,2015,69.5,57.5,76.4,82.8
2,2016,66.4,48.4,81.7,80.6
2,2017,74.4,53.8,90.6,92.1
2,2018,73.2,57.5,76.8,97.3
2,2019,75.2,56.8,83.6,98.4
2,2020,69.1,53.0,81.3,83.4
2,2021,70.5,57.8,75.2,87.9
2,2022,70.3,61.4,66.9,90.4
2,2023,74.9,59.4,77.2,100.0
2,2024,73.8,52.5,85.9,97.6
2,2025,73.0,53.3,84.0,95.1
3,2012,62.7,63.1,75.2,46.8
3,2013,66.6,65.8,82.4,49.1
3,2014,61.1,60.6,79.9,39.3
3,2015,64.7,64.6,87.4,37.6
3,2016,64.6,62.7,80.7,48.6
3,2017,68.6,72.3,77.7,51.2
3,2018,58.5,63.3,75.3,29.6
4,2012,45.0,53.6,23.4,49.4
4,2013,41.8,52.9,18.8,42.4
4,2014,38.8,44.5,21.6,44.5
4,2015,44.0,48.9,21.5,56.8
4,2016,44.2,52.0,16.7,56.0
4,2017,48.0,59.0,19.6,54.6
4,2018,48.4,54.1,24.6,61.0
4,2019,43.5,55.9,15.1,47.0
4,2020,48.6,61.2,14.5,57.5
4,2021,46.2,64.8,6.5,48.5
4,2022,45.7,59.7,13.4,49.8
4,2023,50.6,69.5,14.9,48.3
4,2024,48.7,68.2,6.4,52.1
4,2025,45.4,62.6,3.2,53.3
5,2012,51.1,39.8,62.4,44.3
5,2013,38.9,30.5,41.9,43.7
5,2014,41.1,32.3,47.3,40.5
5,2015,50.0,37.2,56.4,53.7
5,2016,44.5,30.3,53.9,44.6
5,2017,35.8,20.8,45.1,37.2
5,2018,40.8,25.0,50.9,41.4
5,2019,46.2,31.1,53.1,52.1
5,2020,66.5,64.7,68.7,64.6
5,2021,56.4,45.8,58.3,65.6
5,2022,63.2,54.4,63.2,73.6
5,2023,64.0,50.9,62.9,81.5
5,2024,64.4,41.2,76.9,69.7
5,2025,56.5,36.2,65.3,64.9
6,2012,48.5,36.1,80.6,32.4
6,2013,47.1,38.7,74.8,29.0
6,2014,44.7,26.8,73.0,43.1
6,2015,51.9,38.0,83.6,38.9
6,2016,48.8,33.8,69.2,51.5
6,2017,47.2,30.8,81.7,35.2
6,2018,46.2,30.1,76.1,39.1
6,2019,49.0,35.6,69.6,48.2
6,2020,42.1,24.4,63.2,48.7
6,2021,42.9,26.7,65.4,45.0
6,2022,44.0,31.2,68.6,37.7
6,2023,50.4,40.7,80.2,32.2
6,2024,46.3,38.8,79.7,19.6
6,2025,43.1,37.3,71.8,19.1
7,2012,49.2,23.3,72.9,67.3
7,2013,51.7,26.3,66.2,80.1
7,2014,55.8,32.2,69.8,81.4
7,2015,53.1,28.8,67.9,78.9
7,2016,54.7,33.9,66.2,78.4
8,2012,43.2,34.6,34.2,69.6
8,2013,45.4,31.8,40.7,70.2
9,2012,64.8,53.5,97.5,54.5
9,2013,60.9,53.0,87.9,49.6
9,2014,66.0,56.2,92.8,58.8
9,2015,68.2,57.7,99.7,57.5
9,2016,69.5,60.1,99.2,58.7
9,2017,71.0,61.6,100.0,60.8
9,2018,68.8,61.8,94.9,56.5
9,2019,66.9,63.5,91.3,49.1
9,2020,68.7,69.5,82.6,53.2
9,2021,61.8,56.8,74.0,59.4
9,2022,62.5,61.8,70.4,56.0
9,2023,68.4,59.6,83.4,70.9
9,2024,65.4,58.6,83.2,61.4
9,2025,69.9,64.9,85.2,64.6
10,2012,63.5,57.2,57.5,81.7
10,2013,61.6,56.1,57.9,74.8
10,2014,65.2,51.5,62.5,86.4
10,2015,64.2,49.3,58.0,93.1
10,2016,61.3,44.9,58.1,86.7
10,2017,56.5,41.3,53.7,79.7
10,2018,56.4,41.9,50.1,85.1
10,2019,63.2,50.2,60.1,84.4
10,2020,63.2,47.6,61.5,84.8
10,2021,66.4,52.9,70.3,75.5
10,2022,63.0,46.0,66.8,76.4
10,2023,60.0,43.1,58.2,83.5
10,2024,56.0,44.0,48.2,84.5
10,2025,56.3,46.0,50.2,79.8
11,2012,49.4,53.5,64.4,19.6
11,2013,50.7,52.0,67.5,22.1
11,2014,55.4,58.8,77.6,15.0
11,2015,61.0,68.6,72.7,31.7
11,2016,57.1,56.8,74.0,30.5
11,2017,68.9,72.2,83.5,41.1
11,2018,72.3,74.4,87.7,44.9
11,2019,67.1,78.3,75.0,38.9
11,2020,65.5,70.5,84.5,28.0
11,2021,63.1,60.8,83.0,34.5
11,2022,62.8,69.8,72.1,38.2
11,2023,69.5,78.4,79.2,41.4
11,2024,58.4,64.6,69.6,32.0
11,2025,60.7,69.0,67.2,38.6
12,2012,62.3,75.2,78.9,47.1
12,2013,51.4,76.5,60.2,36.0
12,2014,53.8,78.0,61.7,39.3
12,2015,53.8,75.6,66.4,37.5
12,2016,59.9,72.6,64.0,52.4
12,2017,60.2,61.4,70.5,53.5
12,2018,62.5,70.1,71.3,54.1
12,2019,60.9,74.4,70.6,49.6
12,2020,62.1,67.3,77.0,51.0
12,2021,66.3,70.3,80.2,56.3
12,2022,72.0,70.3,92.3,60.6
12,2023,70.5,73.3,94.4,55.1
12,2024,71.7,76.1,99.6,53.2
12,2025,70.9,81.5,84.7,58.4
13,2012,50.2,89.6,39.8,40.6
13,2013,57.9,100.0,32.3,56.4
13,2014,57.5,100.0,32.8,55.3
13,2015,59.5,100.0,41.6,54.1
13,2016,66.7,100.0,46.4,65.6
13,2017,68.2,100.0,45.1,69.4
13,2018,67.2,100.0,45.5,67.0
13,2019,72.5,100.0,51.8,73.9
13,2020,70.5,99.5,54.3,68.6
13,2021,68.3,100.0,55.7,63.1
13,2022,65.0,100.0,45.8,62.5
13,2023,59.1,91.3,32.5,62.2
13,2024,64.9,98.7,44.6,63.6
13,2025,60.1,99.4,42.2,55.1
14,2012,37.6,43.4,34.4,36.2
14,2013,39.0,43.9,33.7,41.0
14,2014,37.1,33.0,39.2,38.4
14,2015,37.0,25.0,40.8,44.1
14,2016,34.4,26.2,35.6,41.0
14,2017,37.4,26.4,45.4,37.9
14,2018,39.1,33.4,43.3,39.3
14,2019,44.8,48.7,46.4,38.8
14,2020,44.0,52.1,51.1,26.3
14,2021,45.4,59.9,42.8,34.2
14,2022,47.9,59.7,44.5,40.6
14,2023,46.2,55.0,38.7,47.4
14,2024,46.2,56.8,39.1,45.1
14,2025,39.2,43.5,34.5,41.1
15,2012,47.9,43.3,42.1,63.0
15,2013,21.2,17.5,12.6,37.3
15,2014,25.4,18.9,12.4,51.4
15,2015,28.2,22.9,13.0,53.9
15,2016,27.8,21.7,16.4,51.2
15,2017,35.6,33.3,18.9,56.9
15,2018,36.9,29.1,29.7,59.6
15,2019,34.6,26.3,21.5,64.1
15,2020,31.6,24.9,20.5,55.9
15,2021,32.8,26.0,10.0,69.2
15,2022,33.2,25.5,21.1,60.9
15,2023,41.6,39.0,36.8,51.4
15,2024,37.0,29.7,39.6,48.9
15,2025,37.0,29.2,37.9,51.6
16,2012,47.3,45.1,44.0,55.9
16,2013,49.6,50.4,46.4,54.6
16,2014,54.1,46.9,57.7,56.3
16,2015,56.5,46.0,63.2,57.0
16,2016,53.2,45.7,57.5,54.4
16,2017,53.9,51.2,53.7,57.5
16,2018,51.3,50.7,50.0,54.4
16,2019,49.3,48.1,47.6,53.7
16,2020,48.7,55.1,44.8,48.2
16,2021,52.7,54.9,54.2,47.5
17,2012,56.6,60.2,54.1,56.2
17,2013,58.9,69.8,51.1,58.3
17,2014,54.6,62.5,52.4,49.6
18,2012,44.7,39.1,55.4,42.1
18,2013,43.2,42.3,51.6,34.6
18,2014,46.6,42.4,61.2,36.6
18,2015,49.8,47.3,65.2,35.9
18,2016,52.3,55.7,57.7,39.8
18,2017,54.5,61.0,61.4,34.4
18,2018,51.6,52.2,62.6,37.4
18,2019,50.2,50.1,56.8,42.3
18,2020,51.0,53.5,62.6,32.5
18,2021,49.5,49.8,67.6,27.3
18,2022,44.4,40.9,65.9,25.1
18,2023,48.4,40.8,70.7,35.3
18,2024,43.8,39.5,61.7,30.1
18,2025,45.6,42.9,62.4,30.1
19,2012,59.4,45.8,60.9,64.0
19,2013,61.5,57.8,63.1,62.1
19,2014,63.3,64.9,72.2,57.4
19,2015,62.8,57.8,74.0,58.0
19,2016,68.6,60.6,73.8,68.7
19,2017,64.8,51.4,61.0,72.5
19,2018,59.5,56.0,50.6,66.3
19,2019,59.6,54.2,62.5,60.1
19,2020,61.8,53.5,70.0,60.3
19,2021,63.5,58.6,64.3,64.9
19,2022,62.4,56.2,54.5,69.6
19,2023,63.2,59.2,61.3,65.9
19,2024,57.4,52.3,68.6,52.8
19,2025,49.9,49.2,61.6,43.2
20,2012,47.3,30.9,61.7,65.6
20,2013,51.8,32.8,70.4,71.3
20,2014,41.4,25.4,57.7,57.3
20,2015,36.7,15.0,49.1,67.8
20,2016,44.3,30.4,47.8,68.8
20,2017,42.1,22.9,49.6,73.0
20,2018,45.1,30.7,37.4,81.7
20,2019,44.4,30.5,42.4,74.1
20,2020,44.2,30.7,47.2,68.1
20,2021,45.4,33.5,50.6,63.9
20,2022,48.6,39.3,50.9,65.0
20,2023,51.4,43.2,51.5,67.8
20,2024,53.1,41.9,64.5,64.0
20,2025,49.4,42.0,56.8,57.0
21,2012,55.5,46.5,33.9,72.0
21,2013,51.5,42.8,24.0,71.5
21,2014,51.1,39.9,26.3,70.5
21,2015,49.9,34.1,20.5,73.9
21,2016,51.3,32.5,33.1,69.8
21,2017,50.1,33.2,29.2,69.4
21,2018,53.1,32.8,28.4,76.1
21,2019,54.5,48.5,23.4,75.5
21,2020,54.7,49.5,32.6,70.1
21,2021,57.9,49.2,26.8,80.1
21,2022,58.4,51.2,32.3,76.9
21,2023,60.9,50.3,33.9,81.4
21,2024,64.8,42.4,39.5,89.0
21,2025,62.4,49.0,27.1,88.9
22,2012,55.0,50.9,43.9,74.9
22,2013,54.2,50.6,38.6,80.5
22,2014,54.8,47.2,44.4,76.6
22,2015,52.8,51.2,42.1,70.3
22,2016,50.7,54.8,37.2,67.6
22,2017,56.1,51.4,48.7,71.0
22,2018,56.9,50.1,61.0,56.3
22,2019,55.8,56.7,51.9,60.8
23,2012,49.6,44.4,44.2,70.6
23,2013,49.9,46.5,42.8,69.1
23,2014,43.7,42.2,31.9,65.0
23,2015,49.3,50.2,35.0,68.7
23,2016,52.0,47.4,46.4,71.9
23,2017,50.3,41.8,53.0,67.5
23,2018,53.0,45.6,60.3,60.4
23,2019,55.0,44.9,70.9,56.6
23,2020,52.4,44.9,64.8,52.6
23,2021,51.3,37.0,70.2,58.5
23,2022,46.1,29.9,58.3,68.2
23,2023,49.2,33.8,60.5,71.0
23,2024,51.6,41.5,50.5,78.3
23,2025,60.5,61.8,48.7,75.0
24,2012,48.7,55.6,29.5,69.6
24,2013,49.6,55.8,36.2,62.2
24,2014,52.1,61.6,36.6,63.6
24,2015,56.5,70.4,37.3,67.9
24,2016,60.8,67.1,53.2,64.3
24,2017,58.9,73.3,43.7,63.1
24,2018,50.7,53.6,39.6,64.5
24,2019,47.3,50.6,32.0,67.1
24,2020,42.7,42.6,29.2,64.4
24,2021,44.4,50.6,23.3,69.5
24,2022,47.3,50.2,29.8,71.3
24,2023,54.8,56.6,31.9,89.0
24,2024,56.8,53.7,44.4,81.0
24,2025,52.7,51.4,38.7,77.0
25,2012,49.1,68.0,45.1,33.6
25,2013,52.3,59.9,52.5,43.0
25,2014,51.7,67.3,45.6,43.8
25,2015,49.4,73.0,36.0,45.4
25,2016,52.9,66.6,45.7,49.3
25,2017,49.1,72.0,35.7,45.6
25,2018,46.9,75.8,31.7,39.5
25,2019,56.2,90.3,35.3,52.8
25,2020,52.9,79.1,36.8,50.3
25,2021,52.8,83.4,34.2,49.5
26,2012,55.1,67.8,37.1,66.4
26,2013,65.2,80.7,51.2,68.4
26,2014,62.2,85.7,40.0,68.3
27,2012,63.6,58.2,63.4,69.1
27,2013,52.5,48.5,49.0,61.2
27,2014,54.8,55.2,47.5,64.2
27,2015,52.0,49.2,41.7,68.7
27,2016,51.8,48.9,48.6,59.1
27,2017,60.2,58.8,60.2,61.5
27,2018,69.1,62.4,73.2,70.4
28,2012,49.3,42.1,46.6,63.8
28,2013,51.6,49.6,45.8,63.6
28,2014,47.0,44.7,43.1,56.4
28,2015,48.9,45.1,40.7,67.4
28,2016,54.7,42.3,56.8,68.7
28,2017,48.0,30.7,48.8,70.9
28,2018,50.4,36.7,48.9,72.0
28,2019,52.2,42.0,48.1,72.9
28,2020,50.5,48.5,45.8,60.7
28,2021,54.3,54.7,46.1,67.0
28,2022,53.4,49.6,48.3,66.9
28,2023,58.6,58.2,52.4,69.0
28,2024,59.6,48.0,55.1,83.0
28,2025,65.2,54.2,53.0,100.0
29,2012,56.4,76.7,42.3,26.8
29,2013,50.8,67.4,40.1,25.3
29,2014,51.4,64.3,45.0,28.5
30,2012,44.7,39.2,49.0,51.5
30,2013,42.7,34.5,44.2,57.6
30,2014,43.0,33.3,46.7,58.7
30,2015,33.5,23.1,43.3,44.6
30,2016,32.3,22.6,44.2,39.8
30,2017,35.9,31.1,42.6,38.9
30,2018,45.3,44.9,44.0,47.3
30,2019,45.8,44.2,40.6,54.4
30,2020,48.3,47.9,45.8,51.5
30,2021,40.6,41.3,36.2,43.5
30,2022,38.7,40.1,33.5,41.2
30,2023,36.6,32.3,38.3,43.4
30,2024,45.1,43.7,44.9,48.0
30,2025,43.2,37.6,50.3,47.2
31,2012,40.5,42.4,41.8,35.4
31,2013,42.8,43.8,50.6,33.0
31,2014,44.2,45.7,48.2,37.0
31,2015,49.1,57.6,48.3,33.0
31,2016,48.6,60.0,39.3,34.9
31,2017,46.2,57.9,38.1,31.1
31,2018,45.8,53.0,39.4,38.0
31,2019,49.4,54.7,48.9,39.1
31,2020,51.0,61.5,41.5,39.3
31,2021,48.9,59.7,37.2,39.1
31,2022,55.3,64.4,48.1,44.4
31,2023,47.6,54.8,42.1,38.5
31,2024,53.4,59.0,39.9,55.5
31,2025,54.2,63.0,39.8,50.8
32,2012,47.6,66.4,19.7,56.9
32,2013,51.6,62.2,28.5,61.2
32,2014,49.6,67.2,31.4,53.5
32,2015,46.5,66.4,30.3,48.2
32,2016,54.4,71.7,43.9,53.7
32,2017,52.9,71.4,36.1,55.5
32,2018,54.8,63.6,30.5,65.9
32,2019,55.4,61.7,35.2,65.0
32,2020,53.2,54.5,37.0,62.3
32,2021,48.9,53.7,32.5,56.8
32,2022,45.0,56.8,27.3,51.0
32,2023,40.9,55.7,17.9,48.7
32,2024,46.3,58.2,19.9,57.3
32,2025,51.1,62.8,20.9,64.5
33,2012,65.4,77.3,60.0,63.9
33,2013,68.1,79.7,59.1,68.9
33,2014,66.7,81.6,70.2,58.7
33,2015,67.6,73.2,74.2,61.4
33,2016,69.1,71.5,77.4,63.1
33,2017,65.1,79.0,66.8,58.5
33,2018,70.8,86.6,67.9,66.2
34,2012,50.8,53.4,62.8,33.6
34,2013,50.3,49.4,60.2,42.3
34,2014,46.4,41.4,62.3,40.6
34,2015,50.6,46.7,65.8,43.4
34,2016,53.2,50.8,57.1,53.9
34,2017,49.3,49.2,51.0,47.9
34,2018,44.3,43.3,60.1,30.6
34,2019,36.8,35.6,50.9,25.0
34,2020,46.6,47.2,57.7,34.2
34,2021,43.6,43.5,53.4,34.0
34,2022,37.3,33.3,55.5,27.2
34,2023,38.8,38.0,53.9,25.3
34,2024,42.5,41.3,56.4,31.1
34,2025,46.0,49.1,58.9,27.0
35,2012,52.7,60.0,60.2,30.3
35,2013,49.7,62.7,56.7,21.5
35,2014,47.0,56.3,55.1,21.1
35,2015,49.3,64.2,54.7,21.8
35,2016,52.0,63.6,59.6,24.6
35,2017,50.1,54.3,59.5,28.0
35,2018,49.8,54.1,62.8,21.3
35,2019,47.3,56.6,57.3,18.0
35,2020,48.7,50.5,62.9,21.1
35,2021,47.8,57.1,48.2,35.9
35,2022,44.4,45.6,52.7,28.2
35,2023,47.2,56.0,53.5,25.2
35,2024,49.8,65.9,48.2,33.2
35,2025,49.1,62.1,50.5,30.8
36,2012,56.7,62.1,55.6,48.3
36,2013,59.7,71.3,52.2,48.0
36,2014,54.1,61.4,52.5,42.7
36,2015,54.9,67.6,46.3,42.5
36,2016,54.4,68.6,46.5,38.4
36,2017,53.3,57.1,53.2,46.6
37,2012,50.9,38.9,54.5,68.1
37,2013,52.4,35.2,56.1,79.0
37,2014,55.7,43.3,53.6,80.4
37,2015,50.0,30.8,51.7,82.6
37,2016,49.9,23.9,60.4,84.2
37,2017,52.5,35.3,54.5,81.1
37,2018,51.8,37.2,51.8,77.9
37,2019,52.5,41.6,54.3,70.0
37,2020,53.2,48.2,54.7,60.3
37,2021,56.6,53.5,60.2,57.7
37,2022,60.7,66.8,50.4,61.9
37,2023,61.2,65.9,49.4,66.7
37,2024,61.5,58.7,66.9,60.2
37,2025,59.1,53.3,68.7,58.2
38,2012,49.4,46.6,46.2,58.0
38,2013,55.2,52.3,46.7,69.5
39,2012,47.1,36.3,48.7,67.0
39,2013,50.9,39.3,51.1,73.8
39,2014,49.8,35.8,50.0,77.8
39,2015,45.4,27.7,42.0,84.1
39,2016,50.7,35.1,45.5,87.1
39,2017,52.9,33.9,59.1,84.6
39,2018,58.2,41.7,64.4,85.1
39,2019,60.3,51.1,59.3,79.7
39,2020,66.1,55.8,56.5,96.3
39,2021,64.5,51.7,69.0,85.6
39,2022,59.6,47.0,64.6,79.7
39,2023,62.7,52.3,67.2,79.0
39,2024,60.5,50.0,65.5,76.4
39,2025,60.6,49.2,70.0,74.2
40,2012,48.5,41.0,46.1,65.8
40,2013,43.8,31.4,50.6,61.8
40,2014,43.3,30.0,57.2,56.1
40,2015,42.5,28.2,57.5,56.0
40,2016,45.7,40.3,47.3,54.9
40,2017,50.7,47.2,53.7,54.8
40,2018,55.0,55.9,48.9,59.1
40,2019,52.6,48.5,51.0,62.3
40,2020,54.2,51.9,47.2,65.8
40,2021,59.0,56.5,56.8,66.1
40,2022,50.1,48.1,47.9,56.2
40,2023,49.0,47.6,43.8,56.9
40,2024,51.8,41.8,48.4,75.4
40,2025,46.9,34.7,45.2,73.1
41,2012,36.6,38.7,31.1,38.1
41,2013,39.4,32.5,40.7,51.9
41,2014,40.1,34.0,47.1,45.4
41,2015,56.4,57.3,59.8,51.3
42,2012,50.4,27.7,63.5,75.6
42,2013,54.8,32.3,69.5,77.6
42,2014,50.5,24.7,72.6,70.5
42,2015,40.5,20.6,59.0,54.2
42,2016,46.2,34.8,56.2,54.9
42,2017,49.2,31.0,59.4,69.7
42,2018,48.8,29.6,55.6,75.0
42,2019,53.8,34.3,64.1,76.5
42,2020,54.8,42.4,61.6,69.0
42,2021,54.0,38.4,60.2,74.5
42,2022,63.8,46.1,71.2,86.8
42,2023,59.4,36.4,71.8,85.8
42,2024,57.1,33.8,64.7,89.9
42,2025,61.0,36.6,66.4,98.6
43,2012,39.9,43.5,49.6,22.9
43,2013,39.2,45.1,52.5,14.1
43,2014,43.2,54.2,44.0,20.4
43,2015,48.4,53.2,54.0,33.1
43,2016,53.4,57.9,55.4,42.4
43,2017,47.6,49.5,53.2,38.2
43,2018,46.5,50.5,47.7,37.3
44,2012,81.6,63.4,85.2,94.9
44,2013,85.2,70.1,88.5,96.0
44,2014,85.5,73.3,85.4,97.9
44,2015,83.0,71.0,83.2,94.7
44,2016,83.0,72.8,82.1,94.5
44,2017,83.8,79.6,84.3,87.5
44,2018,87.6,77.8,90.1,94.0
44,2019,85.0,88.5,79.3,89.2
44,2020,81.0,78.9,82.4,81.3
44,2021,74.3,74.2,75.2,73.1
44,2022,78.7,80.3,75.6,81.1
44,2023,81.4,86.3,79.2,79.4
44,2024,80.8,75.0,88.6,76.2
44,2025,85.4,81.3,90.9,82.0
45,2012,41.5,35.9,29.0,74.3
45,2013,48.0,31.0,54.8,80.2
45,2014,42.5,22.3,51.0,80.2
45,2015,41.6,27.7,42.7,74.5
45,2016,45.6,38.0,36.8,77.6
45,2017,41.9,35.3,28.9,78.0
45,2018,39.4,37.0,30.7,58.2
45,2019,50.4,47.7,45.5,64.5
45,2020,51.0,47.5,43.3,71.4
45,2021,43.5,34.0,39.7,72.8
45,2022,35.8,25.1,40.2,55.8
45,2023,32.1,23.8,29.4,56.8
45,2024,34.7,36.3,24.9,45.4
45,2025,41.1,36.3,39.6,55.3
46,2012,50.1,53.4,53.0,40.8
46,2013,53.7,50.2,56.6,52.7
47,2012,59.1,73.1,34.5,63.5
47,2013,57.0,70.7,33.3,60.9
47,2014,55.0,72.6,29.0,54.7
47,2015,52.9,66.3,27.3,59.6
48,2012,57.6,100.0,52.8,29.4
48,2013,54.4,92.2,50.9,28.2
48,2014,46.8,78.4,46.0,21.5
48,2015,42.7,81.9,46.9,3.8
48,2016,48.3,74.3,57.6,12.7
48,2017,49.2,77.5,58.6,11.6
48,2018,50.4,87.9,52.1,16.5
48,2019,53.6,87.0,53.1,26.5
48,2020,59.6,84.9,64.6,30.9
48,2021,62.8,93.9,68.2,28.7
48,2022,73.1,97.2,74.3,51.2
48,2023,74.8,100.0,75.2,53.1
48,2024,69.0,93.9,64.0,55.9
48,2025,66.7,84.1,64.4,55.7
49,2012,74.5,66.1,79.8,73.4
49,2013,76.0,63.9,82.8,75.9
49,2014,71.3,70.1,76.7,64.3
49,2015,75.1,69.1,75.3,79.7
49,2016,75.5,73.7,74.5,78.5
49,2017,73.3,75.0,71.0,75.4
49,2018,75.7,75.9,70.8,82.8
49,2019,74.4,81.8,69.9,74.9
49,2020,77.8,88.8,78.9,67.1
49,2021,77.4,80.4,80.0,70.9
49,2022,79.2,85.0,81.3,71.3
49,2023,78.6,79.3,82.7,71.8
49,2024,75.7,73.4,81.4,69.1
49,2025,76.2,80.3,78.9,68.8
50,2012,55.0,64.7,23.0,67.7
50,2013,54.1,62.9,20.2,70.3
50,2014,56.7,67.1,23.2,69.6
50,2015,56.6,69.7,18.5,68.5
50,2016,51.6,70.7,1.5,63.3
50,2017,56.3,72.3,5.4,75.2
50,2018,58.5,70.7,12.5,80.2
50,2019,62.0,72.4,21.1,82.2
50,2020,59.1,68.0,22.8,77.7
50,2021,50.8,60.7,10.5,71.3
50,2022,50.5,61.4,8.0,71.2
50,2023,50.0,57.7,17.6,67.1
50,2024,59.7,68.1,29.6,72.9
50,2025,60.5,79.4,23.1,60.0
51,2012,52.3,58.7,37.6,58.5
51,2013,56.6,60.6,52.0,57.7
51,2014,49.7,54.7,32.8,57.8
51,2015,49.8,55.0,30.8,59.1
51,2016,55.9,58.3,40.6,64.1
51,2017,53.1,50.3,42.4,60.7
51,2018,48.0,38.6,32.5,61.1
51,2019,46.0,51.9,32.0,52.0
51,2020,59.6,55.1,42.9,71.4
52,2012,44.9,47.9,51.5,33.2
52,2013,49.0,51.6,59.4,32.4
52,2014,43.5,46.1,49.6,32.9
52,2015,40.4,47.6,50.5,19.6
52,2016,47.4,50.4,59.2,28.8
52,2017,44.2,45.6,53.5,30.5
52,2018,45.8,40.4,52.9,41.9
52,2019,44.5,43.7,57.6,27.9
52,2020,42.6,43.2,53.3,27.7
52,2021,47.2,47.6,58.4,31.9
52,2022,44.0,44.6,57.5,25.5
52,2023,40.8,42.7,50.6,25.8
52,2024,40.7,40.3,51.0,27.2
52,2025,46.1,39.6,63.4,29.4
53,2012,50.3,54.4,45.2,47.1
53,2013,44.6,42.9,52.9,39.5
53,2014,43.1,34.3,59.0,44.8
53,2015,38.6,26.7,56.3,44.5
53,2016,41.9,35.3,54.2,42.7
54,2012,37.4,34.6,29.6,43.2
54,2013,34.6,28.5,38.6,34.6
54,2014,32.1,21.6,36.3,33.8
54,2015,40.2,30.4,40.5,43.9
54,2016,38.3,30.0,39.0,41.3
54,2017,36.4,26.2,28.8,45.1
54,2018,41.1,44.3,34.3,43.9
54,2019,47.5,46.9,41.9,51.1
54,2020,45.8,46.2,34.1,52.7
54,2021,46.5,46.0,39.7,50.7
54,2022,50.9,47.4,38.5,59.8
54,2023,52.6,52.0,49.7,54.6
54,2024,51.2,51.3,44.5,55.1
54,2025,54.2,45.7,41.6,65.1
55,2012,32.4,20.3,31.8,63.7
55,2013,35.7,15.2,39.9,80.7
55,2014,37.4,22.3,36.4,76.7
55,2015,35.7,23.5,32.6,70.8
55,2016,37.7,28.9,32.7,67.0
55,2017,39.2,34.1,33.4,60.7
55,2018,40.4,31.9,35.8,68.8
55,2019,40.1,35.1,34.1,61.8
55,2020,41.2,35.9,35.4,63.0
55,2021,43.8,31.9,45.6,70.6
55,2022,47.6,36.3,47.6,75.9
55,2023,49.2,37.1,47.5,82.1
55,2024,46.4,34.9,41.8,81.9
55,2025,43.8,29.7,44.0,78.9
56,2012,58.7,60.1,69.9,37.0
56,2013,62.8,61.5,75.5,41.7
56,2014,64.7,64.6,76.8,43.1
56,2015,62.5,69.7,76.0,29.6
56,2016,66.4,76.8,77.5,33.8
56,2017,64.2,68.6,79.2,32.0
56,2018,66.0,72.2,74.1,44.1
56,2019,60.9,72.8,68.1,33.8
56,2020,55.5,70.2,60.1,29.7
56,2021,66.2,74.1,79.0,33.6
56,2022,63.0,73.4,71.3,35.6
56,2023,63.1,74.0,70.6,36.7
56,2024,61.5,63.4,75.3,34.5
56,2025,62.2,73.1,74.0,27.9
57,2012,43.2,49.0,51.4,35.9
57,2013,46.0,52.6,55.4,37.8
57,2014,47.5,48.6,55.3,42.3
57,2015,48.1,48.6,50.5,46.5
57,2016,53.0,54.2,51.1,53.7
57,2017,52.0,48.9,45.0,57.4
57,2018,53.8,56.6,48.0,56.2
57,2019,54.5,49.9,41.7,64.0
57,2020,59.9,54.1,61.9,61.0
57,2021,53.8,47.4,54.1,56.2
57,2022,53.6,52.8,47.8,57.3
57,2023,51.1,52.4,47.2,52.9
57,2024,55.6,55.1,49.9,59.2
57,2025,52.0,59.4,50.9,49.7
58,2012,69.9,82.3,64.2,65.3
58,2013,72.9,77.1,77.4,59.8
58,2014,74.4,79.4,74.5,68.4
58,2015,80.0,85.6,81.1,71.5
58,2016,84.9,84.0,89.3,78.2
58,2017,82.8,94.0,83.7,67.6
58,2018,79.9,88.7,82.4,64.7
58,2019,73.9,95.6,66.9,60.3
58,2020,81.0,95.4,76.9,71.2
58,2021,77.4,85.5,74.8,72.5
58,2022,76.4,98.7,66.2,67.9
58,2023,76.1,97.2,64.2,72.1
58,2024,70.4,82.7,58.6,76.8
58,2025,73.7,95.6,57.8,76.2
59,2012,59.5,49.9,60.0,78.3
59,2013,52.6,47.3,48.6,67.4
59,2014,58.3,57.4,42.1,76.2
59,2015,57.4,61.3,46.4,60.8
59,2016,53.6,50.8,53.0,59.7
59,2017,59.3,53.6,52.3,77.8
59,2018,59.1,56.4,54.7,68.9
59,2019,61.6,58.7,55.2,73.6
59,2020,57.8,55.9,50.7,68.8
59,2021,59.7,64.7,49.6,59.7
60,2012,43.8,43.5,42.5,46.4
60,2013,42.6,38.7,38.0,55.7
60,2014,32.4,27.4,30.9,40.9
60,2015,33.1,23.2,37.0,38.1
61,2012,42.1,33.2,37.2,62.3
61,2013,34.1,28.8,19.1,65.4
61,2014,47.4,46.6,36.7,65.6
61,2015,49.1,46.4,30.0,83.4
61,2016,31.1,29.6,16.2,57.0
61,2017,27.2,18.5,11.9,63.8
61,2018,27.7,17.0,19.1,56.5
61,2019,28.8,18.6,25.1,49.1
61,2020,40.3,20.9,40.8,66.8
61,2021,42.1,26.7,40.3,66.4
61,2022,41.3,31.3,35.9,63.8
61,2023,44.4,30.2,45.7,62.0
62,2012,50.4,73.4,50.4,18.1
62,2013,46.6,77.5,40.9,12.6
62,2014,45.0,62.0,50.3,12.6
62,2015,49.1,69.4,54.0,13.0
62,2016,48.3,65.1,55.7,13.1
62,2017,46.8,61.0,59.1,7.4
62,2018,50.4,68.4,59.1,11.3
62,2019,50.0,67.0,52.0,23.1
62,2020,48.9,69.4,52.3,14.9
62,2021,51.2,68.0,57.8,17.3
63,2012,48.1,51.4,32.9,56.6
63,2013,51.6,49.2,38.5,69.6
63,2014,46.9,40.2,39.9,67.4
63,2015,51.0,41.3,39.9,81.7
63,2016,48.1,40.2,38.6,73.4
63,2017,55.3,50.2,43.3,77.5
63,2018,61.7,60.7,42.9,82.6
63,2019,63.0,64.3,45.9,77.5
63,2020,59.8,58.0,38.8,84.4
63,2021,57.6,57.6,40.6,74.6
63,2022,51.2,55.6,32.5,61.1
64,2012,43.8,23.5,43.4,52.2
64,2013,34.0,14.6,35.0,41.1
64,2014,42.7,22.4,34.0,56.1
64,2015,49.0,25.6,39.3,64.2
64,2016,51.0,38.7,39.1,63.1
64,2017,42.4,36.0,26.9,54.2
64,2018,49.2,35.6,30.0,66.2
64,2019,43.9,30.9,23.7,61.2
64,2020,38.0,18.5,25.5,53.2
64,2021,47.5,20.8,28.5,69.6
64,2022,54.2,21.1,35.3,78.8
64,2023,55.0,20.4,45.9,74.4
64,2024,53.3,27.4,39.7,71.9
64,2025,52.0,32.0,39.0,67.7
65,2012,68.8,62.1,74.5,66.6
65,2013,71.8,66.9,80.4,62.1
65,2014,62.9,59.6,72.0,50.5
65,2015,61.8,69.5,63.8,49.1
65,2016,61.9,58.7,69.6,51.8
65,2017,62.0,54.0,77.4,43.8
65,2018,60.3,58.3,65.5,53.2
65,2019,58.9,56.3,64.1,52.6
65,2020,59.9,59.0,64.5,52.7
65,2021,59.9,55.5,62.4,60.5
65,2022,60.7,45.1,71.1,60.8
65,2023,61.8,51.5,73.0,54.1
65,2024,59.9,44.9,74.2,52.1
65,2025,60.3,52.6,69.9,52.2
66,2012,42.9,44.6,25.9,60.1
66,2013,44.2,50.7,37.7,40.5
66,2014,50.3,54.0,49.8,44.1
66,2015,51.9,56.1,51.7,44.7
66,2016,46.4,49.2,45.0,43.0
66,2017,45.7,43.9,49.5,44.2
66,2018,53.3,53.4,51.6,55.2
66,2019,49.2,50.2,41.9,56.0
66,2020,59.7,63.4,45.6,70.0
66,2021,56.8,59.4,45.0,66.3
66,2022,52.1,57.0,35.6,63.2
66,2023,55.9,64.3,37.6,62.9
66,2024,57.8,66.6,33.5,71.0
66,2025,50.8,51.2,27.7,77.9
67,2012,51.2,29.4,56.2,57.0
67,2013,42.1,18.3,52.7,45.3
67,2014,49.4,18.2,58.9,56.2
67,2015,53.8,20.8,65.1,60.3
67,2016,53.1,25.8,55.5,62.5
67,2017,54.7,30.6,52.0,66.0
67,2018,60.5,33.1,59.3,72.1
67,2019,62.8,43.8,68.1,67.2
67,2020,62.2,50.3,71.7,61.3
67,2021,56.0,48.2,59.6,57.0
67,2022,59.7,50.3,61.7,62.3
67,2023,59.6,44.7,54.9,68.4
67,2024,62.1,54.3,67.9,61.8
67,2025,54.7,39.3,63.5,55.5
68,2012,50.3,62.8,25.7,76.7
68,2013,54.2,58.5,32.9,82.7
68,2014,53.5,67.2,20.0,92.4
68,2015,56.5,69.0,29.0,87.4
68,2016,58.5,69.0,40.0,77.4
68,2017,59.4,69.2,41.7,77.9
68,2018,61.3,73.5,41.1,81.4
68,2019,59.1,73.5,32.4,87.2
68,2020,60.3,75.1,37.8,81.7
68,2021,60.8,83.8,33.6,82.6
68,2022,60.8,81.8,30.5,88.6
68,2023,55.6,75.1,29.2,78.9
68,2024,59.1,70.0,42.5,75.0
68,2025,58.3,70.4,39.0,77.3
69,2012,38.0,29.6,50.2,40.7
69,2013,40.1,29.0,57.0,42.7
69,2014,41.3,37.8,55.4,29.0
69,2015,43.0,38.8,50.7,41.9
69,2016,48.2,47.5,52.5,43.7
69,2017,48.4,49.0,44.7,52.6
69,2018,41.1,37.9,42.7,46.7
69,2019,43.5,44.7,37.5,49.5
69,2020,61.6,66.8,53.9,60.3
69,2021,64.1,67.3,54.3,71.0
69,2022,65.0,66.4,58.9,70.8
69,2023,61.1,65.9,53.1,61.1
69,2024,42.2,43.8,30.0,56.4
69,2025,50.4,54.8,43.5,49.9
70,2012,62.5,60.2,72.4,54.9
70,2013,65.5,62.7,79.5,53.6
70,2014,64.2,57.6,88.8,46.4
70,2015,65.3,57.7,90.8,48.5
70,2016,66.1,57.0,93.5,49.7
70,2017,71.1,64.9,96.6,51.5
70,2018,68.5,71.0,72.4,59.3
70,2019,71.9,82.7,70.4,54.4
70,2020,80.4,86.7,82.4,66.5
70,2021,77.9,72.4,89.7,73.7
70,2022,75.4,69.4,85.9,73.7
70,2023,77.7,69.9,92.2,74.2
70,2024,70.9,68.6,83.6,59.9
70,2025,75.2,80.6,87.3,51.1
71,2012,47.6,48.0,24.4,81.9
71,2013,47.2,49.8,23.0,81.5
71,2014,38.9,63.8,3.7,70.8
71,2015,39.0,50.8,15.4,64.6
71,2016,43.3,63.0,16.8,66.6
71,2017,47.1,53.4,23.6,77.0
71,2018,54.5,63.8,27.1,88.0
71,2019,52.4,53.4,29.9,85.4
71,2020,59.2,57.1,37.6,93.4
71,2021,53.4,61.1,24.7,89.9
71,2022,56.0,62.7,23.3,99.4
71,2023,57.1,63.5,25.0,100.0
71,2024,55.9,70.0,20.6,97.0
71,2025,64.3,73.4,35.5,100.0
72,2012,66.3,50.2,67.8,71.8
72,2013,70.2,55.5,66.5,78.3
72,2014,63.5,52.2,56.3,72.4
73,2012,35.8,38.7,28.1,43.2
73,2013,39.3,37.8,29.1,54.4
73,2014,38.9,29.6,33.2,55.8
73,2015,34.6,27.3,25.2,54.3
73,2016,33.3,25.8,17.5,62.0
73,2017,31.6,30.2,18.3,50.7
73,2018,43.8,51.4,30.4,54.0
73,2019,36.2,39.9,20.0,54.1
73,2020,37.7,44.5,16.9,58.5
73,2021,39.5,54.3,27.4,40.9
73,2022,43.0,55.8,34.1,42.2
73,2023,44.1,50.1,33.6,52.0
73,2024,36.9,44.7,29.1,39.5
73,2025,41.9,47.1,38.4,41.4
74,2012,66.8,74.3,63.6,53.1
74,2013,69.1,73.1,67.8,61.1
74,2014,64.6,64.2,65.2,64.9
74,2015,60.6,62.1,64.2,51.6
74,2016,68.9,70.3,77.1,53.1
74,2017,64.8,68.3,66.1,53.9
74,2018,59.3,53.0,65.7,65.6
74,2019,58.1,54.6,58.8,65.7
74,2020,58.7,55.7,57.0,68.9
74,2021,64.4,61.5,60.9,76.8
74,2022,62.4,58.6,63.3,70.8
74,2023,61.0,61.9,56.4,65.6
74,2024,59.3,56.8,56.5,69.9
74,2025,63.3,70.0,54.1,60.5
75,2012,61.3,67.9,61.9,54.0
75,2013,61.3,57.6,66.9,57.5
75,2014,69.7,67.0,82.4,55.4
75,2015,75.9,74.6,95.1,51.5
75,2016,70.0,65.5,85.7,53.7
75,2017,70.6,67.5,80.7,60.1
75,2018,74.2,72.5,81.6,66.1
75,2019,71.2,67.1,88.5,52.2
75,2020,69.7,66.4,85.4,52.2
75,2021,69.3,61.4,81.8,60.6
75,2022,65.4,55.7,82.3,52.4
75,2023,69.7,61.8,86.6,55.1
75,2024,70.3,64.9,84.5,56.9
75,2025,70.3,71.1,74.2,64.4
76,2012,42.0,29.2,64.2,40.9
76,2013,48.9,36.4,80.3,32.9
76,2014,47.5,35.7,72.1,40.3
76,2015,43.0,31.7,60.9,44.2
76,2016,39.5,25.9,64.4,36.2
76,2017,45.4,38.1,65.1,34.3
76,2018,47.7,45.2,62.0,32.6
76,2019,45.4,46.5,59.1,22.3
76,2020,46.4,49.8,61.8,14.9
76,2021,46.9,49.2,62.3,18.2
76,2022,46.5,40.9,69.7,25.8
76,2023,44.0,44.9,61.8,14.9
76,2024,36.1,31.9,55.7,17.0
76,2025,50.8,47.5,62.9,40.7
77,2012,34.8,14.5,62.8,43.4
77,2013,33.9,15.5,67.2,29.8
77,2014,31.2,9.9,67.1,30.7
77,2015,33.8,6.5,74.3,41.3
77,2016,36.8,12.6,77.6,35.9
78,2012,50.0,37.4,53.3,72.0
78,2013,49.6,38.1,45.8,76.3
78,2014,49.1,43.1,39.9,70.3
78,2015,51.9,46.8,48.1,65.8
79,2012,39.4,49.6,21.3,53.3
79,2013,42.6,55.3,29.6,47.1
79,2014,46.6,63.2,33.2,47.9
79,2015,38.7,55.8,17.3,50.1
79,2016,44.6,62.3,27.4,49.7
79,2017,44.7,59.2,26.9,53.8
79,2018,50.4,66.3,30.5,61.1
79,2019,51.8,66.5,36.1,58.1
79,2020,50.7,71.9,31.0,55.8
79,2021,48.4,60.6,34.0,55.5
79,2022,50.3,70.8,28.5,58.9
79,2023,47.1,66.1,21.2,62.5
79,2024,45.0,62.3,20.0,61.1
79,2025,47.7,67.6,21.1,63.3
80,2012,46.9,48.4,45.4,47.8
80,2013,46.3,46.7,41.2,55.0
80,2014,60.3,64.3,52.7,69.3
80,2015,50.6,49.2,49.7,54.1
80,2016,46.2,44.5,43.5,53.0
80,2017,41.9,44.5,35.2,50.8
80,2018,46.3,51.2,40.3,51.1
80,2019,39.1,43.8,35.3,40.2
80,2020,47.8,53.4,48.2,40.2
80,2021,49.9,60.7,43.1,49.3
80,2022,45.5,58.9,39.1,40.9
80,2023,47.5,65.1,41.7,36.7
80,2024,43.8,49.0,39.3,45.8
80,2025,44.8,45.3,43.1,47.1
81,2012,49.6,47.6,49.8,51.3
81,2013,40.2,34.1,43.6,41.6
81,2014,39.5,38.8,39.0,41.0
81,2015,40.5,28.8,46.2,44.7
81,2016,39.8,34.2,50.4,31.3
81,2017,39.6,36.6,48.1,31.3
81,2018,46.1,36.3,52.0,48.1
81,2019,45.0,42.3,48.5,43.0
81,2020,45.1,40.3,47.5,46.7
81,2021,50.2,48.4,47.1,56.0
81,2022,55.3,48.0,52.8,65.9
81,2023,57.0,52.6,56.4,62.3
81,2024,56.1,54.0,63.2,48.7
81,2025,56.6,55.1,65.5,46.4
82,2012,32.4,38.4,40.0,15.9
82,2013,33.1,40.0,41.7,14.3
82,2014,35.1,39.1,42.4,20.9
82,2015,33.9,33.4,43.0,20.7
82,2016,35.8,37.5,45.5,19.8
82,2017,32.5,35.4,37.3,22.8
82,2018,26.2,38.2,31.1,8.8
82,2019,26.7,33.6,36.9,5.6
82,2020,36.3,40.3,52.4,8.9
82,2021,30.9,38.3,45.6,2.6
82,2022,39.2,43.4,50.8,18.2
82,2023,43.5,41.3,58.7,22.6
82,2024,37.6,47.5,45.2,17.8
82,2025,37.2,46.5,46.2,16.0
83,2012,66.0,65.4,51.3,75.1
83,2013,72.0,74.9,52.7,82.4
83,2014,67.0,67.5,43.0,81.2
83,2015,71.1,62.4,55.2,84.1
83,2016,66.4,59.5,56.8,74.9
83,2017,51.6,42.6,36.7,64.1
83,2018,45.9,45.5,25.1,58.5
83,2019,52.6,39.8,28.5,72.1
83,2020,66.6,52.2,45.0,85.3
84,2012,57.7,21.0,78.3,64.8
84,2013,58.1,28.1,72.7,67.9
84,2014,65.6,39.3,79.8,71.7
84,2015,63.8,44.8,75.0,66.3
84,2016,67.9,42.4,87.8,62.8
84,2017,63.8,47.9,73.6,65.4
84,2018,58.1,50.2,64.3,56.6
84,2019,58.0,55.5,64.2,49.7
84,2020,61.8,55.2,71.7,51.8
84,2021,67.9,54.8,80.6,60.7
84,2022,65.4,48.1,75.5,67.8
84,2023,66.7,50.3,73.8,73.6
84,2024,71.8,53.4,81.8,76.0
84,2025,72.9,53.0,89.5,66.9
85,2012,49.7,48.7,31.5,61.1
85,2013,43.7,50.6,22.5,53.7
85,2014,41.2,36.8,32.8,48.1
85,2015,44.6,41.6,36.1,50.8
85,2016,44.2,52.3,30.5,49.1
85,2017,46.9,52.8,26.2,56.9
85,2018,52.0,54.5,32.9,62.5
85,2019,59.3,47.9,47.3,71.0
85,2020,54.4,46.9,41.3,65.3
85,2021,55.5,44.5,42.6,67.7
85,2022,54.0,48.2,46.2,60.9
85,2023,59.4,51.2,52.0,67.1
85,2024,65.5,63.6,51.2,74.9
85,2025,69.6,64.1,58.5,78.5
86,2012,49.7,41.8,25.2,67.5
86,2013,55.2,54.0,30.4,70.5
86,2014,52.5,58.5,30.4,63.4
86,2015,48.2,49.1,29.5,59.1
86,2016,58.0,55.4,45.1,66.7
86,2017,61.7,59.7,50.4,69.2
86,2018,65.2,62.7,48.7,76.0
86,2019,69.4,56.6,47.9,87.5
86,2020,70.1,61.1,42.3,90.3
86,2021,66.8,54.9,43.2,85.8
86,2022,64.9,52.1,41.8,83.8
86,2023,63.0,52.0,43.0,79.3
86,2024,53.7,52.7,25.2,71.2
86,2025,63.3,54.5,33.4,84.8
87,2012,41.6,21.6,67.1,46.8
87,2013,47.2,27.9,75.3,48.3
87,2014,49.1,29.7,75.0,53.1
87,2015,49.5,24.0,80.7,57.9
87,2016,46.9,20.7,84.9,48.6
87,2017,47.1,20.1,87.2,47.7
87,2018,47.8,21.3,82.7,53.8
87,2019,51.7,24.7,86.2,58.8
87,2020,51.3,27.9,77.5,62.0
87,2021,58.6,36.8,87.6,63.0
87,2022,58.5,40.5,82.3,62.4
87,2023,54.6,43.4,69.0,57.6
87,2024,60.3,48.3,72.9,66.6
87,2025,59.3,44.1,71.3,72.4
88,2012,55.9,86.4,64.8,17.0
88,2013,55.6,81.9,60.8,25.9
89,2012,55.1,66.2,33.9,59.1
89,2013,54.9,69.2,34.2,50.3
89,2014,51.7,61.5,39.2,46.0
89,2015,55.7,68.3,37.3,51.7
89,2016,54.2,66.4,32.8,55.8
89,2017,53.1,60.1,42.6,51.5
89,2018,53.0,59.5,43.8,50.8
89,2019,53.2,66.1,37.6,44.6
89,2020,57.1,73.1,31.7,55.2
89,2021,52.1,63.8,32.6,52.3
89,2022,53.6,71.6,22.3,55.3
89,2023,63.6,86.6,28.7,58.4
89,2024,61.6,84.2,21.6,65.1
89,2025,66.9,91.2,28.6,63.4
90,2012,58.6,56.7,59.3,61.6
90,2013,64.9,68.1,51.6,71.7
90,2014,60.1,56.7,54.2,72.7
90,2015,60.0,55.0,60.2,69.8
90,2016,65.6,60.8,72.1,68.7
90,2017,69.8,70.5,73.7,64.7
90,2018,67.4,69.1,64.7,66.8
90,2019,62.1,64.6,53.6,65.8
90,2020,70.0,70.2,63.5,75.9
90,2021,68.2,72.1,66.2,62.6
90,2022,71.0,78.0,63.2,64.8
90,2023,68.4,72.5,63.0,65.8
90,2024,69.6,68.7,68.2,72.8
90,2025,67.6,68.8,64.0,68.6
91,2012,38.8,36.7,29.6,56.5
91,2013,40.5,35.4,35.3,55.9
91,2014,44.6,36.5,44.6,56.0
91,2015,49.4,39.3,49.2,63.7
91,2016,50.0,27.9,53.1,75.9
91,2017,42.6,21.4,53.5,54.7
91,2018,41.7,19.8,53.6,53.4
91,2019,49.8,32.6,58.6,59.9
91,2020,59.5,49.5,63.6,66.9
92,2012,43.6,22.0,9.7,72.5
92,2013,50.5,24.9,15.3,81.9
92,2014,48.0,11.7,12.4,83.9
92,2015,48.4,13.4,17.1,81.1
92,2016,54.3,17.3,27.9,84.9
92,2017,56.3,17.4,30.4,87.4
93,2012,53.6,23.4,61.3,75.8
93,2013,61.0,37.8,64.2,83.2
93,2014,59.8,34.6,60.2,89.2
93,2015,56.8,36.9,57.0,80.2
93,2016,57.5,42.0,63.9,64.6
93,2017,67.1,50.6,76.8,69.5
93,2018,66.8,52.0,78.1,64.3
93,2019,62.6,44.6,68.4,73.6
93,2020,60.1,42.5,67.6,67.8
93,2021,58.7,34.3,69.0,69.6
93,2022,62.2,37.1,75.1,69.2
93,2023,73.7,49.3,92.4,69.2
93,2024,68.4,46.7,84.6,65.4
93,2025,65.1,39.8,90.1,50.5
94,2012,39.0,12.6,58.9,31.3
94,2013,45.6,14.4,62.7,46.1
94,2014,46.2,11.6,68.2,42.2
94,2015,41.5,10.8,64.0,33.4
94,2016,40.3,10.6,63.3,30.7
94,2017,42.6,19.7,62.2,32.4
94,2018,39.7,11.6,64.0,26.6
94,2019,42.9,2.7,67.3,39.8
94,2020,45.6,2.9,70.7,43.4
94,2021,46.5,14.8,69.1,38.9
94,2022,38.8,15.7,56.6,31.3
94,2023,42.7,25.6,63.0,26.6
94,2024,51.3,30.0,74.9,33.5
94,2025,45.7,25.0,64.4,34.9
95,2012,70.6,72.0,65.7,76.6
95,2013,67.1,67.2,65.3,69.8
95,2014,68.4,69.0,64.6,73.7
95,2015,67.8,70.4,62.5,72.8
95,2016,62.6,63.0,57.5,70.2
96,2012,62.0,39.3,78.2,56.5
96,2013,65.2,40.6,76.9,68.0
96,2014,72.5,44.7,92.0,66.4
96,2015,71.7,42.8,88.4,70.8
96,2016,72.5,39.4,90.8,72.6
96,2017,69.3,39.1,85.6,70.0
96,2018,70.7,41.8,80.6,80.0
96,2019,73.6,42.9,82.1,86.3
96,2020,68.4,36.8,81.5,75.2
96,2021,67.6,34.2,87.8,65.3
96,2022,68.4,43.0,86.0,63.2
96,2023,69.4,42.5,81.1,74.3
96,2024,72.0,51.0,81.5,75.2
96,2025,70.4,53.1,82.4,66.9
97,2012,59.5,52.4,65.6,59.7
97,2013,58.4,50.6,63.3,61.5
97,2014,53.3,42.8,57.8,60.9
97,2015,48.9,36.1,50.7,64.1
97,2016,38.9,32.0,35.5,54.0
97,2017,38.2,31.7,38.0,47.5
97,2018,40.9,38.5,36.8,50.9
97,2019,34.3,42.2,26.3,36.0
97,2020,53.0,61.3,44.9,54.5
97,2021,45.9,52.7,41.5,43.5
97,2022,50.5,56.4,45.2,50.9
97,2023,53.1,51.1,51.0,59.1
97,2024,50.4,43.3,55.5,52.2
97,2025,49.9,43.7,61.3,40.4
98,2012,58.2,49.7,55.1,78.4
98,2013,60.0,48.7,59.3,83.1
98,2014,59.7,41.4,65.6,90.5
98,2015,65.5,53.2,69.5,86.2
98,2016,62.5,52.1,65.2,80.7
98,2017,64.4,58.5,69.3,71.1
98,2018,64.8,56.4,60.6,85.7
98,2019,64.4,57.3,61.1,81.9
98,2020,64.4,52.8,63.9,88.3
98,2021,67.6,63.4,65.9,77.8
98,2022,68.0,63.5,65.7,79.4
98,2023,66.2,59.3,66.7,79.3
98,2024,66.6,61.1,68.9,75.5
98,2025,62.2,53.3,60.8,81.4
99,2012,50.6,49.5,53.5,49.1
99,2013,52.0,52.0,61.6,40.3
99,2014,54.5,50.7,71.6,41.0
99,2015,57.2,54.8,73.6,41.8
99,2016,56.8,50.5,84.5,34.9
99,2017,55.0,52.9,77.2,32.1
99,2018,52.8,56.2,73.0,22.5
99,2019,51.8,55.2,78.2,13.8
99,2020,53.8,57.7,71.0,26.0
99,2021,51.9,53.8,70.1,26.8
99,2022,53.0,55.9,73.3,23.6
99,2023,56.8,57.3,74.1,35.1
99,2024,54.1,50.2,74.0,37.3
99,2025,57.2,57.2,83.8,25.2
100,2012,42.2,44.7,53.4,34.4
100,2013,45.1,43.5,52.4,41.3
100,2014,49.7,41.5,57.3,48.4
100,2015,51.7,47.2,62.0,47.3
101,2012,59.6,78.6,22.5,58.7
101,2013,65.9,85.6,29.5,62.8
101,2014,62.7,76.3,36.0,62.2
101,2015,64.8,79.8,32.3,67.3
101,2016,61.0,68.8,37.0,69.2
101,2017,61.0,71.0,32.1,70.1
101,2018,56.7,63.2,35.7,64.8
101,2019,65.2,79.6,41.2,60.3
101,2020,64.0,77.3,42.1,59.4
101,2021,62.2,77.3,40.4,54.0
101,2022,63.1,72.9,46.6,60.0
101,2023,64.1,69.8,57.8,59.2
101,2024,67.2,75.8,51.2,66.1
101,2025,72.4,89.1,40.9,70.3
102,2012,44.6,44.3,48.3,38.5
102,2013,45.1,46.2,54.4,27.2
102,2014,51.6,48.3,58.6,43.0
102,2015,51.5,37.1,64.8,44.9
102,2016,48.7,38.8,64.0,33.2
102,2017,44.4,29.5,63.7,27.5
102,2018,61.3,49.8,71.4,57.1
102,2019,59.6,45.2,69.9,58.5
102,2020,60.7,50.9,64.6,65.6
102,2021,59.9,50.9,69.8,52.8
102,2022,59.1,61.1,66.1,44.0
102,2023,68.4,68.8,82.2,43.0
102,2024,56.8,58.0,71.2,29.3
102,2025,58.0,43.6,73.6,47.0
103,2012,58.7,80.5,73.5,41.1
103,2013,50.4,76.0,67.8,29.8
103,2014,56.8,68.9,75.9,40.6
103,2015,55.6,66.1,75.7,39.3
103,2016,51.4,68.2,71.1,32.9
103,2017,59.0,80.0,81.7,37.0
103,2018,53.1,73.3,78.9,29.5
103,2019,60.4,82.7,80.7,39.3
103,2020,62.5,82.3,79.9,44.1
103,2021,67.4,88.4,83.4,49.5
103,2022,73.2,80.7,86.5,62.2
103,2023,70.5,75.5,85.1,59.8
103,2024,69.2,78.4,88.2,54.1
103,2025,73.0,79.0,94.5,57.6
104,2012,44.4,12.2,55.9,54.1
104,2013,56.2,15.7,64.7,77.3
104,2014,51.6,9.3,64.2,67.9
104,2015,56.2,14.8,68.1,72.9
104,2016,58.8,18.7,75.6,66.9
104,2017,56.4,22.5,69.9,64.5
104,2018,56.3,19.4,69.6,67.2
104,2019,54.5,21.6,67.8,61.9
104,2020,55.2,17.8,65.3,71.3
104,2021,61.8,24.0,73.7,75.3
104,2022,62.1,21.3,74.2,78.1
104,2023,59.4,22.1,74.5,67.7
104,2024,57.8,23.5,67.2,72.3
104,2025,57.6,18.0,73.7,66.6
105,2012,39.7,39.0,37.0,45.4
105,2013,47.2,51.0,41.4,52.9
105,2014,47.3,48.3,41.3,57.0
105,2015,53.4,52.8,47.0,65.5
105,2016,49.4,44.7,42.0,68.3
105,2017,60.4,56.8,54.2,76.0
105,2018,63.4,55.1,64.3,71.7
105,2019,64.0,57.5,57.8,82.8
105,2020,65.8,71.0,53.5,81.8
105,2021,61.3,63.1,50.1,79.4
105,2022,67.6,67.3,65.6,71.7
105,2023,60.0,55.8,68.0,50.8
105,2024,56.2,61.5,52.2,57.1
105,2025,61.1,56.6,60.9,67.0
106,2012,57.2,49.3,54.6,68.5
106,2013,53.3,48.4,55.7,55.0
106,2014,50.4,54.2,47.2,50.7
106,2015,55.2,60.5,52.0,54.0
106,2016,60.1,55.7,56.1,69.9
106,2017,55.4,61.6,50.5,55.6
106,2018,52.9,66.9,45.5,48.7
106,2019,55.9,59.6,55.0,53.4
106,2020,58.0,55.2,58.3,60.5
106,2021,61.2,56.3,61.0,66.5
106,2022,59.5,68.2,53.1,59.2
106,2023,60.8,67.9,55.2,61.3
106,2024,65.1,68.9,63.9,63.0
106,2025,62.0,60.5,65.5,58.7
107,2012,53.4,69.9,34.2,40.9
107,2013,58.3,74.5,40.3,44.7
107,2014,55.0,76.2,30.4,38.8
107,2015,52.6,76.3,23.9,36.5
107,2016,49.9,72.8,21.7,35.0
107,2017,51.2,75.6,22.0,34.0
107,2018,48.1,73.4,19.8,27.3
107,2019,50.7,72.1,26.4,33.6
107,2020,57.9,81.9,34.0,33.9
107,2021,54.5,81.1,26.7,29.8
107,2022,52.8,78.8,20.4,36.6
107,2023,55.1,77.2,25.1,44.8
108,2012,64.3,66.5,61.6,62.8
108,2013,57.2,63.3,48.6,54.8
108,2014,60.0,73.7,39.4,56.8
108,2015,62.9,74.8,40.8,66.2
108,2016,63.5,70.6,48.0,68.8
108,2017,65.0,68.9,53.3,73.0
108,2018,70.6,77.7,58.1,71.8
108,2019,64.7,71.0,52.6,67.2
108,2020,59.0,63.3,53.3,57.0
108,2021,64.8,70.3,58.5,60.6
108,2022,63.1,68.5,55.3,61.3
108,2023,62.2,67.0,57.6,57.0
108,2024,70.5,83.2,53.1,64.8
108,2025,69.9,77.4,55.5,72.8
109,2012,68.9,49.9,45.3,90.6
109,2013,63.8,45.0,33.3,89.7
109,2014,64.3,59.5,44.3,78.2
109,2015,72.5,62.5,44.5,93.3
109,2016,75.2,48.0,52.1,100.0
109,2017,74.2,40.6,61.1,95.5
109,2018,70.0,52.1,55.6,85.8
109,2019,69.2,56.0,36.8,94.0
109,2020,72.2,60.1,37.4,98.0
109,2021,73.6,62.4,52.1,90.9
109,2022,73.5,58.1,42.8,98.0
109,2023,65.2,39.5,44.0,88.3
109,2024,62.4,44.4,43.3,81.1
109,2025,62.1,40.6,42.3,82.5
110,2012,44.8,35.0,64.0,39.5
110,2013,42.1,44.2,44.6,35.2
110,2014,36.8,32.1,40.0,41.3
110,2015,30.4,21.7,32.9,43.0
110,2016,19.4,6.7,32.4,26.8
110,2017,30.7,22.9,38.9,34.9
110,2018,44.2,29.0,66.8,44.6
110,2019,45.7,50.5,49.3,32.9
110,2020,47.1,43.6,59.4,38.7
110,2021,43.9,40.8,55.5,35.4
110,2022,43.6,43.7,51.2,34.3
110,2023,56.1,54.3,65.7,47.7
110,2024,46.7,42.5,53.3,46.2
110,2025,44.6,38.7,61.2,35.1
111,2012,59.0,58.8,51.3,68.7
111,2013,58.8,59.9,57.8,58.2
111,2014,56.3,54.9,60.6,53.6
111,2015,52.8,51.5,50.9,57.4
111,2016,57.4,57.9,53.8,60.8
111,2017,57.6,50.1,58.2,70.3
111,2018,51.8,46.1,44.8,70.6
111,2019,54.5,50.1,52.6,64.7
111,2020,51.8,49.6,43.4,65.7
111,2021,53.3,52.9,50.7,57.1
111,2022,57.0,51.6,59.4,63.9
111,2023,55.0,50.7,53.4,64.5
111,2024,58.5,54.8,55.2,69.3
111,2025,60.4,55.8,61.4,67.5
112,2012,46.8,40.2,57.2,46.1
112,2013,47.7,41.2,65.5,38.0
112,2014,51.4,43.9,71.1,41.3
112,2015,52.4,37.9,77.3,48.8
112,2016,53.8,45.9,68.1,50.9
112,2017,52.7,41.5,74.0,47.3
112,2018,54.4,37.4,80.0,54.3
112,2019,52.3,33.3,76.0,57.9
112,2020,51.9,40.4,66.8,54.9
112,2021,53.7,37.2,78.0,54.2
112,2022,53.8,30.2,79.9,64.8
112,2023,55.5,33.2,72.6,75.0
112,2024,54.6,34.3,77.5,63.8
112,2025,49.8,37.8,68.1,49.3
113,2012,67.9,77.8,66.5,49.4
113,2013,67.4,78.9,60.3,51.4
113,2014,61.5,70.1,60.5,45.3
113,2015,72.9,78.6,78.2,56.3
113,2016,73.9,79.3,73.7,63.1
113,2017,72.8,85.1,61.6,59.3
113,2018,74.2,87.7,63.6,57.9
113,2019,76.2,92.3,64.4,55.8
113,2020,71.5,83.3,63.0,56.3
113,2021,72.1,89.6,58.9,50.2
113,2022,75.6,89.3,59.0,64.9
113,2023,72.5,89.0,55.4,56.6
113,2024,69.8,81.1,57.9,59.2
113,2025,78.1,80.6,78.1,73.3
114,2012,61.2,71.4,44.3,57.7
114,2013,53.7,67.5,40.4,39.5
114,2014,61.4,76.4,44.5,48.3
114,2015,60.6,75.4,36.0,55.5
114,2016,67.0,87.1,42.4,51.3
114,2017,59.5,73.5,39.9,51.2
114,2018,67.0,80.0,50.1,57.7
114,2019,62.4,67.1,52.0,63.6
114,2020,63.6,75.2,48.3,55.7
114,2021,62.0,73.6,51.1,49.6
114,2022,60.5,73.6,44.5,50.3
114,2023,63.2,69.4,62.5,51.3
114,2024,66.6,77.6,56.9,54.4
114,2025,64.2,76.7,51.4,52.1
115,2012,56.4,65.9,42.6,51.0
115,2013,56.1,69.4,35.9,49.6
115,2014,56.9,66.5,43.0,51.7
115,2015,57.8,64.7,38.5,63.1
115,2016,54.8,66.7,39.7,45.9
115,2017,57.8,78.4,30.0,44.4
115,2018,57.5,75.9,26.3,51.9
115,2019,58.7,72.3,40.7,49.6
115,2020,56.7,69.8,32.3,54.9
115,2021,64.2,77.7,45.6,55.7
115,2022,70.4,84.0,50.2,63.5
115,2023,68.2,84.2,43.5,60.8
115,2024,67.2,85.2,46.8,51.8
115,2025,66.9,87.6,51.4,41.0
116,2012,71.9,52.0,84.7,72.8
116,2013,72.4,53.1,84.3,74.0
116,2014,75.0,53.9,88.1,76.9
116,2015,74.6,54.3,82.2,85.4
116,2016,73.9,57.4,79.5,83.8
116,2017,65.3,48.0,73.5,71.3
116,2018,72.1,56.8,82.4,72.1
116,2019,68.2,51.3,81.4,64.8
116,2020,69.3,54.8,80.6,66.5
116,2021,53.6,45.6,61.0,49.7
116,2022,60.9,53.9,70.0,52.8
116,2023,59.3,58.6,60.8,57.6
116,2024,60.1,55.9,58.1,68.7
116,2025,62.8,61.1,62.1,65.9
117,2012,57.2,55.1,56.6,61.8
117,2013,54.3,51.2,59.2,55.7
117,2014,57.5,51.9,65.0,61.2
117,2015,60.4,60.6,55.6,64.7
117,2016,51.6,50.4,47.8,57.7
117,2017,49.6,46.4,41.1,64.3
117,2018,43.0,43.0,28.7,57.3
117,2019,38.4,42.3,25.8,43.1
117,2020,55.2,58.6,48.3,55.3
117,2021,46.5,51.4,38.7,44.4
117,2022,46.2,54.2,29.1,47.5
117,2023,60.7,71.3,45.3,55.0
117,2024,55.4,60.6,51.6,48.6
117,2025,60.0,59.7,57.4,63.1
118,2012,48.9,26.8,53.2,73.1
118,2013,48.0,31.5,43.7,78.0
118,2014,50.1,34.0,48.9,74.6
118,2015,48.7,28.2,55.3,67.0
118,2016,51.7,24.9,62.8,71.3
118,2017,54.3,28.1,64.8,74.3
118,2018,53.5,26.4,60.3,80.7
118,2019,51.4,27.5,55.6,78.2
118,2020,43.4,20.2,48.1,68.4
118,2021,44.9,23.1,49.8,67.7
118,2022,53.4,33.8,57.5,74.1
118,2023,52.4,32.8,56.4,73.4
118,2024,54.8,39.7,54.0,77.4
118,2025,59.6,41.6,61.5,81.7
119,2012,76.2,63.7,100.0,55.5
119,2013,74.4,59.4,100.0,54.5
119,2014,75.5,57.3,100.0,61.9
119,2015,71.5,54.9,91.7,62.6
119,2016,66.8,59.3,73.9,66.0
119,2017,66.0,61.0,71.8,63.6
119,2018,67.1,58.5,76.4,64.2
119,2019,67.0,65.0,77.3,53.3
119,2020,73.3,74.6,87.3,49.0
119,2021,74.4,74.8,88.7,51.0
119,2022,70.5,67.1,86.4,49.9
119,2023,73.2,62.0,92.4,58.2
119,2024,77.2,69.2,100.0,51.9
119,2025,73.2,64.8,93.4,52.7
120,2012,71.7,64.6,65.8,78.0
120,2013,77.1,71.8,72.6,82.0
120,2014,79.7,69.0,77.8,85.2
120,2015,77.5,69.7,75.6,81.8
120,2016,72.2,67.2,60.7,81.2
120,2017,74.4,76.2,57.2,84.0
120,2018,77.8,70.9,70.6,84.8
120,2019,81.4,71.3,74.4,89.7
120,2020,85.6,73.5,77.9,95.1
120,2021,85.7,81.6,80.2,90.7
120,2022,80.3,76.4,71.5,87.1
120,2023,81.4,72.5,69.1,92.3
120,2024,82.3,70.2,73.5,92.4
120,2025,83.1,71.3,82.7,88.1
121,2012,65.1,75.2,50.0,62.4
121,2013,68.4,81.8,44.9,69.9
121,2014,63.3,72.6,45.0,67.4
121,2015,66.2,71.5,50.9,75.8
121,2016,66.5,73.6,43.2,83.7
121,2017,64.5,66.4,43.4,91.6
121,2018,72.4,76.2,50.2,96.1
121,2019,70.8,77.8,52.8,80.1
121,2020,70.9,81.6,48.4,78.0
121,2021,73.8,87.9,45.6,80.8
121,2022,76.2,87.8,59.9,71.6
121,2023,71.1,82.5,59.8,59.4
121,2024,74.7,86.4,60.5,66.8
121,2025,76.9,86.1,62.2,76.0
122,2012,52.8,48.1,62.8,44.0
122,2013,53.1,48.7,63.6,43.4
122,2014,55.9,47.1,67.6,49.2
122,2015,57.0,55.6,63.0,50.4
122,2016,51.4,44.6,54.0,54.8
122,2017,61.3,51.2,67.7,62.8
122,2018,67.3,62.2,70.6,68.1
122,2019,63.1,55.4,68.3,63.9
122,2020,63.2,56.6,68.5,62.9
122,2021,65.9,62.3,72.5,60.6
122,2022,68.6,56.6,83.9,60.2
122,2023,72.4,53.9,91.8,64.9
122,2024,65.0,51.6,75.0,64.9
122,2025,60.6,49.4,67.4,62.9
123,2012,55.0,59.0,45.1,64.1
123,2013,54.6,61.9,33.3,75.7
123,2014,45.5,62.4,28.0,52.0
123,2015,45.3,59.6,27.6,54.5
123,2016,54.2,61.4,46.1,57.8
123,2017,57.8,56.7,52.2,66.3
123,2018,59.7,58.9,56.4,65.0
123,2019,66.0,58.0,59.6,82.5
123,2020,64.0,55.8,55.9,82.9
123,2021,62.5,55.7,57.6,75.9
123,2022,58.9,55.0,56.0,66.8
123,2023,63.6,60.8,57.4,74.6
123,2024,61.2,60.9,46.9,80.5
123,2025,62.0,66.4,50.5,73.1
124,2012,54.0,46.3,52.2,71.3
124,2013,49.8,46.7,41.3,64.5
124,2014,40.7,34.1,33.4,61.3
124,2015,45.4,41.4,39.4,59.3
124,2016,45.2,40.3,43.7,56.6
124,2017,45.6,37.6,46.8,60.3
124,2018,37.5,22.6,45.3,59.6
124,2019,35.2,20.8,40.3,59.0
124,2020,41.7,37.4,39.6,52.4
124,2021,35.1,29.0,37.5,44.8
124,2022,34.4,29.5,38.3,40.3
124,2023,43.8,42.9,42.3,47.1
124,2024,43.0,35.8,52.6,47.9
124,2025,47.9,50.9,39.4,50.4
125,2012,58.8,36.7,88.1,42.7
125,2013,55.1,32.4,75.0,55.0
125,2014,53.4,35.5,73.8,45.8
125,2015,44.0,30.2,64.2,30.8
125,2016,46.8,37.0,64.6,31.9
125,2017,52.5,38.7,70.3,43.3
125,2018,62.6,55.9,77.3,48.3
125,2019,71.2,61.9,88.8,56.1
125,2020,68.4,55.2,83.3,63.0
125,2021,64.8,58.6,79.8,49.6
125,2022,64.8,64.6,77.0,45.7
125,2023,60.0,52.6,77.4,42.6
125,2024,62.3,52.7,87.4,35.6
125,2025,65.2,56.3,91.3,36.1
126,2012,47.0,30.6,64.2,55.8
126,2013,51.0,33.4,66.9,63.5
126,2014,55.8,37.9,72.3,68.1
126,2015,52.9,31.0,70.9,70.8
126,2016,54.0,30.6,72.9,73.4
127,2012,41.6,30.5,68.0,29.7
127,2013,47.8,34.8,77.7,35.7
127,2014,43.0,33.5,67.4,30.3
127,2015,43.8,35.3,68.1,28.7
127,2016,39.7,33.9,57.2,27.8
127,2017,40.4,30.2,56.1,42.5
127,2018,45.9,42.1,56.5,39.5
127,2019,47.4,47.8,53.8,36.7
127,2020,44.8,41.3,56.6,36.1
127,2021,43.1,41.5,50.9,35.6
127,2022,45.0,45.0,49.2,38.7
127,2023,46.5,46.9,51.3,38.2
127,2024,39.1,34.7,46.4,39.2
127,2025,45.5,33.5,62.6,50.0
128,2012,68.6,74.7,59.4,71.6
128,2013,57.6,64.1,50.4,59.3
128,2014,57.8,67.1,55.7,55.4
128,2015,59.3,65.1,46.2,64.9
128,2016,57.7,73.6,53.4,54.0
128,2017,64.6,78.8,59.1,62.3
128,2018,60.2,75.6,62.5,52.6
128,2019,54.4,70.1,55.2,47.7
128,2020,55.4,72.5,56.8,47.8
128,2021,61.9,79.0,61.9,55.0
128,2022,68.5,83.4,70.2,61.5
128,2023,70.1,88.6,69.2,63.3
128,2024,62.8,79.8,68.8,52.5
129,2012,46.5,39.4,44.2,55.9
129,2013,51.4,39.0,57.6,52.3
129,2014,41.9,30.1,42.9,50.2
129,2015,48.8,34.8,52.9,54.2
129,2016,48.6,35.0,46.4,63.3
129,2017,48.7,40.9,46.8,58.2
129,2018,47.7,35.3,42.2,66.4
129,2019,47.3,34.8,36.5,74.0
129,2020,41.9,24.8,40.1,58.9
129,2021,35.2,25.4,31.9,48.3
129,2022,38.5,42.2,34.9,40.8
129,2023,36.8,31.7,35.3,43.2
129,2024,38.2,30.4,44.2,35.7
129,2025,46.3,35.9,47.3,53.5
130,2012,34.1,51.0,21.8,36.0
130,2013,37.7,50.5,31.5,33.6
130,2014,35.9,54.3,21.4,39.8
130,2015,35.6,53.2,25.5,32.8
130,2016,37.3,57.2,24.5,36.4
130,2017,42.8,71.9,22.0,45.3
130,2018,47.3,70.9,30.8,48.6
130,2019,41.4,67.2,23.1,43.3
130,2020,36.5,60.3,21.3,35.2
130,2021,36.7,68.9,21.2,26.1
130,2022,39.4,74.1,26.8,20.4
130,2023,40.8,74.4,28.2,23.0
130,2024,46.4,78.1,35.9,27.1
130,2025,51.4,66.4,46.4,42.4
131,2012,38.9,50.1,26.4,29.1
131,2013,43.6,48.5,48.2,29.4
131,2014,40.1,49.0,36.8,25.6
131,2015,41.3,47.2,37.5,33.3
131,2016,38.2,40.3,41.7,30.6
131,2017,38.0,43.8,38.5,26.0
131,2018,36.9,39.7,35.8,32.4
131,2019,43.0,48.8,31.9,42.4
131,2020,44.0,47.2,40.3,41.4
131,2021,36.5,37.0,36.7,35.4
131,2022,38.2,39.2,30.9,43.3
131,2023,41.6,48.0,32.2,38.3
131,2024,42.8,51.6,31.6,36.3
131,2025,42.6,49.0,41.5,30.9
132,2012,53.4,46.7,67.9,39.5
132,2013,57.1,55.8,65.2,45.9
132,2014,60.4,59.1,67.5,51.0
132,2015,56.5,48.3,66.4,52.2
133,2012,54.8,61.2,31.5,71.4
133,2013,56.8,70.0,30.2,64.8
133,2014,53.5,66.8,28.0,60.1
133,2015,56.2,67.0,33.3,64.2
133,2016,58.4,75.4,21.8,71.8
133,2017,60.9,73.6,30.4,74.8
133,2018,61.1,68.6,35.6,78.3
133,2019,58.7,68.2,36.1,68.9
133,2020,65.5,79.2,37.6,74.3
133,2021,61.5,77.7,32.3,67.3
133,2022,61.2,71.7,30.3,79.5
133,2023,59.1,67.6,33.1,75.2
134,2012,43.5,68.7,54.4,26.9
134,2013,44.4,61.5,57.9,29.5
134,2014,48.0,66.3,69.7,27.7
134,2015,44.6,62.9,65.4,24.7
134,2016,41.4,65.3,52.8,25.1
134,2017,40.2,59.6,59.2,21.0
134,2018,46.8,65.8,68.5,26.2
134,2019,46.5,63.7,66.9,27.3
134,2020,45.0,56.8,58.0,32.5
134,2021,47.9,55.8,56.9,39.3
134,2022,45.7,61.7,59.9,30.7
134,2023,48.7,64.3,71.0,29.1
134,2024,52.9,66.4,67.7,38.7
134,2025,52.9,68.9,72.3,34.8
135,2012,59.0,51.2,45.4,70.2
135,2013,55.0,51.4,42.7,63.9
135,2014,54.1,50.8,45.4,60.6
135,2015,56.6,61.1,53.7,56.6
135,2016,55.0,55.4,49.9,57.9
135,2017,57.4,64.7,54.8,56.0
135,2018,59.4,63.1,64.7,54.8
135,2019,56.2,52.7,58.2,56.4
135,2020,63.8,54.3,65.3,66.8
135,2021,62.3,53.7,56.9,68.9
135,2022,63.3,53.7,47.8,76.5
135,2023,57.5,54.9,46.8,64.9
136,2012,79.7,84.1,66.9,83.6
136,2013,69.2,76.2,59.6,64.8
137,2012,65.6,53.3,77.2,62.5
137,2013,63.6,50.8,75.7,60.3
137,2014,61.4,49.7,71.5,59.7
137,2015,62.5,53.3,76.4,53.1
137,2016,64.2,53.8,79.1,54.7
137,2017,70.3,66.1,85.3,54.4
137,2018,74.3,63.1,95.3,57.6
137,2019,65.4,63.0,78.7,49.9
137,2020,61.8,62.0,68.3,53.0
137,2021,60.0,61.6,63.3,54.0
137,2022,69.7,64.7,77.8,63.9
137,2023,66.3,57.7,76.0,61.9
137,2024,71.4,67.3,75.8,69.8
137,2025,73.7,66.1,88.5,61.6
138,2012,62.9,54.2,70.8,72.3
138,2013,70.1,68.7,67.6,75.5
138,2014,68.1,69.4,66.2,67.5
138,2015,71.3,78.6,57.5,70.6
138,2016,71.8,75.8,62.3,73.3
138,2017,82.6,87.8,66.7,88.3
138,2018,75.4,80.5,47.4,93.0
138,2019,71.3,71.8,59.7,82.0
138,2020,74.3,70.2,67.6,89.3
138,2021,80.2,81.2,68.7,89.8
138,2022,83.1,89.2,72.8,81.1
138,2023,75.0,81.0,67.1,71.1
138,2024,71.2,71.1,63.1,79.5
138,2025,70.7,66.0,68.9,81.9
139,2012,52.9,49.9,58.4,47.1
139,2013,58.1,46.1,66.0,56.4
139,2014,52.9,36.7,62.1,52.7
139,2015,60.5,51.5,65.6,60.3
139,2016,58.9,54.6,64.4,54.2
139,2017,59.6,51.3,73.7,45.5
139,2018,58.3,48.7,71.3,46.8
139,2019,61.7,54.1,68.7,57.6
139,2020,63.5,54.1,68.3,64.0
139,2021,61.8,58.3,65.5,59.2
139,2022,65.2,62.4,64.4,68.8
139,2023,67.9,64.5,70.1,67.3
139,2024,67.9,70.9,72.2,59.1
139,2025,66.7,69.4,78.1,47.4
140,2012,70.3,89.6,50.2,59.5
140,2013,61.1,76.1,44.3,54.2
140,2014,69.3,79.4,55.3,67.8
140,2015,71.0,81.9,55.6,69.7
140,2016,68.9,73.9,53.1,78.9
140,2017,68.6,72.0,63.6,68.4
140,2018,75.6,75.8,76.2,74.5
141,2012,63.0,35.6,57.8,93.8
141,2013,50.4,11.7,54.3,76.9
141,2014,51.7,8.8,52.3,86.5
141,2015,58.3,16.4,53.7,100.0
141,2016,54.5,21.0,48.8,91.1
141,2017,57.5,19.7,52.4,96.5
141,2018,60.2,27.0,57.8,91.6
141,2019,59.1,24.9,58.1,89.2
141,2020,61.5,31.8,64.5,81.7
141,2021,51.7,26.9,57.3,64.1
141,2022,60.0,46.1,58.5,73.7
141,2023,54.8,47.9,52.2,64.4
141,2024,50.8,35.6,49.6,65.1
141,2025,54.8,43.7,46.5,76.5
142,2012,58.0,57.1,73.9,37.7
142,2013,60.2,68.1,78.5,27.9
142,2014,60.6,66.4,73.0,38.2
142,2015,60.1,69.8,68.4,39.4
142,2016,61.6,60.7,80.3,37.4
142,2017,57.4,62.1,67.9,38.8
142,2018,58.6,67.7,62.4,44.3
142,2019,63.8,64.7,74.8,48.1
142,2020,59.9,56.4,72.0,47.3
142,2021,60.3,60.5,70.7,46.2
142,2022,65.7,73.2,76.6,43.8
142,2023,64.6,73.5,77.7,38.4
142,2024,52.6,58.6,62.3,33.5
142,2025,50.1,55.2,63.2,27.5
143,2012,71.1,88.2,31.8,76.0
143,2013,65.9,74.9,33.2,80.7
143,2014,65.3,78.5,25.9,78.4
143,2015,68.6,77.1,33.9,86.2
143,2016,71.7,77.3,33.8,98.4
143,2017,76.4,90.2,37.0,88.2
143,2018,76.2,95.0,26.9,87.7
143,2019,70.3,93.0,16.9,78.3
143,2020,65.0,79.2,19.6,82.1
143,2021,64.3,75.9,23.1,82.2
143,2022,64.4,71.4,35.7,78.9
143,2023,69.9,81.7,39.7,76.6
143,2024,75.1,89.1,39.6,82.8
143,2025,78.6,98.9,37.5,79.1
144,2012,47.8,56.0,48.1,44.4
144,2013,50.3,61.0,51.8,45.1
144,2014,51.2,53.3,50.8,50.6
144,2015,51.3,55.2,46.4,52.6
144,2016,52.7,62.1,44.5,53.8
144,2017,60.0,76.2,41.8,64.4
144,2018,58.2,74.7,37.0,64.3
145,2012,52.6,50.3,48.4,63.1
145,2013,56.1,54.5,50.3,68.3
145,2014,45.0,38.0,45.6,52.3
145,2015,47.6,33.7,51.8,56.9
145,2016,51.5,50.8,53.6,48.5
145,2017,46.4,48.7,48.3,40.1
145,2018,44.1,45.8,41.1,47.3
145,2019,47.9,60.0,32.9,60.3
145,2020,62.0,73.3,49.9,70.1
146,2012,46.6,44.9,45.2,51.5
146,2013,48.3,51.7,40.6,51.3
146,2014,39.5,44.8,27.7,44.1
146,2015,44.6,51.3,31.2,48.7
146,2016,49.8,48.2,45.9,57.3
146,2017,50.2,46.1,46.0,62.6
146,2018,56.0,53.5,55.4,61.4
147,2012,46.3,41.1,56.2,37.9
147,2013,47.0,45.1,51.7,42.1
147,2014,50.7,44.8,57.4,48.3
147,2015,52.4,45.7,57.6,53.3
147,2016,49.9,42.3,57.6,48.1
147,2017,52.0,48.0,58.0,47.9
147,2018,50.5,49.6,58.7,38.5
147,2019,49.5,50.2,57.8,35.4
147,2020,50.8,48.8,63.4,33.6
147,2021,46.3,42.3,61.1,28.4
147,2022,44.6,37.4,55.2,37.6
147,2023,43.6,30.4,61.4,33.4
147,2024,56.4,41.4,78.6,41.7
147,2025,59.1,49.0,75.4,47.1
148,2012,62.0,64.1,41.1,78.8
148,2013,63.9,75.3,40.6,64.4
148,2014,64.5,79.0,38.9,61.1
148,2015,64.3,73.3,47.5,63.0
148,2016,63.1,72.4,48.1,59.4
148,2017,60.2,67.0,51.2,55.7
149,2012,66.6,87.0,53.3,69.4
149,2013,61.4,86.9,43.9,66.5
149,2014,62.5,85.6,46.7,66.8
149,2015,68.8,83.1,64.2,63.8
149,2016,71.2,88.8,67.6,61.8
149,2017,69.2,93.2,62.5,59.1
149,2018,72.3,97.2,64.4,63.5
149,2019,65.7,90.0,58.2,56.6
149,2020,65.1,83.7,53.9,66.4
149,2021,66.6,81.5,61.6,61.6
149,2022,64.3,85.8,52.5,64.0
149,2023,65.8,79.9,60.7,61.8
149,2024,74.0,85.8,72.6,66.3
149,2025,70.4,86.8,60.6,71.5
150,2012,61.3,50.1,65.2,79.7
150,2013,61.1,48.5,67.0,80.3
150,2014,56.3,40.8,73.0,70.7
150,2015,60.9,49.2,67.2,77.8
150,2016,45.3,30.3,55.5,65.2
150,2017,52.0,42.0,61.4,62.6
150,2018,52.5,47.9,45.2,69.1
150,2019,59.1,48.5,66.5,73.0
150,2020,65.4,47.8,85.0,81.0
150,2021,59.6,49.5,72.7,66.9
150,2022,59.1,43.5,81.8,67.6
150,2023,50.1,39.4,67.8,53.9
150,2024,55.8,48.1,63.5,63.3
150,2025,57.2,46.4,68.1,68.0
151,2012,54.2,36.0,65.3,61.8
151,2013,60.2,49.7,68.3,62.1
151,2014,54.2,48.8,67.3,40.7
151,2015,48.2,38.4,59.4,44.0
151,2016,48.0,27.5,68.2,44.2
151,2017,43.6,24.5,59.5,45.0
151,2018,46.9,30.4,54.7,57.7
151,2019,48.3,34.2,56.4,55.2
151,2020,47.2,32.3,58.7,49.5
151,2021,49.9,33.5,57.8,60.1
151,2022,51.3,45.5,56.3,51.4
151,2023,55.5,49.6,59.4,57.7
151,2024,64.5,58.4,70.7,63.2
151,2025,60.0,40.0,75.4,63.5
152,2012,49.7,36.4,45.9,68.2
152,2013,44.0,36.2,35.6,63.0
152,2014,48.9,48.9,38.3,63.1
152,2015,46.6,48.3,31.6,64.8
152,2016,49.3,54.3,31.7,67.8
152,2017,46.6,52.4,34.9,56.5
152,2018,49.0,57.8,42.1,49.5
152,2019,55.0,62.5,51.8,51.8
152,2020,52.0,48.4,54.8,51.7
152,2021,51.4,53.4,53.4,46.6
152,2022,52.0,45.6,57.5,51.0
152,2023,47.7,42.3,54.0,44.7
152,2024,48.2,41.2,57.2,43.3
152,2025,55.7,51.3,65.6,46.9
153,2012,35.4,43.0,14.9,63.2
153,2013,37.7,46.0,17.3,64.5
153,2014,36.8,45.7,13.4,68.4
153,2015,42.6,50.4,20.7,72.6
154,2012,58.9,84.7,60.7,34.7
154,2013,51.4,79.1,44.8,38.3
154,2014,49.2,75.1,44.3,35.1
154,2015,44.4,66.0,39.6,33.5
154,2016,47.6,68.0,44.0,36.1
154,2017,47.4,69.8,49.2,26.1
154,2018,55.4,77.0,58.4,32.8
154,2019,57.9,84.0,58.8,34.8
154,2020,60.4,93.4,62.6,29.7
154,2021,55.9,77.1,61.3,30.1
154,2022,54.4,81.4,57.5,27.4
154,2023,50.1,74.5,51.9,27.2
154,2024,36.5,63.5,33.9,17.9
154,2025,46.8,72.7,46.7,25.4
155,2012,66.3,75.9,53.2,73.7
155,2013,66.6,70.6,61.6,69.1
155,2014,63.2,78.4,42.0,75.8
155,2015,66.4,72.8,54.6,76.5
155,2016,61.1,60.0,54.7,72.9
155,2017,65.8,75.7,53.9,71.0
155,2018,72.4,86.2,57.1,77.5
155,2019,72.1,84.1,56.4,80.5
155,2020,73.6,80.2,56.8,91.3
155,2021,50.8,54.2,40.4,62.8
155,2022,57.9,63.5,49.0,64.2
156,2012,49.2,43.6,47.9,59.1
156,2013,50.5,53.6,46.0,53.4
156,2014,43.8,48.3,41.4,41.2
156,2015,47.0,50.7,39.8,53.2
156,2016,53.0,52.6,57.5,46.2
156,2017,54.6,50.4,63.3,46.7
156,2018,45.8,38.7,54.7,41.6
156,2019,49.8,44.1,56.5,47.1
156,2020,55.6,52.3,61.4,50.8
156,2021,63.0,59.4,70.3,56.5
156,2022,58.6,60.5,64.8,46.2
156,2023,71.7,67.5,78.8,66.2
157,2012,61.9,57.7,74.2,44.7
157,2013,62.9,51.9,78.4,48.3
157,2014,58.5,57.1,69.1,41.1
157,2015,58.1,62.5,66.6,37.6
157,2016,68.6,68.4,77.1,53.5
157,2017,61.0,62.2,73.3,37.4
157,2018,58.8,49.3,78.0,35.5
157,2019,50.7,41.4,70.5,26.3
157,2020,58.9,49.4,78.1,35.8
157,2021,65.5,55.8,83.6,44.5
157,2022,66.2,49.7,89.9,43.4
158,2012,68.0,75.4,51.2,87.2
158,2013,66.7,84.6,45.9,83.1
158,2014,62.9,76.9,40.0,85.5
158,2015,70.6,86.5,47.0,92.9
158,2016,66.3,90.0,41.5,83.9
158,2017,72.6,93.8,45.3,95.9
158,2018,67.1,90.6,39.9,88.3
158,2019,65.6,90.6,37.1,87.5
158,2020,70.2,97.1,42.1,89.9
158,2021,71.5,91.0,51.4,85.4
158,2022,72.1,100.0,49.9,82.2
158,2023,71.7,95.3,51.5,82.3
158,2024,68.3,92.6,43.7,85.1
158,2025,65.1,88.8,36.1,88.9
159,2012,68.7,76.5,56.8,68.8
159,2013,68.7,80.9,51.7,67.3
159,2014,69.2,83.4,52.1,64.2
159,2015,60.6,71.6,43.0,62.0
159,2016,64.8,72.1,46.1,73.9
159,2017,68.3,76.1,50.9,75.1
159,2018,70.5,76.9,56.4,75.9
159,2019,72.2,74.5,54.1,89.9
159,2020,78.3,83.4,61.9,88.8
160,2012,56.5,50.1,57.1,64.5
160,2013,52.2,51.3,41.7,70.1
160,2014,57.4,51.2,56.0,68.2
160,2015,55.6,54.4,55.2,58.1
160,2016,53.4,45.4,54.7,62.7
160,2017,57.0,45.7,60.5,67.4
160,2018,54.6,39.0,63.5,62.3
160,2019,50.4,34.8,58.3,59.4
160,2020,54.6,44.1,61.8,57.7
160,2021,53.2,40.8,59.6,60.4
160,2022,48.6,35.3,52.8,60.5
160,2023,55.7,49.1,56.6,63.5
160,2024,58.4,57.1,54.9,65.8
160,2025,64.0,65.6,62.0,64.9
161,2012,64.5,100.0,47.7,60.4
161,2013,63.2,100.0,48.2,57.5
161,2014,48.9,85.3,38.6,40.6
161,2015,51.6,82.1,40.7,45.9
161,2016,43.6,84.8,41.1,28.7
161,2017,67.5,100.0,59.6,59.2
161,2018,66.2,100.0,54.1,60.0
161,2019,56.3,92.3,50.1,45.7
161,2020,68.2,100.0,56.8,62.4
161,2021,66.1,100.0,50.1,62.2
161,2022,66.8,100.0,50.2,63.5
161,2023,65.1,100.0,44.2,63.7
161,2024,63.8,100.0,51.8,56.5
161,2025,55.7,100.0,46.6,43.4
162,2012,44.5,48.9,27.2,57.2
162,2013,47.2,49.7,36.2,55.7
162,2014,43.4,45.6,27.7,58.3
162,2015,42.2,39.9,33.5,56.7
162,2016,38.6,34.4,25.4,62.1
162,2017,40.4,44.3,20.4,57.4
162,2018,36.4,43.2,13.6,51.4
162,2019,41.5,54.2,18.6,46.1
162,2020,41.5,50.3,21.5,49.6
162,2021,43.2,55.4,19.1,50.1
162,2022,43.9,51.7,20.7,57.6
162,2023,47.9,68.1,12.4,54.3
162,2024,49.7,64.5,19.1,59.9
162,2025,50.4,67.0,19.5,57.6
163,2012,46.3,50.4,44.4,38.7
163,2013,46.2,53.9,42.7,32.2
163,2014,45.4,55.3,39.3,29.8
163,2015,43.9,47.9,47.3,28.9
163,2016,44.3,39.0,58.9,35.6
163,2017,44.1,38.7,56.9,38.5
163,2018,42.6,38.3,56.9,31.9
163,2019,47.4,43.4,65.3,30.6
163,2020,55.7,56.1,72.4,29.5
163,2021,47.6,47.3,59.4,30.5
163,2022,49.4,46.1,64.8,34.6
163,2023,51.3,57.4,59.8,23.3
163,2024,53.5,65.8,53.2,23.3
163,2025,56.1,64.9,57.9,31.4
164,2012,43.9,36.2,60.4,38.2
164,2013,45.2,42.6,60.1,29.2
164,2014,51.2,54.1,54.8,38.7
164,2015,54.6,57.3,61.3,37.8
164,2016,56.3,60.6,56.1,45.8
164,2017,63.2,60.6,74.7,52.3
164,2018,64.2,58.5,77.6,58.2
164,2019,61.3,56.0,72.9,56.9
164,2020,67.2,66.9,72.5,59.8
164,2021,66.7,61.7,74.1,68.3
164,2022,61.8,58.7,70.8,55.8
164,2023,59.7,58.6,68.5,49.3
164,2024,65.1,68.5,69.5,50.0
164,2025,57.8,60.0,60.1,48.6
165,2012,55.5,49.4,60.1,56.5
165,2013,53.6,47.9,62.4,47.5
165,2014,49.9,48.2,55.3,43.7
165,2015,45.9,44.0,49.8,42.3
165,2016,49.3,45.0,55.9,44.7
165,2017,50.3,53.0,54.6,39.6
165,2018,54.4,60.9,53.7,46.6
165,2019,63.2,72.7,59.7,55.7
165,2020,69.4,74.2,64.8,70.2
165,2021,69.7,74.3,68.0,66.0
165,2022,70.8,77.9,64.7,70.6
165,2023,70.5,76.8,66.4,68.3
165,2024,76.8,94.5,62.2,75.5
165,2025,65.4,78.9,53.8,65.1
166,2012,32.5,21.2,56.0,31.5
166,2013,29.4,28.2,34.8,26.5
166,2014,28.6,26.4,35.7,26.0
166,2015,28.6,20.4,42.9,30.5
166,2016,36.3,32.9,56.6,22.7
166,2017,40.8,31.8,68.7,30.7
167,2012,48.5,65.5,24.5,46.7
167,2013,47.8,58.3,26.7,54.3
167,2014,43.7,59.7,17.7,46.2
167,2015,48.4,76.7,16.1,36.3
167,2016,45.8,72.5,13.5,36.5
167,2017,49.1,69.7,20.2,46.7
167,2018,49.6,68.3,17.6,54.2
167,2019,46.1,62.7,12.9,56.1
167,2020,46.6,64.3,15.3,52.5
167,2021,52.9,74.7,17.4,56.2
167,2022,57.4,82.2,24.4,52.3
167,2023,57.9,81.2,27.1,52.8
167,2024,63.3,86.6,34.6,55.7
167,2025,54.7,72.4,27.2,55.8
168,2012,68.5,79.1,71.0,55.9
168,2013,74.0,90.6,72.7,62.0
168,2014,77.0,90.3,83.8,55.7
168,2015,77.5,88.5,81.0,63.0
168,2016,76.4,99.1,73.9,61.4
168,2017,76.3,91.5,80.2,57.9
168,2018,79.3,95.8,86.1,55.2
168,2019,76.7,94.8,80.8,55.4
168,2020,79.3,92.2,83.0,63.1
168,2021,72.9,96.5,69.3,58.6
168,2022,75.5,100.0,75.8,54.7
168,2023,76.2,95.8,80.0,54.3
168,2024,79.6,88.2,88.7,58.8
168,2025,72.0,85.3,80.4,48.4
169,2012,78.2,58.1,100.0,62.1
169,2013,76.4,67.2,90.5,63.0
169,2014,76.7,57.6,96.9,62.3
169,2015,79.1,61.5,99.0,63.9
169,2016,77.2,63.4,97.5,58.2
169,2017,82.4,65.1,100.0,70.3
169,2018,79.2,67.0,100.0,58.3
169,2019,80.7,75.2,100.0,56.3
169,2020,80.9,77.4,100.0,55.3
169,2021,81.8,70.5,100.0,63.8
169,2022,82.0,66.0,100.0,68.5
169,2023,80.9,68.1,99.6,63.6
169,2024,69.8,45.3,90.2,59.7
169,2025,74.6,51.3,95.4,62.9
170,2012,70.8,73.8,77.9,58.4
170,2013,64.6,70.2,70.4,51.3
170,2014,70.0,74.8,75.9,57.2
170,2015,66.2,69.9,74.2,51.9
170,2016,64.4,77.5,67.6,47.2
170,2017,69.3,84.3,71.3,51.6
170,2018,66.0,84.4,63.8,50.4
170,2019,66.6,82.3,69.2,47.6
170,2020,67.8,82.2,69.3,51.4
170,2021,76.2,88.5,77.1,62.8
170,2022,69.1,89.6,67.7,50.6
170,2023,69.7,88.6,63.9,58.6
170,2024,73.0,89.0,76.6,52.3
170,2025,66.6,83.6,65.9,50.4
171,2012,43.7,47.7,30.3,52.7
171,2013,43.4,45.1,32.5,53.4
171,2014,46.5,40.1,47.8,56.4
171,2015,49.1,44.9,40.4,67.2
171,2016,57.3,56.0,46.4,72.6
171,2017,60.7,64.4,52.3,64.1
171,2018,56.4,66.4,47.3,49.3
171,2019,54.0,57.1,46.4,57.5
171,2020,52.5,59.4,41.5,53.1
171,2021,49.8,53.1,36.7,59.7
171,2022,52.2,53.2,44.7,59.6
171,2023,54.3,54.5,47.8,61.9
171,2024,47.9,48.6,35.6,61.6
171,2025,51.3,54.4,35.2,65.2
172,2012,53.7,39.5,69.1,50.1
172,2013,61.9,44.9,67.9,65.1
172,2014,65.2,52.7,68.8,68.0
172,2015,63.1,51.8,73.6,61.3
172,2016,62.8,58.8,74.2,57.5
172,2017,65.5,58.2,72.4,64.3
172,2018,68.5,60.8,74.9,67.8
172,2019,62.2,56.3,77.5,55.4
172,2020,65.5,59.9,84.0,56.6
172,2021,63.8,55.1,75.5,60.2
172,2022,60.4,48.6,74.1,56.8
172,2023,65.3,49.4,78.6,63.7
172,2024,49.4,25.3,76.1,43.0
172,2025,45.0,38.9,65.1,35.3
173,2012,41.7,41.0,13.9,70.7
173,2013,43.2,35.7,22.2,79.3
173,2014,36.5,34.4,17.9,59.3
173,2015,34.5,32.5,12.5,60.4
173,2016,37.9,31.4,13.3,75.4
173,2017,38.0,32.2,11.7,76.0
173,2018,42.6,41.8,7.3,79.4
173,2019,47.8,49.9,14.0,77.2
173,2020,46.9,47.5,23.5,69.2
173,2021,54.0,59.8,23.0,73.6
173,2022,48.8,48.9,29.6,67.7
173,2023,46.1,46.4,28.1,63.5
173,2024,53.4,59.4,25.1,69.6
173,2025,51.6,51.6,27.0,76.0
174,2012,49.9,57.9,45.3,46.0
174,2013,57.8,67.0,50.0,57.3
174,2014,57.7,61.3,52.4,61.3
174,2015,57.3,58.6,52.1,63.8
174,2016,65.2,70.9,59.9,65.5
174,2017,69.8,78.7,60.6,72.1
174,2018,67.1,73.6,59.4,70.2
174,2019,66.4,73.9,55.1,74.1
174,2020,64.0,76.0,51.3,67.5
174,2021,66.0,84.7,52.3,61.6
174,2022,63.9,77.6,52.8,62.6
174,2023,58.8,76.4,43.0,59.5
174,2024,56.8,71.2,51.7,44.7
174,2025,57.1,65.6,49.9,56.8
175,2012,51.6,52.7,40.4,60.8
175,2013,47.4,51.8,30.4,55.6
175,2014,50.2,53.5,29.4,64.5
175,2015,50.9,52.9,39.4,58.4
175,2016,50.0,53.7,32.8,59.9
175,2017,52.7,57.6,39.2,56.5
175,2018,52.5,54.9,38.5,61.7
175,2019,55.9,57.2,46.9,62.3
175,2020,55.7,59.6,49.5,54.0
175,2021,53.4,54.4,38.4,66.5
175,2022,54.4,58.6,35.9,64.5
175,2023,48.2,56.0,28.3,52.3
175,2024,42.1,47.2,25.8,48.1
175,2025,49.6,51.4,40.9,54.7
176,2012,48.7,62.1,49.9,13.6
176,2013,49.9,62.1,55.2,11.4
176,2014,45.3,55.1,52.6,10.0
176,2015,47.4,56.8,59.5,5.9
176,2016,49.0,62.0,56.4,5.5
176,2017,48.6,61.6,56.3,4.6
176,2018,45.1,54.5,51.6,11.7
176,2019,61.5,76.0,59.2,28.8
176,2020,62.7,70.7,69.6,32.3
176,2021,63.2,77.8,72.6,12.8
176,2022,61.3,78.6,68.8,6.7
176,2023,53.5,72.4,56.6,1.7
176,2024,47.9,62.3,55.6,0.6
176,2025,58.8,73.9,67.6,7.6
177,2012,37.1,20.0,47.2,55.7
177,2013,32.5,10.3,45.8,56.5
177,2014,30.9,0.0,49.3,64.4
177,2015,33.6,10.1,41.9,65.9
177,2016,29.8,7.4,42.3,55.3
177,2017,32.9,16.4,37.6,56.9
177,2018,33.0,21.6,37.2,48.5
177,2019,32.4,16.6,41.5,50.1
177,2020,32.6,11.7,44.8,55.7
177,2021,30.1,5.0,47.0,55.0
177,2022,39.6,14.9,55.4,65.2
177,2023,36.4,17.6,51.5,52.2
177,2024,43.4,29.3,58.6,50.4
177,2025,39.7,26.6,49.4,51.8
178,2012,55.2,69.0,45.1,42.6
178,2013,53.1,71.6,38.5,37.3
178,2014,56.7,72.6,43.3,44.0
178,2015,50.3,62.0,47.4,32.6
178,2016,48.1,64.1,42.0,26.8
178,2017,50.8,62.2,48.8,32.7
178,2018,56.4,72.7,51.5,33.1
178,2019,60.0,71.5,60.2,39.0
178,2020,60.6,78.3,55.5,34.9
178,2021,64.1,81.0,62.2,35.9
178,2022,56.4,71.7,51.4,34.9
178,2023,62.6,78.7,55.3,42.2
178,2024,62.5,82.8,51.4,39.3
178,2025,57.2,73.5,49.2,37.3
179,2012,42.4,38.3,46.0,40.4
179,2013,43.3,40.8,44.6,43.4
179,2014,39.3,39.0,39.1,39.9
179,2015,42.8,43.5,41.4,44.4
179,2016,43.0,46.5,36.3,50.1
179,2017,47.2,53.1,44.7,45.9
179,2018,56.3,48.9,62.9,52.7
179,2019,50.8,51.2,51.3,49.8
179,2020,48.7,44.0,52.9,46.3
179,2021,50.4,46.2,55.1,46.7
179,2022,46.8,52.0,48.5,39.8
179,2023,53.0,57.6,52.2,50.4
179,2024,52.5,54.8,47.3,58.4
179,2025,48.7,59.8,38.0,55.4
180,2012,65.6,70.8,53.6,67.1
180,2013,56.6,61.2,45.5,58.7
180,2014,61.6,66.0,48.0,66.5
181,2012,34.9,23.5,32.4,58.4
181,2013,37.1,30.5,25.8,62.4
181,2014,39.1,34.6,24.3,64.8
181,2015,34.9,25.5,29.7,58.1
181,2016,37.1,30.8,30.4,56.4
181,2017,39.9,32.2,35.6,58.8
181,2018,46.0,35.6,38.2,74.1
181,2019,44.1,33.4,34.8,74.6
181,2020,48.9,38.2,36.6,82.9
181,2021,47.3,33.6,39.6,81.1
181,2022,43.8,30.3,32.7,81.4
181,2023,40.4,22.7,36.7,76.7
181,2024,44.5,33.4,42.8,66.6
181,2025,40.5,26.6,34.2,73.0
182,2012,81.7,70.2,85.7,87.8
182,2013,75.3,66.8,80.8,76.6
182,2014,83.8,77.7,83.2,90.8
182,2015,76.2,63.9,84.8,77.2
182,2016,82.1,63.9,93.7,84.8
182,2017,72.5,56.1,78.2,81.3
182,2018,77.1,61.5,88.8,77.2
182,2019,75.4,65.1,82.0,76.8
182,2020,93.4,81.5,99.8,96.8
182,2021,75.4,64.4,77.8,83.1
182,2022,75.4,64.3,72.8,90.0
182,2023,76.5,64.5,78.1,86.5
182,2024,80.0,78.9,76.1,86.3
182,2025,72.6,71.2,70.6,76.8
183,2012,69.5,73.5,57.2,73.7
183,2013,77.6,85.7,68.6,70.6
183,2014,82.2,87.2,75.1,79.1
183,2015,78.3,83.5,66.9,79.2
183,2016,74.6,78.6,63.6,77.4
183,2017,70.0,75.8,60.9,67.5
183,2018,70.9,67.6,67.1,81.3
183,2019,68.6,73.0,58.4,69.8
183,2020,66.6,69.4,53.4,74.3
183,2021,70.1,68.8,61.2,81.5
183,2022,69.3,73.6,59.8,70.3
183,2023,71.4,69.9,69.9,76.1
184,2012,41.1,28.8,42.1,70.3
184,2013,37.9,29.0,36.7,61.9
184,2014,45.8,35.6,40.9,78.9
184,2015,45.1,29.1,47.1,81.9
184,2016,45.4,27.4,54.9,76.2
184,2017,41.2,18.9,59.4,69.5
184,2018,53.5,33.4,69.3,79.9
185,2012,39.4,76.3,12.9,30.2
185,2013,39.2,81.1,8.4,29.8
185,2014,41.3,91.2,13.2,16.3
185,2015,46.3,95.7,15.6,26.2
185,2016,46.1,95.0,16.4,25.1
185,2017,55.9,100.0,22.3,47.8
185,2018,55.9,97.3,21.6,52.7
185,2019,51.0,96.9,8.4,55.1
185,2020,50.4,95.0,10.0,52.4
185,2021,44.7,86.8,12.4,37.5
185,2022,47.3,91.5,16.8,34.1
185,2023,44.2,81.3,16.8,36.3
185,2024,46.4,78.4,16.9,49.0
185,2025,51.5,76.0,31.2,49.6
186,2012,54.4,62.7,72.2,19.9
186,2013,58.1,68.2,75.0,20.9
186,2014,55.0,63.5,73.0,19.8
186,2015,55.5,64.8,66.5,26.0
186,2016,52.1,60.3,70.0,17.8
186,2017,51.8,60.1,67.0,20.0
186,2018,56.7,61.2,81.0,23.5
186,2019,59.9,62.5,82.3,32.2
186,2020,56.6,57.8,82.1,28.6
186,2021,55.9,59.6,80.2,24.3
186,2022,55.4,64.8,78.5,13.7
186,2023,54.0,59.3,80.1,17.5
186,2024,55.8,64.1,84.4,10.6
186,2025,61.3,68.0,82.8,26.3
187,2012,62.3,60.5,68.4,54.6
187,2013,60.6,48.1,70.8,55.6
187,2014,64.9,44.4,79.4,60.1
187,2015,63.3,55.5,72.7,55.6
187,2016,61.8,60.9,69.8,50.4
187,2017,58.0,54.9,65.9,48.9
187,2018,57.8,62.5,59.8,51.0
187,2019,61.4,56.8,61.2,65.4
187,2020,62.6,53.5,70.1,59.1
187,2021,63.9,51.1,72.6,61.5
187,2022,61.5,55.9,65.8,59.7
187,2023,57.7,53.3,64.6,50.9
187,2024,57.1,55.0,58.4,56.8
187,2025,59.0,57.6,63.6,53.3
188,2012,54.0,42.8,59.7,60.4
188,2013,55.0,38.9,62.7,65.2
188,2014,60.8,50.6,71.2,58.5
188,2015,65.6,52.9,72.7,72.0
188,2016,67.1,52.4,77.7,70.8
188,2017,64.0,42.7,81.2,66.1
188,2018,68.2,60.0,76.8,65.9
188,2019,62.8,50.7,65.2,75.9
188,2020,63.9,49.9,71.1,71.9
188,2021,58.5,44.1,68.9,61.9
188,2022,63.3,50.1,72.8,66.5
188,2023,61.1,50.1,66.6,67.7
188,2024,51.9,50.5,53.1,52.0
188,2025,59.5,52.6,69.2,53.8
189,2012,80.8,69.8,94.1,74.8
189,2013,73.4,56.5,92.6,66.3
189,2014,71.5,59.7,87.6,62.3
189,2015,70.4,63.5,81.0,63.3
189,2016,75.2,64.1,85.7,74.1
189,2017,70.1,64.9,81.7,59.0
189,2018,74.4,66.9,87.5,63.9
189,2019,73.0,63.6,81.2,72.9
189,2020,73.0,70.3,77.4,69.6
189,2021,73.6,72.5,74.3,74.2
189,2022,75.6,72.3,75.8,80.0
189,2023,71.6,54.7,82.3,78.2
189,2024,66.9,49.5,83.0,65.4
189,2025,66.9,53.9,78.7,66.1
190,2012,47.8,41.8,48.7,53.3
190,2013,45.4,45.7,45.8,44.5
190,2014,50.6,48.8,52.6,49.2
190,2015,52.6,46.9,55.6,53.9
190,2016,45.4,37.2,48.8,49.0
190,2017,40.0,33.6,36.0,55.0
190,2018,46.5,44.2,45.2,51.5
190,2019,46.1,35.8,48.0,55.0
190,2020,44.9,36.2,47.6,50.4
190,2021,47.2,39.9,48.8,53.0
190,2022,46.5,42.0,45.0,54.5
190,2023,47.0,42.0,42.8,60.6
190,2024,52.0,43.7,49.5,66.5
190,2025,49.4,39.0,41.7,75.7
191,2012,39.8,37.3,44.0,40.4
191,2013,43.8,33.1,54.7,54.3
191,2014,31.5,11.7,49.9,52.6
191,2015,35.6,16.3,54.6,55.1
191,2016,46.6,35.8,59.1,55.8
191,2017,35.7,17.9,55.1,51.9
191,2018,40.0,30.9,53.1,45.3
191,2019,38.5,27.7,50.2,48.5
191,2020,49.5,45.7,54.0,52.7
191,2021,39.3,31.0,47.2,48.0
191,2022,43.8,38.9,42.0,55.2
191,2023,50.2,42.2,53.1,63.1
191,2024,51.1,45.3,49.7,64.2
191,2025,48.7,43.5,41.9,66.0
192,2012,59.6,74.4,72.0,28.6
192,2013,59.0,75.0,68.0,32.3
192,2014,59.7,82.6,70.4,24.5
192,2015,60.7,81.7,66.0,35.4
192,2016,59.8,80.7,68.1,29.9
192,2017,55.0,78.4,60.0,28.1
192,2018,48.2,84.5,47.9,18.5
192,2019,51.5,87.0,50.8,23.1
192,2020,53.1,91.2,53.6,20.5
192,2021,54.9,93.6,58.9,16.7
192,2022,57.3,90.5,59.3,26.7
192,2023,57.7,78.7,65.9,27.9
192,2024,49.4,71.3,57.3,19.3
192,2025,59.1,75.4,69.5,29.9
193,2012,45.4,50.6,44.9,39.0
193,2013,45.0,46.9,43.7,44.6
193,2014,41.2,49.7,28.2,50.3
193,2015,43.1,48.7,35.4,47.6
193,2016,42.7,53.2,35.8,39.0
193,2017,43.0,57.7,35.3,34.7
193,2018,40.3,50.8,35.1,34.1
193,2019,40.2,49.5,36.4,33.3
193,2020,43.7,48.7,46.4,32.2
193,2021,38.4,44.4,35.3,35.1
193,2022,36.5,35.8,36.4,37.7
193,2023,32.5,33.0,30.3,35.5
193,2024,36.9,37.5,40.8,29.8
193,2025,40.6,38.2,47.0,33.9
194,2012,53.2,69.5,60.0,29.4
194,2013,54.9,72.2,60.5,32.0
194,2014,53.1,70.8,62.9,23.5
194,2015,56.5,80.4,62.6,27.4
194,2016,52.8,73.0,61.9,22.3
194,2017,54.1,73.3,62.1,26.2
194,2018,46.7,70.0,49.0,23.7
194,2019,48.6,82.9,51.0,16.3
194,2020,50.3,84.5,52.2,19.1
194,2021,51.4,82.1,54.8,20.6
194,2022,54.2,68.1,63.1,29.4
194,2023,55.8,81.4,58.5,30.3
194,2024,57.4,80.0,70.0,19.8
194,2025,67.2,86.4,77.3,36.2
195,2012,59.3,43.6,63.9,73.8
195,2013,62.1,52.7,60.5,77.8
195,2014,56.1,55.9,49.6,66.7
195,2015,57.8,50.7,57.8,67.9
195,2016,61.0,60.4,56.5,69.0
195,2017,65.1,65.8,60.0,72.2
195,2018,63.7,55.3,72.2,61.9
195,2019,64.7,54.3,69.9,70.8
195,2020,60.9,51.3,64.6,68.5
195,2021,61.2,51.3,69.8,61.5
195,2022,61.6,52.2,68.5,63.8
195,2023,69.0,63.7,72.9,70.1
195,2024,70.8,67.1,71.8,74.5
196,2012,59.0,59.3,51.4,69.7
196,2013,64.9,70.9,50.4,71.7
196,2014,68.1,72.6,54.5,77.4
196,2015,62.2,60.6,58.7,71.5
196,2016,64.6,57.3,70.9,73.6
196,2017,68.1,58.2,76.6,80.2
196,2018,68.0,63.0,68.6,79.4
196,2019,71.7,64.7,75.2,84.0
196,2020,68.2,64.1,67.2,80.1
196,2021,61.2,54.2,66.1,71.4
196,2022,67.0,58.1,71.9,81.8
196,2023,71.6,60.1,80.0,87.6
196,2024,67.1,55.3,77.2,81.3
196,2025,62.8,58.2,67.4,67.4
197,2012,39.2,44.1,59.0,25.3
197,2013,42.8,40.1,61.3,32.7
197,2014,46.1,41.0,65.2,36.6
198,2012,46.5,24.4,61.6,48.4
198,2013,45.1,21.3,60.3,48.5
198,2014,45.9,25.4,62.4,44.5
198,2015,55.6,31.0,71.2,59.4
198,2016,53.8,33.5,68.4,54.5
198,2017,53.1,35.6,57.2,65.0
198,2018,47.8,25.1,55.1,60.8
198,2019,45.1,24.3,56.4,50.9
198,2020,37.1,6.0,52.5,47.6
198,2021,29.1,14.9,38.0,31.5
198,2022,26.6,17.9,31.9,28.3
198,2023,34.8,24.8,37.6,40.9
198,2024,32.7,21.8,39.1,35.1
198,2025,42.7,27.4,53.8,43.2
199,2012,43.4,48.5,26.9,64.0
199,2013,41.3,41.3,22.2,69.8
199,2014,40.2,40.7,20.0,70.2
199,2015,42.3,40.9,23.2,72.0
199,2016,47.0,56.6,25.6,71.0
199,2017,49.4,64.2,28.8,68.1
199,2018,44.2,62.6,23.2,60.5
199,2019,48.9,63.6,25.9,71.1
199,2020,47.8,61.3,23.2,73.4
199,2021,45.9,63.1,20.8,69.3
199,2022,46.0,64.1,27.9,58.1
199,2023,41.4,65.2,17.1,58.0
199,2024,39.8,65.9,13.7,57.2
199,2025,43.6,60.5,15.9,70.9
200,2012,60.6,46.0,76.7,53.8
200,2013,62.0,52.2,72.7,57.4
200,2014,61.3,49.5,67.5,64.7
200,2015,68.5,55.1,78.3,68.7
200,2016,70.7,53.8,89.8,62.2
200,2017,64.4,48.8,81.3,57.6
200,2018,60.2,48.2,76.3,50.6
200,2019,66.0,49.0,85.1,57.5
200,2020,71.9,55.6,92.0,61.5
200,2021,74.5,57.0,99.9,58.2
200,2022,74.0,64.2,100.0,49.1
200,2023,67.8,53.0,90.8,52.0
200,2024,65.9,52.8,82.6,56.8
200,2025,64.8,51.1,82.9,54.5
201,2012,50.4,33.5,76.5,41.5
201,2013,49.3,32.2,73.3,41.8
201,2014,47.5,33.6,54.6,48.8
201,2015,49.9,31.8,68.0,46.2
201,2016,49.4,41.9,63.9,43.7
201,2017,55.4,40.9,73.0,50.7
201,2018,50.2,43.5,69.1,41.5
201,2019,40.4,33.6,59.0,32.0
201,2020,44.7,35.9,50.8,44.5
201,2021,52.8,43.7,67.8,47.4
201,2022,51.3,42.0,57.6,51.2
201,2023,48.3,39.8,66.1,41.0
201,2024,42.1,37.2,68.8,28.0
201,2025,39.4,42.2,61.7,25.0
202,2012,55.0,64.4,53.8,49.1
202,2013,48.7,55.6,51.4,39.0
202,2014,51.0,60.6,49.7,44.9
202,2015,54.1,59.3,52.1,52.8
202,2016,49.8,60.7,48.1,43.1
202,2017,54.0,57.5,54.4,50.6
202,2018,56.8,50.8,61.8,54.4
202,2019,53.6,64.9,44.1,58.5
202,2020,52.0,74.8,39.7,51.6
203,2012,65.0,76.4,49.9,78.4
203,2013,48.8,58.5,34.7,62.6
203,2014,49.3,65.5,34.0,57.4
203,2015,57.9,67.6,49.0,62.3
203,2016,57.0,68.0,46.1,63.3
203,2017,53.6,71.7,34.2,67.0
203,2018,61.4,78.3,39.4,80.6
203,2019,68.9,73.6,56.3,85.9
203,2020,75.0,92.1,59.2,82.9
203,2021,67.3,77.8,49.7,86.2
203,2022,67.5,78.8,44.0,96.4
203,2023,63.4,69.2,41.4,96.1
203,2024,55.7,71.9,33.7,75.7
203,2025,58.0,77.3,32.9,80.1
204,2012,53.6,55.3,43.6,64.4
204,2013,59.5,58.7,56.8,65.7
204,2014,61.2,67.0,46.3,69.1
204,2015,58.3,59.4,52.8,63.9
204,2016,52.4,55.2,42.6,59.9
204,2017,55.6,62.0,46.3,53.5
204,2018,55.6,56.7,52.4,57.7
204,2019,54.4,51.9,55.2,59.7
204,2020,55.2,56.3,53.2,55.7
205,2012,63.7,45.6,62.8,87.1
205,2013,63.0,53.5,56.3,86.4
205,2014,60.2,42.2,56.7,87.9
205,2015,57.5,46.5,52.2,80.3
205,2016,52.7,51.2,39.0,79.2
205,2017,52.1,31.6,45.7,88.2
205,2018,56.8,48.5,50.8,77.7
205,2019,61.8,56.5,49.2,90.7
206,2012,59.3,45.6,63.8,67.6
206,2013,51.2,38.1,52.1,65.1
206,2014,48.6,35.9,45.3,69.8
206,2015,56.1,54.6,52.3,64.8
206,2016,50.0,38.0,53.9,57.5
206,2017,48.8,36.1,54.2,54.4
206,2018,52.9,46.3,53.1,60.4
206,2019,49.4,45.9,55.5,42.7
206,2020,55.7,49.1,63.8,49.2
206,2021,51.9,46.0,53.2,56.8
206,2022,56.5,52.5,57.4,59.5
206,2023,56.5,55.2,54.6,61.3
206,2024,54.4,57.5,54.4,50.6
206,2025,53.1,50.3,52.9,56.7
207,2012,43.2,19.0,73.8,17.5
207,2013,41.4,9.1,76.7,15.5
207,2014,51.0,29.6,85.1,17.7
207,2015,59.6,46.9,91.8,21.9
207,2016,47.0,31.9,85.1,2.5
207,2017,47.4,31.6,85.2,3.7
207,2018,50.5,35.6,92.5,0.0
207,2019,53.7,44.2,90.3,6.7
207,2020,62.9,55.1,89.5,29.6
207,2021,55.9,43.6,81.5,27.7
207,2022,57.6,42.7,84.7,29.3
207,2023,52.4,28.6,74.4,39.1
207,2024,50.5,31.6,72.4,33.3
207,2025,50.2,25.5,70.1,40.8
208,2012,46.4,38.1,61.9,43.7
208,2013,45.6,40.6,57.7,40.1
208,2014,49.4,40.7,66.3,45.7
208,2015,55.7,52.8,63.2,51.7
208,2016,54.6,49.7,65.4,50.4
208,2017,45.7,44.2,53.6,37.8
208,2018,45.3,39.3,57.9,41.3
208,2019,49.2,47.4,61.0,36.1
208,2020,45.4,35.6,66.7,37.9
208,2021,49.1,45.0,65.2,35.3
208,2022,54.7,49.2,74.3,39.2
208,2023,53.3,43.8,71.4,49.7
208,2024,56.4,45.4,72.9,59.3
208,2025,50.2,36.1,69.5,56.5
209,2012,60.7,57.0,62.8,66.6
209,2013,57.7,53.0,59.7,66.4
209,2014,63.5,59.5,62.1,75.7
209,2015,57.1,53.5,54.8,69.7
209,2016,61.0,57.8,62.4,66.7
209,2017,57.2,54.4,60.2,59.8
209,2018,55.0,47.7,58.4,68.3
209,2019,58.8,49.7,62.5,75.9
209,2020,58.1,44.0,65.8,81.8
209,2021,47.9,41.5,53.1,56.0
210,2012,46.2,50.6,54.0,29.8
210,2013,47.2,43.4,65.3,36.5
210,2014,53.5,60.4,62.1,31.0
210,2015,48.2,53.8,57.0,28.1
210,2016,37.1,44.2,45.5,14.5
210,2017,38.6,40.1,56.6,17.4
210,2018,43.8,46.7,64.2,17.7
210,2019,48.4,61.7,53.4,16.7
210,2020,51.0,63.9,54.2,22.0
210,2021,49.8,60.5,52.9,25.2
210,2022,45.5,55.8,45.5,24.8
210,2023,44.0,53.4,38.7,30.7
210,2024,46.8,56.7,37.3,36.7
210,2025,47.4,55.2,39.8,39.4
211,2012,54.9,53.9,59.3,48.1
211,2013,51.2,61.0,45.9,48.9
211,2014,51.2,56.9,44.9,55.6
211,2015,51.7,51.4,52.0,51.4
211,2016,52.4,52.5,50.7,55.2
211,2017,51.6,46.7,48.8,62.7
211,2018,53.9,44.0,54.6,64.4
211,2019,53.6,47.3,49.3,69.0
211,2020,55.7,47.2,54.8,67.6
211,2021,55.8,54.1,49.3,69.7
211,2022,50.3,48.2,41.2,69.1
211,2023,49.3,45.9,43.8,63.4
211,2024,52.1,54.1,41.5,68.8
211,2025,55.3,50.8,51.2,68.2
212,2012,39.3,9.7,71.8,28.9
212,2013,38.2,8.4,68.1,32.0
212,2014,40.6,7.2,70.2,40.0
212,2015,37.6,6.1,66.5,35.6
212,2016,41.5,17.1,63.1,41.1
212,2017,37.7,10.0,58.7,43.0
212,2018,42.3,19.0,68.3,33.4
212,2019,44.5,22.6,71.8,31.6
213,2012,68.8,77.8,69.5,49.9
213,2013,64.6,72.1,67.1,47.0
213,2014,69.4,76.7,73.0,51.2
213,2015,73.0,75.4,82.1,58.9
213,2016,69.8,76.2,64.2,62.5
213,2017,69.4,76.5,63.7,61.1
213,2018,77.2,84.6,75.6,64.2
213,2019,70.7,79.7,74.1,49.3
213,2020,71.1,85.7,70.3,42.7
213,2021,72.0,84.6,74.1,44.9
213,2022,75.6,81.1,85.1,55.3
213,2023,71.5,75.4,86.8,48.3
213,2024,68.4,76.0,75.8,45.9
213,2025,73.2,81.9,78.5,50.5
214,2012,57.2,55.2,76.4,41.8
214,2013,62.0,65.0,73.6,44.5
214,2014,62.0,64.6,75.3,43.4
214,2015,67.2,68.0,77.1,55.9
215,2012,48.8,70.3,29.1,33.7
215,2013,46.1,64.0,28.3,35.3
215,2014,49.0,63.9,30.5,44.4
215,2015,51.2,66.2,23.3,57.6
215,2016,49.8,65.5,27.7,47.9
215,2017,49.3,63.5,32.9,43.6
215,2018,48.2,65.4,30.0,39.1
215,2019,48.3,73.3,26.4,29.5
215,2020,53.8,70.4,42.6,37.2
215,2021,51.5,74.3,32.7,32.9
215,2022,48.9,67.9,29.1,38.3
215,2023,51.4,71.0,29.9,41.8
215,2024,54.7,78.0,30.3,41.9
215,2025,55.7,81.5,22.6,48.9
216,2012,67.2,95.4,88.4,43.1
216,2013,71.6,93.8,100.0,45.7
216,2014,63.0,89.8,89.8,36.3
216,2015,61.8,84.4,95.5,32.6
216,2016,72.2,85.5,100.0,50.3
216,2017,76.0,88.4,100.0,56.6
216,2018,77.9,90.0,98.6,60.7
216,2019,73.4,88.1,99.0,52.2
216,2020,75.4,86.6,96.6,58.2
216,2021,74.5,81.7,96.4,58.4
216,2022,67.5,78.3,99.1,44.2
216,2023,69.1,79.4,94.3,49.9
216,2024,69.3,85.7,87.4,51.8
216,2025,61.4,76.6,83.6,42.0
217,2012,68.0,46.6,84.6,67.4
217,2013,68.5,46.3,79.9,75.6
217,2014,77.0,55.8,91.7,78.7
217,2015,71.4,46.0,92.5,68.8
217,2016,74.6,51.1,100.0,64.1
217,2017,80.0,62.1,100.0,71.4
217,2018,76.8,67.0,99.5,56.2
217,2019,79.6,64.3,100.0,67.7
217,2020,73.0,59.4,93.2,59.7
217,2021,67.6,42.6,94.8,56.2
217,2022,69.9,42.8,100.0,56.8
217,2023,72.6,47.7,100.0,61.0
217,2024,66.8,39.1,90.8,62.4
217,2025,72.7,47.3,98.8,63.4
218,2012,43.8,86.2,15.2,30.4
218,2013,36.6,73.8,12.3,23.2
218,2014,35.3,68.8,14.7,21.3
218,2015,39.3,67.7,20.8,29.3
218,2016,41.2,77.6,18.3,26.9
218,2017,41.4,76.5,21.2,24.4
218,2018,41.0,69.5,24.7,27.1
218,2019,39.4,67.2,17.2,36.0
218,2020,49.4,77.8,34.0,34.2
218,2021,47.9,81.4,24.8,37.9
218,2022,51.6,94.5,17.7,45.8
218,2023,59.4,97.1,28.7,55.8
218,2024,51.7,87.3,21.8,49.6
218,2025,47.5,75.4,20.7,51.2
219,2012,60.9,74.3,49.2,67.4
219,2013,66.2,79.7,51.5,76.9
219,2014,62.9,74.4,50.7,71.5
219,2015,62.6,70.8,52.4,71.1
219,2016,60.6,69.4,56.6,59.2
219,2017,58.5,71.2,53.1,56.1
219,2018,59.1,63.1,54.4,62.9
219,2019,61.3,68.5,53.6,67.0
219,2020,59.2,77.3,46.9,62.7
219,2021,61.3,70.6,48.7,72.3
219,2022,60.7,66.5,50.3,71.5
219,2023,67.1,65.7,64.3,72.5
219,2024,66.2,65.7,64.1,69.8
219,2025,68.3,75.2,61.3,73.1
220,2012,45.6,38.1,37.1,64.5
220,2013,46.7,36.1,40.0,66.3
220,2014,48.6,44.9,40.4,63.2
221,2012,66.3,57.0,84.2,62.5
221,2013,58.8,47.5,82.7,51.1
221,2014,60.4,53.8,81.2,45.9
221,2015,64.8,61.5,77.9,53.5
221,2016,63.8,63.5,71.2,53.7
221,2017,69.3,63.1,84.8,61.6
221,2018,67.4,63.3,80.0,59.0
221,2019,69.8,69.1,82.9,52.0
221,2020,63.4,59.8,77.5,51.1
221,2021,64.7,59.0,82.4,52.6
221,2022,61.4,59.3,76.0,45.0
221,2023,60.2,60.7,69.4,45.0
221,2024,62.3,59.0,72.5,55.1
221,2025,65.1,64.7,75.1,51.3
222,2012,37.7,24.0,59.0,40.0
222,2013,43.9,24.3,68.1,56.8
222,2014,44.4,31.7,60.3,52.2
222,2015,46.3,31.4,71.1,46.2
222,2016,44.7,29.2,71.2,43.5
222,2017,44.8,33.0,74.6,29.4
222,2018,55.8,39.5,82.2,56.8
222,2019,56.6,47.9,68.9,59.9
222,2020,57.4,46.8,74.7,58.1
222,2021,42.7,26.9,71.1,39.6
222,2022,56.3,41.4,83.4,52.9
222,2023,51.2,34.4,75.1,57.1
222,2024,52.5,33.4,79.2,60.1
222,2025,49.4,30.5,73.6,60.3
223,2012,62.7,52.5,76.8,49.4
223,2013,68.5,58.5,85.6,49.9
223,2014,68.8,52.6,87.1,55.1
223,2015,62.6,55.0,77.7,44.6
223,2016,64.3,57.2,80.7,43.2
223,2017,70.5,65.8,85.0,50.1
224,2012,68.2,48.6,58.0,100.0
224,2013,62.9,33.5,56.6,96.8
224,2014,63.8,39.7,53.1,100.0
224,2015,67.1,42.0,59.2,100.0
224,2016,68.1,42.4,61.2,100.0
224,2017,67.3,35.0,63.5,100.0
224,2018,68.8,32.3,68.3,100.0
224,2019,74.3,35.9,78.6,100.0
224,2020,67.0,40.1,68.5,87.2
224,2021,69.0,45.8,71.5,84.7
224,2022,71.7,53.5,62.9,100.0
224,2023,68.8,48.2,62.9,94.7
224,2024,72.5,52.7,65.1,100.0
224,2025,77.4,65.0,69.6,99.5
225,2012,22.5,27.3,30.2,6.9
225,2013,26.3,22.8,34.8,16.4
225,2014,23.8,31.3,26.5,13.6
225,2015,23.0,27.3,26.5,14.1
225,2016,19.3,20.5,23.9,11.4
225,2017,19.0,25.0,22.6,8.7
225,2018,17.0,21.5,22.7,4.7
225,2019,17.9,28.1,22.7,2.2
225,2020,24.3,31.9,28.7,11.4
225,2021,24.3,32.4,31.0,7.4
225,2022,23.3,24.8,29.0,13.5
225,2023,24.6,24.3,32.7,12.8
225,2024,25.7,23.8,34.8,13.6
225,2025,26.8,29.8,30.5,18.8
226,2012,40.2,6.5,43.9,62.8
226,2013,40.5,0.3,44.6,68.0
226,2014,43.1,15.1,39.7,71.6
226,2015,46.7,12.1,43.9,79.8
226,2016,37.4,6.8,44.0,53.0
226,2017,44.2,10.9,57.5,52.0
226,2018,43.5,16.5,52.9,51.8
226,2019,46.5,24.6,53.3,54.4
226,2020,45.6,16.9,50.2,62.5
226,2021,46.4,12.5,53.5,64.0
226,2022,55.6,15.3,65.4,74.5
227,2012,37.4,34.7,4.4,81.7
227,2013,42.5,39.5,11.1,85.7
227,2014,42.0,38.9,15.0,79.8
227,2015,46.5,42.7,24.1,80.1
227,2016,42.2,33.2,22.3,82.2
227,2017,42.4,29.1,30.0,81.2
227,2018,45.4,36.3,33.6,76.0
227,2019,42.0,33.2,27.9,74.8
227,2020,40.0,26.6,31.3,74.5
227,2021,42.2,36.3,31.4,65.8
227,2022,43.0,34.3,35.6,67.5
227,2023,45.1,36.0,34.4,74.3
227,2024,41.1,35.8,29.4,64.6
228,2012,58.6,58.3,57.1,61.6
228,2013,60.9,64.0,49.8,69.8
228,2014,64.4,67.4,46.9,82.9
228,2015,70.6,78.6,46.4,87.0
228,2016,72.3,80.8,58.6,71.6
228,2017,74.0,80.3,60.3,78.6
228,2018,81.4,89.2,67.9,82.3
228,2019,74.4,81.8,65.3,69.3
228,2020,75.8,81.1,66.7,76.0
228,2021,73.0,73.3,72.5,72.9
228,2022,73.0,76.4,73.0,64.7
228,2023,72.2,70.4,75.3,72.0
228,2024,78.6,84.6,71.5,74.4
228,2025,73.2,73.2,71.5,75.8
229,2012,78.1,100.0,56.4,82.3
229,2013,81.0,100.0,65.2,79.5
229,2014,79.1,100.0,60.4,79.6
229,2015,79.4,100.0,61.9,78.4
229,2016,72.7,100.0,47.3,75.3
229,2017,76.7,100.0,56.7,76.1
229,2018,72.9,100.0,52.1,68.4
229,2019,76.9,100.0,57.6,75.4
229,2020,74.4,100.0,50.1,77.6
229,2021,80.6,100.0,61.4,84.1
229,2022,83.4,100.0,59.5,98.4
229,2023,84.9,100.0,66.0,93.8
229,2024,83.5,100.0,61.3,96.1
229,2025,79.0,100.0,61.8,77.2
230,2012,59.2,59.7,44.1,68.0
230,2013,65.9,47.6,48.0,84.0
230,2014,68.8,56.2,56.0,81.6
230,2015,59.4,60.1,51.1,64.2
230,2016,57.4,57.8,44.8,64.9
230,2017,59.2,65.2,40.8,67.9
230,2018,60.1,62.9,46.2,67.3
230,2019,60.7,45.3,46.6,75.4
230,2020,60.4,42.8,48.8,74.4
230,2021,62.7,51.6,48.7,75.6
230,2022,64.2,52.4,41.4,82.6
230,2023,64.6,58.0,46.9,77.9
230,2024,63.4,54.1,39.0,81.8
230,2025,59.5,54.1,30.4,79.1
231,2012,59.1,45.3,60.0,69.3
231,2013,57.4,49.8,58.9,61.4
231,2014,56.5,57.0,49.4,66.8
231,2015,62.3,66.3,54.5,70.8
231,2016,60.9,57.8,55.1,72.1
232,2012,62.9,76.8,41.0,56.9
232,2013,60.4,67.3,45.9,61.0
232,2014,59.9,74.3,40.6,50.4
232,2015,61.9,77.9,37.7,54.0
232,2016,60.8,77.6,28.1,59.8
232,2017,55.9,66.1,34.8,56.6
232,2018,54.0,64.0,30.2,57.8
232,2019,57.8,64.2,36.8,66.2
232,2020,72.2,84.7,52.2,67.2
232,2021,64.0,78.5,42.7,56.2
232,2022,52.3,60.2,40.0,48.7
232,2023,61.3,69.1,43.4,63.7
232,2024,60.0,67.9,38.7,65.6
232,2025,58.8,74.4,26.6,59.9
233,2012,46.0,76.5,32.8,40.3
233,2013,51.9,73.5,41.7,49.2
233,2014,48.2,68.7,33.0,53.8
233,2015,54.2,74.5,42.8,54.5
233,2016,53.9,76.3,45.1,48.5
233,2017,56.1,85.7,36.5,60.9
233,2018,55.0,79.5,35.7,63.6
233,2019,56.2,85.6,38.8,57.7
233,2020,57.2,85.7,41.8,56.5
233,2021,60.0,89.5,41.7,62.9
233,2022,57.7,73.9,43.6,65.4
233,2023,59.4,84.4,44.3,61.2
233,2024,55.9,72.2,46.4,56.6
233,2025,58.0,75.1,42.9,66.5
234,2012,54.0,38.8,68.6,45.9
234,2013,50.9,42.5,61.1,42.7
234,2014,56.8,43.0,69.8,50.1
234,2015,61.0,51.6,71.9,52.8
234,2016,66.4,59.2,76.8,56.4
234,2017,68.3,56.7,75.9,68.4
234,2018,74.1,52.3,86.9,77.3
234,2019,71.5,52.2,84.7,70.8
234,2020,73.8,64.1,82.6,69.5
234,2021,66.7,55.5,76.6,62.5
234,2022,65.2,58.1,75.8,54.5
234,2023,66.2,59.0,78.1,53.6
234,2024,77.5,63.7,94.6,63.1
234,2025,75.9,64.7,90.9,62.3
235,2012,55.0,71.5,57.3,28.3
235,2013,61.6,75.0,63.2,40.2
235,2014,54.6,70.7,54.4,32.3
235,2015,55.9,73.6,58.4,27.0
235,2016,40.5,60.7,34.6,21.6
235,2017,50.0,70.8,39.9,36.9
235,2018,49.1,74.6,39.0,29.7
235,2019,50.1,73.8,47.2,21.4
235,2020,48.1,71.6,40.2,27.9
235,2021,36.3,56.6,28.7,20.0
235,2022,24.3,46.8,12.4,11.8
235,2023,41.4,65.1,27.3,30.9
235,2024,40.7,65.6,29.6,23.5
235,2025,49.0,74.5,37.9,31.1
236,2012,44.1,65.1,45.3,34.9
236,2013,44.2,82.4,40.5,31.1
236,2014,46.6,76.4,48.4,33.5
236,2015,50.4,80.8,47.3,40.2
236,2016,50.6,82.3,39.7,44.5
236,2017,56.7,89.2,39.6,53.9
236,2018,55.7,77.6,59.3,44.8
236,2019,55.3,78.8,46.9,51.0
236,2020,55.9,77.5,52.4,49.3
236,2021,54.3,89.8,49.1,43.3
236,2022,54.9,95.1,46.9,43.7
236,2023,56.1,91.1,49.9,45.8
237,2012,54.8,55.9,50.7,56.7
237,2013,50.1,51.0,43.2,55.3
237,2014,48.8,58.5,34.8,43.4
237,2015,60.6,77.2,34.5,53.7
237,2016,64.6,84.6,31.0,58.1
237,2017,56.6,72.0,27.1,55.1
237,2018,52.9,62.3,34.7,52.4
237,2019,57.7,64.1,51.9,50.8
237,2020,63.3,68.2,63.7,52.9
237,2021,53.4,60.8,41.7,50.4
237,2022,54.4,61.4,48.3,46.5
237,2023,55.4,66.3,48.8,40.0
237,2024,56.6,67.2,53.4,38.6
237,2025,59.5,71.0,51.1,44.8
238,2012,23.1,39.0,6.5,27.4
238,2013,22.9,37.0,7.2,28.2
238,2014,18.3,27.6,3.2,29.3
238,2015,24.9,33.3,11.4,34.8
238,2016,23.9,33.7,7.1,36.9
238,2017,30.2,45.4,13.4,36.0
238,2018,33.7,46.9,20.6,36.3
238,2019,34.8,37.4,28.4,41.2
238,2020,31.6,30.1,26.9,41.2
238,2021,35.4,38.4,23.3,50.5
238,2022,30.4,37.4,22.1,34.0
238,2023,32.5,52.8,12.4,36.3
238,2024,39.7,57.5,25.7,37.2
238,2025,32.6,60.3,9.5,30.7
239,2012,47.0,49.7,37.4,54.4
239,2013,42.5,47.3,30.2,48.9
239,2014,41.6,42.8,39.1,42.3
239,2015,44.6,43.8,47.1,42.7
239,2016,47.4,45.0,49.3,50.7
239,2017,53.4,62.3,47.2,40.7
239,2018,51.6,65.0,37.0,39.8
239,2019,45.8,54.1,38.5,35.9
239,2020,46.2,51.1,39.0,44.6
239,2021,47.1,46.1,54.7,38.0
239,2022,54.0,53.2,61.8,44.4
239,2023,61.1,64.1,60.6,54.5
239,2024,55.8,63.1,53.9,40.2
239,2025,62.8,76.0,56.5,39.0
240,2012,59.1,57.9,56.6,63.9
240,2013,59.6,64.2,48.5,61.6
240,2014,61.7,64.9,49.8,67.2
240,2015,60.8,58.7,58.6,67.2
240,2016,63.0,61.2,54.6,75.1
240,2017,55.4,50.9,53.3,66.5
240,2018,58.8,56.5,51.1,71.2
240,2019,62.8,67.3,56.4,60.2
240,2020,64.4,67.0,55.3,68.4
240,2021,51.7,49.4,44.2,63.9
240,2022,58.5,56.5,47.8,73.1
240,2023,53.2,53.7,43.7,61.5
240,2024,49.2,44.4,45.6,62.5
240,2025,61.5,59.4,62.3,64.9
241,2012,47.2,49.1,37.6,62.0
241,2013,48.6,51.4,38.7,63.0
241,2014,60.4,66.8,52.0,67.9
241,2015,51.3,57.8,42.2,59.7
241,2016,58.5,65.9,43.8,76.0
241,2017,62.3,68.6,51.0,75.1
241,2018,64.1,68.5,53.7,77.4
241,2019,55.2,64.6,43.0,65.8
241,2020,54.3,52.4,43.1,76.9
241,2021,55.3,64.4,39.9,72.0
241,2022,57.4,67.1,48.0,62.7
242,2012,29.1,14.5,28.9,49.8
242,2013,39.7,20.0,44.6,59.3
242,2014,37.5,19.6,41.1,56.9
242,2015,40.4,24.8,37.9,66.3
242,2016,40.9,21.2,41.8,67.0
242,2017,40.1,17.1,44.2,65.6
242,2018,38.8,8.6,48.5,65.5
242,2019,38.7,16.2,42.2,64.6
242,2020,50.4,36.9,51.9,66.8
242,2021,45.4,30.4,48.1,62.1
242,2022,37.8,26.5,36.5,55.5
242,2023,41.6,29.5,38.6,63.2
242,2024,36.3,31.6,29.5,53.7
242,2025,45.9,39.5,40.9,62.7
243,2012,24.8,8.9,47.4,34.2
243,2013,21.7,12.2,40.0,22.5
243,2014,28.6,23.6,43.6,23.5
243,2015,24.6,21.7,38.4,16.7
243,2016,29.4,23.5,44.6,25.9
243,2017,32.4,22.6,50.0,34.3
243,2018,33.2,26.9,40.7,38.5
243,2019,32.3,23.2,43.6,39.1
243,2020,28.8,21.3,38.0,34.6
243,2021,29.8,30.1,22.1,36.7
243,2022,32.9,28.2,37.6,37.6
243,2023,33.7,23.3,51.2,36.8
243,2024,30.4,21.5,47.9,30.7
243,2025,38.8,28.4,58.4,39.8
244,2012,71.8,56.7,82.7,91.1
244,2013,63.0,51.2,75.7,74.0
244,2014,69.1,58.6,81.4,77.7
244,2015,72.1,57.8,82.5,90.4
244,2016,71.8,55.5,78.3,98.0
244,2017,73.8,58.6,82.1,96.0
244,2018,68.3,55.6,79.3,82.6
244,2019,82.8,71.9,94.1,93.5
244,2020,83.5,74.3,100.0,85.5
244,2021,84.1,72.8,95.7,95.1
244,2022,77.2,73.9,79.6,81.6
244,2023,66.9,55.1,74.4,82.9
244,2024,67.7,53.8,74.6,88.6
244,2025,84.2,73.2,91.1,99.1
245,2012,37.9,16.8,58.2,34.1
245,2013,38.0,14.9,49.9,40.1
245,2014,31.6,14.1,50.5,27.3
245,2015,40.5,35.7,63.5,28.7
246,2012,57.2,46.1,66.7,52.1
246,2013,54.1,47.5,60.3,50.2
246,2014,56.8,54.0,59.6,54.9
246,2015,55.0,56.0,53.8,56.0
246,2016,55.9,50.8,65.2,46.1
246,2017,54.2,58.6,53.0,52.3
246,2018,55.1,65.2,46.6,59.5
246,2019,58.2,67.7,51.1,61.1
246,2020,62.4,69.9,56.4,65.0
246,2021,63.9,81.4,58.6,57.4
246,2022,64.9,70.7,59.5,68.3
246,2023,65.3,73.7,64.6,59.4
246,2024,61.8,75.0,61.2,51.7
246,2025,63.2,69.7,61.1,61.0
247,2012,42.5,33.5,56.6,43.7
247,2013,43.2,35.1,59.1,39.4
247,2014,42.4,34.3,54.2,45.0
247,2015,45.5,39.8,52.2,49.7
247,2016,38.4,28.8,42.9,55.4
247,2017,44.3,36.4,52.8,51.1
247,2018,43.3,34.6,53.5,49.6
247,2019,46.3,41.6,54.3,46.0
247,2020,47.9,43.2,58.9,43.4
247,2021,57.8,59.8,63.4,44.3
247,2022,62.2,67.8,64.5,44.6
247,2023,58.0,55.2,67.7,50.7
247,2024,60.0,59.1,68.3,49.7
247,2025,60.4,58.4,65.6,57.6
248,2012,44.8,54.1,66.0,7.3
248,2013,46.7,62.6,69.7,0.0
248,2014,47.2,67.8,67.1,0.0
248,2015,52.8,73.6,76.9,0.0
249,2012,65.1,81.5,65.5,35.1
249,2013,67.5,82.4,67.1,41.2
249,2014,71.8,88.3,70.9,43.1
249,2015,68.7,91.9,62.4,34.6
249,2016,73.8,98.1,68.1,36.9
249,2017,75.1,91.0,73.0,49.0
249,2018,74.2,90.4,68.3,52.2
249,2019,78.2,96.1,68.1,58.3
249,2020,76.2,95.0,67.4,53.1
249,2021,74.1,87.4,68.7,56.6
249,2022,80.0,100.0,71.7,54.1
249,2023,82.0,100.0,76.3,56.5
249,2024,78.8,93.8,84.8,44.6
249,2025,77.8,92.1,76.7,53.4
250,2012,45.9,63.7,47.3,37.9
250,2013,46.6,71.0,38.8,41.6
250,2014,46.2,70.4,35.3,43.1
250,2015,51.6,78.9,41.0,47.0
250,2016,53.8,79.1,42.4,50.6
250,2017,47.9,77.5,36.7,42.8
250,2018,50.1,75.0,37.2,47.8
250,2019,49.3,78.2,36.7,45.3
250,2020,54.6,70.8,39.9,57.0
250,2021,54.3,76.6,40.0,54.0
250,2022,50.1,75.3,47.0,41.8
250,2023,50.9,72.3,50.3,42.7
250,2024,52.5,80.2,45.9,45.4
250,2025,48.1,80.5,49.3,34.5
251,2012,58.8,46.9,52.5,78.1
251,2013,56.9,45.4,55.5,68.6
251,2014,53.4,45.4,51.8,62.4
251,2015,45.9,34.6,46.9,53.9
251,2016,53.4,39.6,56.8,59.7
251,2017,47.8,38.4,44.0,61.4
251,2018,50.9,32.9,47.0,71.8
251,2019,46.8,22.1,42.2,74.3
251,2020,51.2,25.4,51.0,73.0
251,2021,56.6,36.9,57.5,71.7
251,2022,58.2,43.6,57.2,71.7
251,2023,62.8,40.3,60.0,85.9
251,2024,46.1,24.9,38.9,74.7
251,2025,54.4,37.9,48.6,76.9
252,2012,42.3,36.2,76.2,24.4
252,2013,48.2,39.2,82.2,31.3
252,2014,59.9,49.3,97.7,41.5
252,2015,61.4,46.5,100.0,44.1
252,2016,54.8,49.4,85.0,38.9
252,2017,52.1,54.1,86.3,30.8
252,2018,53.5,52.9,84.2,35.3
252,2019,57.7,59.3,86.4,39.9
252,2020,72.4,60.5,99.4,60.9
252,2021,67.0,65.9,92.0,52.4
252,2022,65.4,53.9,86.6,57.2
252,2023,62.6,56.2,76.7,56.8
252,2024,58.4,55.9,63.4,56.5
252,2025,60.8,47.8,74.4,57.9
253,2012,41.4,74.3,13.9,39.5
253,2013,44.6,71.7,21.1,44.1
253,2014,49.6,75.6,29.3,45.7
253,2015,45.8,72.4,26.0,40.1
253,2016,40.9,67.6,20.8,35.5
253,2017,46.4,76.0,22.2,43.8
253,2018,41.4,75.1,17.3,32.6
253,2019,32.6,67.8,5.9,25.9
253,2020,48.1,81.2,25.6,37.8
253,2021,27.1,63.9,0.2,18.8
254,2012,53.8,43.8,75.5,45.6
254,2013,54.1,45.9,75.1,43.6
254,2014,54.7,43.7,74.1,51.3
254,2015,54.5,38.4,75.4,58.4
254,2016,61.1,43.5,91.4,56.6
254,2017,64.0,48.2,92.6,58.1
254,2018,69.4,52.0,100.0,64.2
254,2019,63.1,53.0,93.8,44.4
254,2020,58.7,51.7,86.0,38.4
254,2021,60.7,48.8,80.9,57.8
254,2022,61.8,51.1,86.9,50.8
254,2023,55.7,49.1,79.2,39.4
254,2024,61.2,61.0,74.0,46.0
254,2025,57.7,52.9,83.1,36.0
255,2012,50.4,67.9,45.1,43.8
255,2013,45.1,66.1,33.4,45.3
255,2014,45.4,73.0,32.7,41.5
255,2015,41.8,63.7,22.3,52.9
255,2016,38.7,57.4,23.5,46.0
255,2017,45.6,54.1,31.3,59.9
255,2018,42.1,56.2,28.5,50.6
255,2019,43.8,53.3,35.1,49.0
255,2020,39.6,64.9,27.9,35.9
255,2021,35.3,60.2,19.2,38.7
255,2022,39.6,60.4,24.2,45.4
255,2023,37.2,63.5,23.6,35.6
255,2024,41.1,68.7,25.1,42.1
255,2025,41.1,67.6,24.0,44.6
256,2012,55.4,65.7,32.6,63.6
256,2013,53.2,62.0,36.3,56.5
256,2014,51.4,56.7,42.5,51.4
256,2015,53.3,59.3,39.4,59.3
256,2016,55.4,75.6,27.9,46.3
256,2017,57.8,71.8,38.1,52.2
256,2018,53.2,65.6,34.9,49.4
256,2019,63.9,70.3,54.3,62.2
256,2020,69.3,75.5,61.6,65.3
256,2021,68.1,76.3,59.2,60.8
256,2022,63.4,70.4,51.4,63.7
256,2023,65.8,72.5,55.1,65.2
256,2024,55.1,60.2,43.3,60.2
256,2025,49.1,51.2,33.7,66.8
257,2012,62.9,74.9,61.3,51.3
257,2013,62.3,70.1,59.1,58.6
257,2014,62.6,71.1,58.3,60.3
257,2015,70.4,77.6,74.6,54.3
257,2016,69.4,68.7,75.7,59.0
257,2017,72.7,83.5,72.8,59.5
257,2018,72.1,88.5,69.4,57.1
257,2019,73.2,90.2,64.1,69.1
257,2020,70.5,87.8,61.2,66.6
257,2021,69.8,86.7,57.7,71.2
257,2022,55.9,66.9,48.1,56.9
257,2023,60.8,74.6,48.7,66.2
257,2024,64.1,78.7,52.9,66.9
257,2025,66.2,82.7,59.1,59.2
258,2012,77.5,71.5,98.7,50.7
258,2013,71.6,62.0,93.4,46.8
258,2014,59.5,43.5,80.6,41.1
258,2015,69.1,55.6,90.9,47.8
258,2016,65.0,51.9,84.5,46.7
258,2017,62.3,52.2,78.0,47.0
258,2018,66.3,52.7,82.3,53.5
258,2019,60.8,60.2,66.3,53.1
258,2020,63.4,53.9,76.0,52.4
258,2021,63.2,49.1,78.1,52.7
258,2022,62.3,51.4,77.2,49.0
258,2023,71.0,60.5,92.8,47.0
259,2012,45.7,35.8,49.4,50.9
259,2013,42.6,25.8,43.7,60.9
259,2014,45.7,33.2,48.0,56.5
259,2015,48.0,34.4,50.2,60.3
259,2016,55.7,35.3,59.7,73.0
259,2017,47.3,19.0,51.5,73.6
259,2018,44.0,24.0,42.3,71.0
259,2019,46.4,26.3,49.1,65.6
259,2020,48.3,36.4,48.3,62.5
259,2021,52.5,30.2,59.1,67.2
259,2022,50.2,34.7,57.9,55.0
259,2023,53.2,32.6,59.9,65.8
259,2024,52.1,36.7,51.3,72.2
259,2025,59.3,49.5,58.9,71.6
260,2012,22.6,20.6,25.0,23.8
260,2013,27.5,25.7,35.0,20.8
260,2014,26.5,23.7,32.8,24.2
260,2015,29.5,23.3,42.3,25.9
260,2016,25.8,14.9,44.2,25.5
260,2017,24.9,14.0,41.3,27.7
260,2018,28.8,14.5,55.1,25.1
260,2019,30.9,17.4,51.2,34.0
260,2020,32.2,25.1,47.0,27.8
260,2021,39.0,35.1,48.0,35.2
260,2022,31.3,28.5,43.4,20.1
260,2023,29.9,21.8,44.3,28.6
260,2024,27.1,20.2,36.6,30.2
260,2025,35.4,33.2,44.8,26.7
261,2012,57.2,56.7,63.0,48.5
261,2013,58.0,61.7,63.1,44.5
261,2014,54.4,50.8,58.8,52.2
261,2015,57.3,62.8,59.4,46.2
261,2016,58.9,54.2,63.6,57.9
261,2017,60.7,47.2,72.0,61.5
261,2018,62.0,57.1,68.2,58.8
261,2019,61.2,58.6,63.6,60.8
261,2020,62.5,60.3,66.5,59.1
261,2021,62.7,62.1,65.8,58.4
261,2022,65.3,63.9,70.2,59.5
261,2023,67.4,71.3,69.8,58.1
261,2024,63.8,66.5,62.1,62.7
261,2025,50.4,49.3,54.3,45.7
262,2012,67.4,53.8,91.3,42.8
262,2013,63.6,53.3,83.5,42.5
262,2014,64.4,63.8,82.4,38.0
262,2015,61.7,54.4,74.1,49.3
262,2016,71.2,60.3,88.1,54.8
262,2017,70.5,59.7,86.8,54.9
262,2018,72.3,51.7,92.8,58.7
262,2019,72.8,52.0,94.8,57.2
262,2020,76.3,57.7,98.5,58.4
262,2021,80.2,65.7,97.2,66.7
262,2022,81.9,67.8,97.1,70.8
262,2023,78.8,81.3,90.2,59.6
262,2024,61.6,63.7,74.8,40.0
262,2025,62.7,65.6,74.3,42.8
263,2012,39.2,38.7,35.6,41.5
263,2013,39.5,44.9,32.1,41.8
263,2014,36.4,35.2,27.0,42.6
263,2015,32.6,36.3,26.0,35.1
263,2016,37.7,33.1,32.2,42.8
263,2017,39.1,42.9,27.7,44.5
263,2018,35.0,35.7,32.6,36.1
263,2019,32.8,23.2,43.7,30.2
263,2020,32.9,31.2,30.5,35.0
263,2021,40.1,37.6,31.7,46.2
263,2022,39.5,31.3,33.8,46.2
263,2023,42.4,37.4,38.1,47.0
263,2024,37.8,27.4,34.2,44.1
263,2025,44.8,34.9,38.1,52.8
264,2012,35.8,39.0,32.7,37.5
264,2013,33.2,39.6,30.1,31.2
264,2014,33.8,31.6,29.9,43.5
264,2015,34.7,32.4,36.0,35.3
264,2016,34.6,41.6,31.2,32.3
264,2017,40.8,55.1,35.0,34.0
264,2018,41.0,50.0,39.2,33.4
264,2019,43.5,54.1,38.7,39.6
265,2012,42.4,44.6,48.1,32.6
265,2013,44.4,31.2,56.7,41.1
265,2014,46.2,30.0,65.1,37.3
265,2015,40.4,32.3,54.4,29.8
265,2016,46.3,52.2,47.9,38.3
265,2017,52.8,68.5,49.4,41.6
265,2018,43.2,57.5,39.4,34.1
265,2019,40.3,54.4,35.1,33.1
265,2020,38.4,55.7,27.0,36.3
265,2021,42.8,56.8,35.1,39.2
265,2022,40.8,57.1,33.3,34.5
265,2023,36.2,44.8,32.4,32.5
265,2024,41.5,61.5,33.3,32.4
265,2025,50.1,66.8,39.8,47.0
266,2012,56.4,48.6,63.3,65.6
266,2013,61.1,59.7,57.8,69.6
266,2014,56.0,57.4,49.3,62.8
266,2015,56.2,58.8,48.7,60.8
266,2016,50.9,48.6,46.8,62.7
266,2017,53.5,53.8,47.6,61.8
266,2018,59.0,62.5,48.1,66.5
266,2019,61.4,69.0,47.0,64.0
266,2020,61.8,60.7,59.0,69.0
266,2021,65.6,67.7,63.0,64.1
266,2022,57.3,57.7,47.9,70.2
266,2023,50.8,47.9,46.7,64.0
266,2024,47.6,54.6,26.4,62.0
266,2025,49.9,50.1,46.9,53.9
267,2012,62.9,55.4,55.1,70.6
267,2013,53.5,53.7,41.6,60.5
267,2014,44.7,40.7,37.4,50.7
268,2012,64.6,73.3,66.7,45.3
268,2013,64.4,70.1,64.2,53.3
268,2014,65.1,73.2,60.0,53.9
268,2015,60.7,66.0,51.5,59.2
268,2016,64.9,77.4,56.3,48.4
268,2017,60.9,70.7,48.7,53.5
268,2018,60.0,75.0,45.4,44.4
268,2019,66.6,85.2,51.6,44.2
268,2020,66.8,87.8,47.7,43.7
268,2021,62.6,72.2,55.3,50.8
268,2022,60.4,71.3,51.0,47.8
268,2023,64.4,76.2,53.9,51.5
268,2024,68.2,79.0,57.1,57.6
268,2025,71.7,80.9,58.8,66.3
269,2012,43.7,65.6,23.1,46.1
269,2013,47.0,65.2,34.7,41.0
269,2014,45.6,68.1,32.6,34.7
269,2015,42.6,59.4,25.8,45.8
269,2016,47.2,62.8,30.1,52.6
269,2017,45.6,63.8,21.9,58.0
269,2018,40.7,55.1,24.5,46.4
269,2019,45.7,64.8,26.2,50.3
269,2020,46.4,62.6,28.2,52.8
270,2012,66.4,61.7,65.8,73.0
270,2013,68.1,77.1,67.6,58.2
270,2014,63.6,71.2,60.9,59.2
270,2015,67.3,71.0,64.1,68.8
270,2016,75.8,83.4,66.9,82.6
270,2017,74.2,70.8,66.4,92.3
271,2012,50.8,41.3,61.5,58.9
271,2013,53.9,41.8,70.8,61.2
271,2014,56.0,44.1,71.3,64.3
271,2015,53.2,36.4,75.0,65.0
271,2016,50.4,34.7,82.5,49.8
271,2017,48.4,36.0,75.2,46.4
271,2018,53.0,36.5,81.4,57.5
271,2019,41.1,26.5,66.9,44.5
271,2020,48.0,33.2,75.9,49.8
271,2021,50.2,34.0,83.5,49.3
271,2022,44.8,36.4,74.5,31.7
271,2023,55.9,44.8,91.0,43.1
271,2024,58.5,40.9,99.1,53.0
271,2025,61.1,40.9,100.0,62.5
272,2012,51.1,50.7,62.4,44.4
272,2013,53.0,51.8,67.4,44.9
272,2014,51.7,53.9,57.3,47.5
272,2015,50.2,63.7,58.2,40.1
272,2016,53.0,55.4,55.3,50.7
272,2017,56.9,56.8,59.6,55.4
272,2018,53.5,61.1,58.9,47.3
272,2019,53.3,60.7,65.6,42.9
272,2020,43.6,62.6,51.7,31.2
272,2021,35.2,50.0,40.7,26.0
272,2022,40.5,52.1,47.3,31.8
272,2023,39.4,52.7,54.1,25.2
272,2024,46.0,51.9,65.9,31.7
272,2025,48.1,53.4,64.8,36.0
273,2012,62.5,70.0,39.6,73.2
273,2013,70.0,77.3,49.8,79.3
273,2014,64.7,80.9,41.4,72.2
273,2015,61.0,85.9,37.1,65.4
273,2016,60.1,82.3,34.9,66.4
273,2017,69.7,71.1,52.8,79.3
273,2018,65.6,71.2,52.0,71.6
273,2019,70.5,80.3,54.5,76.1
273,2020,70.6,71.1,48.5,83.6
273,2021,71.8,68.7,51.5,85.3
273,2022,73.3,71.8,50.1,87.9
273,2023,67.8,72.1,52.0,75.5
273,2024,63.8,69.4,51.0,69.2
273,2025,64.4,72.9,53.3,67.6
274,2012,73.1,93.6,66.8,65.6
274,2013,67.8,79.5,65.1,62.1
274,2014,72.9,86.6,67.5,69.7
274,2015,84.5,99.5,79.4,79.6
274,2016,73.6,88.0,66.9,71.7
274,2017,70.2,79.3,68.0,65.8
274,2018,67.9,81.8,62.9,63.7
274,2019,66.5,82.6,61.4,60.7
274,2020,71.4,78.6,69.9,67.7
274,2021,80.3,87.3,78.6,76.9
274,2022,77.2,86.4,69.3,81.3
274,2023,74.2,86.3,66.2,76.2
274,2024,73.8,74.7,68.0,81.9
274,2025,74.1,71.7,70.6,81.2
275,2012,39.5,35.2,45.7,41.9
275,2013,36.8,31.6,48.1,35.8
275,2014,40.0,36.8,49.2,37.0
275,2015,43.7,43.5,41.1,46.7
275,2016,42.4,43.0,48.5,35.1
275,2017,43.7,42.6,47.1,42.6
275,2018,43.3,43.8,48.5,37.3
275,2019,49.0,44.2,55.5,52.0
275,2020,53.6,55.2,61.4,42.4
275,2021,55.7,53.7,55.5,59.9
275,2022,53.7,50.2,56.1,58.3
275,2023,50.0,50.5,44.6,54.4
275,2024,45.8,49.2,36.8,47.9
275,2025,51.8,55.5,42.4,53.6
276,2012,54.0,55.4,57.9,44.9
276,2013,53.7,52.1,58.5,50.4
276,2014,53.7,50.4,62.3,49.0
276,2015,58.7,63.8,61.7,41.4
276,2016,57.0,63.8,56.4,40.8
276,2017,60.8,72.4,61.4,30.7
276,2018,55.4,58.8,63.2,35.2
276,2019,56.5,58.2,64.3,40.4
276,2020,56.9,55.5,66.6,45.8
277,2012,53.2,61.4,42.2,59.2
277,2013,54.1,65.6,37.3,64.8
277,2014,52.0,66.7,36.6,55.9
277,2015,52.7,74.2,28.5,61.2
277,2016,50.1,79.0,27.7,45.5
277,2017,48.2,78.0,19.2,53.0
278,2012,62.1,71.7,61.1,46.2
278,2013,54.9,66.7,49.5,40.3
278,2014,44.9,56.0,33.7,38.2
278,2015,47.3,63.4,32.9,35.8
278,2016,54.1,70.7,45.8,34.2
278,2017,45.0,57.8,40.0,27.8
278,2018,44.2,55.0,31.7,39.6
278,2019,40.3,51.1,27.5,36.2
278,2020,44.2,55.8,36.1,33.2
278,2021,49.5,62.4,41.4,36.1
278,2022,52.3,66.7,41.9,38.7
278,2023,46.6,66.7,29.2,31.1
278,2024,48.5,65.0,32.3,38.2
278,2025,50.1,68.2,35.7,34.8
279,2012,53.7,50.0,57.3,57.5
279,2013,54.0,54.0,59.7,48.3
279,2014,57.0,60.6,61.2,45.4
279,2015,44.2,49.1,46.0,32.4
279,2016,51.7,57.1,49.6,43.0
279,2017,52.7,54.7,51.9,49.6
279,2018,42.8,48.0,34.2,40.8
279,2019,41.4,51.8,28.4,33.8
279,2020,54.2,68.7,37.2,42.2
279,2021,52.2,59.3,49.0,41.3
279,2022,52.8,61.0,45.5,43.9
279,2023,59.2,69.7,48.7,48.7
279,2024,57.5,55.3,65.5,53.8
280,2012,43.4,38.8,46.0,50.8
280,2013,42.4,35.9,48.4,49.4
281,2012,55.8,45.3,85.2,47.3
281,2013,54.5,43.4,96.3,34.9
281,2014,55.9,42.7,91.9,46.4
281,2015,59.9,48.9,88.9,52.9
281,2016,57.8,44.7,97.3,44.3
281,2017,54.3,45.1,94.4,32.4
281,2018,48.2,37.2,89.8,28.6
281,2019,50.1,37.6,82.4,42.6
281,2020,54.1,42.6,81.0,50.3
282,2012,48.2,50.2,49.5,43.4
282,2013,58.8,62.3,59.7,52.6
282,2014,61.7,74.6,53.9,56.1
283,2012,42.4,59.3,24.8,26.2
283,2013,35.7,48.4,23.4,22.7
283,2014,37.0,41.6,38.5,26.5
283,2015,37.9,46.4,42.0,16.9
283,2016,39.3,46.3,47.1,17.5
283,2017,41.0,51.8,39.1,21.3
283,2018,45.3,53.9,39.7,33.6
283,2019,50.3,60.7,40.5,39.3
283,2020,49.8,68.7,28.0,33.8
283,2021,49.7,63.2,34.6,37.7
283,2022,50.9,67.2,36.7,32.3
283,2023,55.2,75.0,38.7,32.1
283,2024,55.8,73.9,34.1,41.4
283,2025,60.3,81.0,38.9,40.2
284,2012,65.0,70.2,40.0,79.5
284,2013,64.5,73.8,35.6,74.7
284,2014,66.4,75.4,42.8,71.9
284,2015,69.9,80.5,47.3,71.4
284,2016,68.5,77.4,39.5,79.8
284,2017,59.0,61.5,38.2,74.8
284,2018,58.5,58.5,35.3,81.8
284,2019,56.5,58.0,35.0,75.0
284,2020,58.2,59.7,35.1,78.2
284,2021,64.0,62.1,48.8,83.0
284,2022,58.7,55.0,41.9,83.0
284,2023,57.9,59.3,39.5,73.5
284,2024,53.6,56.7,32.6,68.3
284,2025,54.6,63.8,28.3,62.7
285,2012,53.2,46.4,54.2,55.3
285,2013,61.0,53.5,57.1,66.4
285,2014,60.2,49.3,59.8,64.7
285,2015,61.5,42.2,66.6,66.1
285,2016,61.5,52.8,66.7,61.9
285,2017,57.8,58.2,66.8,52.3
285,2018,60.4,59.9,76.5,50.9
285,2019,62.7,59.5,80.2,53.4
285,2020,63.5,42.4,88.7,56.8
285,2021,59.3,34.4,76.1,59.2
285,2022,62.8,36.6,76.5,65.1
285,2023,59.5,45.3,64.7,62.0
285,2024,55.8,44.3,62.6,56.4
285,2025,63.1,48.0,62.9,69.2
286,2012,62.0,52.6,51.8,85.3
286,2013,65.6,57.5,54.9,88.4
286,2014,74.4,69.4,66.0,91.1
286,2015,74.7,75.0,71.4,79.3
286,2016,74.6,57.1,76.7,86.1
286,2017,73.5,58.7,69.9,91.3
286,2018,72.6,60.3,68.4,89.1
286,2019,74.2,61.3,69.4,92.0
286,2020,71.4,65.6,55.5,100.0
286,2021,72.2,61.9,59.3,100.0
286,2022,79.5,68.9,71.7,99.9
286,2023,67.6,62.9,56.8,87.8
286,2024,65.1,57.9,48.9,95.4
286,2025,62.8,52.9,56.5,80.6
287,2012,66.9,77.9,74.0,37.7
287,2013,67.1,78.3,66.5,45.4
287,2014,69.5,85.4,66.4,40.7
287,2015,71.2,89.7,66.4,39.1
287,2016,72.5,96.7,56.1,40.6
287,2017,73.6,100.0,55.1,39.1
287,2018,61.8,76.9,61.6,31.8
287,2019,60.8,73.2,64.0,32.7
287,2020,70.5,87.5,66.8,40.2
287,2021,66.7,83.1,64.2,36.3
287,2022,62.0,84.6,51.7,27.3
287,2023,63.8,87.2,57.4,23.4
287,2024,62.6,81.7,59.2,27.9
287,2025,64.1,80.7,53.8,41.4
288,2012,53.1,41.9,64.1,60.0
288,2013,53.8,35.3,68.5,69.3
288,2014,49.0,37.7,59.3,57.1
288,2015,50.5,38.8,65.9,52.9
288,2016,52.4,47.6,64.1,46.9
288,2017,58.1,47.8,77.6,53.4
288,2018,59.2,48.3,75.5,59.3
288,2019,59.7,47.1,80.1,58.1
288,2020,69.1,59.1,87.0,65.6
288,2021,67.7,58.7,78.6,70.7
288,2022,70.6,65.7,86.0,60.9
288,2023,64.7,55.4,79.2,64.1
288,2024,63.3,59.9,67.0,65.1
288,2025,65.2,73.0,59.5,58.0
289,2012,71.6,47.3,100.0,60.0
289,2013,72.3,42.7,97.2,73.9
289,2014,72.2,43.6,97.3,72.0
289,2015,75.9,54.0,94.7,76.5
289,2016,75.1,50.1,100.0,70.3
289,2017,75.3,46.4,100.0,76.4
289,2018,72.3,46.9,95.8,70.1
289,2019,75.3,46.9,100.0,75.4
289,2020,76.5,54.9,100.0,69.1
289,2021,61.5,38.3,87.1,52.9
289,2022,64.0,42.0,90.2,52.7
289,2023,63.8,40.5,88.8,56.6
289,2024,71.6,59.1,87.3,63.8
289,2025,71.7,67.7,87.8,51.5
290,2012,47.1,36.0,39.8,85.8
290,2013,48.2,33.3,45.8,88.8
290,2014,45.2,31.9,38.8,88.1
290,2015,41.9,23.7,46.3,80.9
290,2016,48.6,32.4,56.9,76.7
290,2017,49.9,39.2,51.3,74.4
290,2018,45.6,29.2,56.3,70.6
291,2012,60.1,73.8,54.9,33.5
291,2013,61.3,73.1,58.6,35.8
291,2014,66.6,81.7,60.0,38.8
291,2015,67.2,86.0,58.0,34.1
291,2016,70.3,88.1,64.3,35.0
291,2017,64.1,76.1,56.8,45.0
291,2018,57.9,70.2,49.7,39.6
291,2019,59.0,69.3,55.0,39.5
291,2020,64.8,79.0,60.1,36.2
291,2021,59.8,68.8,56.8,41.7
291,2022,64.9,73.9,63.8,43.9
291,2023,61.5,69.3,60.0,44.1
291,2024,66.4,73.3,63.6,53.3
291,2025,61.8,70.4,62.1,39.9
292,2012,46.9,63.1,39.6,21.9
292,2013,43.5,49.8,46.6,27.8
292,2014,46.0,44.8,58.3,36.2
292,2015,53.1,51.3,67.4,42.3
292,2016,51.0,62.8,49.5,28.9
292,2017,45.0,48.7,49.1,33.5
292,2018,52.6,58.7,52.1,40.8
292,2019,49.9,50.9,60.1,37.7
292,2020,53.6,60.1,62.0,32.3
292,2021,49.9,58.5,60.5,22.0
292,2022,59.0,73.6,68.5,20.4
292,2023,63.6,81.1,63.2,28.8
292,2024,69.0,83.0,60.1,49.9
292,2025,70.6,85.4,58.6,52.9
293,2012,55.7,72.6,62.4,29.8
293,2013,58.5,83.7,61.6,29.3
293,2014,58.4,77.5,65.7,29.5
293,2015,56.9,70.7,67.0,29.5
293,2016,56.0,63.0,68.7,32.0
293,2017,62.0,65.6,76.3,39.2
293,2018,61.0,75.2,73.3,30.3
293,2019,60.1,71.3,70.5,35.0
293,2020,60.0,68.9,64.5,45.2
293,2021,59.4,64.1,73.5,36.0
293,2022,61.7,59.5,72.8,49.0
293,2023,60.8,60.7,73.3,44.4
294,2012,35.7,49.4,10.8,64.2
294,2013,36.9,45.6,17.3,61.8
294,2014,39.6,39.9,21.5,71.8
294,2015,44.2,43.8,28.9,72.3
294,2016,40.2,41.7,27.9,60.4
294,2017,36.9,39.7,24.6,55.6
294,2018,40.7,45.5,29.6,54.8
294,2019,44.2,43.8,40.0,52.4
294,2020,41.9,42.5,33.8,55.6
294,2021,49.2,54.2,39.3,60.9
294,2022,49.3,47.1,41.7,65.8
294,2023,53.5,52.9,40.3,78.0
294,2024,60.9,61.6,42.2,93.9
294,2025,50.4,55.6,35.0,72.0
295,2012,32.5,32.7,61.8,14.9
295,2013,34.4,32.4,69.0,14.4
295,2014,38.8,38.3,62.0,25.1
295,2015,40.5,40.7,61.5,27.8
295,2016,42.7,31.4,60.9,36.2
295,2017,43.2,39.3,62.1,33.5
295,2018,46.6,42.1,68.1,35.5
295,2019,49.2,43.4,81.8,31.9
295,2020,45.4,37.4,74.6,31.0
295,2021,45.5,33.5,65.1,38.6
295,2022,45.1,31.7,68.2,36.6
295,2023,52.9,37.1,72.9,47.3
295,2024,52.4,43.8,74.2,42.8
295,2025,48.2,34.9,67.7,41.9
296,2012,69.3,79.2,84.9,32.8
296,2013,71.4,78.2,95.1,30.8
296,2014,71.7,75.1,97.2,34.8
296,2015,69.6,71.6,96.8,33.4
296,2016,63.2,65.6,86.3,31.1
296,2017,65.3,70.7,86.9,29.6
296,2018,61.3,62.5,86.1,29.5
296,2019,64.8,73.2,78.0,34.0
296,2020,67.1,78.0,74.9,38.0
296,2021,71.7,83.1,84.4,35.9
296,2022,74.2,91.5,80.3,35.6
296,2023,71.7,83.7,88.7,29.7
296,2024,72.6,89.9,80.5,32.0
296,2025,76.7,100.0,84.0,26.0
297,2012,47.2,44.2,60.9,39.5
297,2013,51.2,45.4,67.0,47.1
297,2014,51.1,42.5,76.4,43.1
297,2015,51.0,49.2,67.7,37.7
297,2016,49.8,50.4,64.4,34.1
297,2017,47.9,52.3,56.5,30.4
297,2018,44.1,42.5,61.6,29.7
297,2019,48.6,47.8,58.1,40.7
297,2020,51.0,46.9,69.3,41.1
297,2021,51.2,40.9,74.4,48.6
297,2022,55.0,47.4,82.7,42.4
297,2023,55.2,46.3,81.9,46.1
297,2024,60.9,62.1,83.4,35.9
297,2025,56.2,49.4,82.0,44.1
298,2012,58.0,55.9,59.0,58.3
298,2013,58.0,43.7,64.5,59.8
298,2014,57.4,54.6,60.3,56.7
298,2015,59.6,55.2,56.9,62.9
298,2016,58.1,45.6,58.3,62.9
298,2017,54.2,48.8,51.8,57.8
298,2018,59.4,46.0,65.8,61.0
298,2019,56.6,51.2,57.6,58.1
298,2020,62.0,54.0,61.9,65.3
298,2021,56.4,55.9,60.9,54.0
298,2022,59.4,63.8,55.8,59.8
298,2023,65.5,61.5,63.0,68.6
298,2024,63.5,64.6,64.7,62.4
298,2025,62.0,61.0,60.4,63.3
299,2012,44.6,25.9,67.5,57.1
299,2013,38.5,18.4,61.2,54.7
299,2014,39.7,18.8,63.5,56.2
299,2015,43.0,32.0,59.3,46.2
299,2016,44.3,33.8,57.9,50.2
299,2017,47.3,39.8,58.1,49.7
299,2018,47.5,39.2,58.2,52.0
299,2019,38.8,25.8,49.9,54.5
299,2020,38.4,26.6,51.4,48.3
299,2021,40.1,37.1,46.0,38.7
299,2022,39.6,28.9,51.1,49.3
299,2023,40.8,28.2,58.3,46.3
299,2024,46.7,42.7,48.3,54.2
299,2025,51.5,40.6,62.8,61.8
300,2012,47.1,35.3,50.0,58.8
300,2013,53.1,38.1,64.4,55.9
300,2014,48.9,37.4,53.2,58.2
300,2015,48.2,22.0,63.0,61.3
301,2012,64.0,46.6,40.6,85.0
301,2013,65.8,51.3,46.5,83.2
301,2014,64.8,45.0,47.9,82.8
301,2015,69.3,57.3,43.9,89.4
301,2016,69.2,64.4,57.4,78.1
301,2017,75.2,75.2,62.4,82.8
301,2018,73.2,71.1,66.2,78.2
301,2019,72.9,67.7,67.1,78.4
301,2020,75.8,66.7,63.5,86.8
301,2021,74.1,65.6,59.3,86.4
301,2022,71.0,65.9,51.9,84.6
301,2023,80.6,77.1,50.7,99.9
301,2024,75.6,76.9,53.1,88.5
301,2025,79.3,76.6,58.4,92.9
302,2012,53.9,52.5,53.3,56.0
302,2013,54.6,52.4,54.3,57.1
302,2014,50.9,51.9,47.7,54.2
302,2015,48.3,45.0,42.4,59.6
302,2016,47.0,44.2,35.0,65.8
302,2017,49.9,51.5,41.0,60.2
302,2018,55.7,61.0,47.9,60.7
302,2019,58.6,59.7,63.3,51.3
302,2020,57.0,51.8,67.5,48.2
302,2021,55.8,55.0,70.7,36.9
302,2022,56.1,60.2,66.7,38.0
302,2023,56.7,52.2,65.4,49.6
302,2024,59.0,47.2,68.5,58.2
302,2025,61.2,51.1,67.0,63.5
303,2012,33.4,21.5,42.7,48.0
303,2013,33.5,18.2,31.4,66.2
303,2014,32.0,18.3,35.9,55.4
303,2015,33.2,16.8,46.5,52.9
303,2016,37.0,25.5,44.4,52.8
303,2017,35.6,27.0,39.5,49.0
303,2018,33.2,26.9,36.7,42.1
303,2019,38.4,34.1,40.3,45.2
303,2020,35.4,23.9,45.1,48.5
303,2021,28.3,13.5,42.9,43.3
303,2022,26.8,13.3,42.3,38.2
303,2023,27.4,15.3,43.6,35.5
303,2024,30.1,21.0,49.5,28.8
303,2025,30.9,22.0,50.9,28.7
304,2012,60.6,87.6,42.7,51.4
304,2013,57.4,84.0,38.5,50.4
304,2014,54.6,74.8,36.6,55.2
304,2015,52.5,71.9,38.2,48.4
304,2016,57.0,82.7,42.7,44.0
304,2017,58.6,80.4,46.1,48.1
305,2012,37.4,25.9,34.0,44.1
305,2013,44.5,23.2,54.3,47.1
305,2014,46.9,24.3,56.1,50.4
305,2015,47.4,31.6,52.2,50.8
305,2016,52.0,36.2,55.6,56.2
305,2017,52.3,33.6,48.3,62.1
305,2018,46.1,30.7,42.8,54.3
306,2012,76.6,76.8,76.4,76.5
306,2013,71.8,69.1,75.8,72.4
306,2014,78.8,77.7,81.6,77.1
306,2015,85.0,80.1,91.9,86.8
306,2016,86.5,84.2,93.1,82.3
306,2017,80.4,72.5,91.2,83.7
306,2018,75.0,63.2,92.1,78.8
306,2019,73.4,70.9,78.4,72.3
306,2020,75.3,76.5,79.7,65.8
306,2021,77.2,76.2,84.0,69.6
306,2022,73.6,66.3,85.5,74.2
306,2023,64.4,59.1,73.9,63.6
306,2024,62.3,60.3,67.9,58.7
306,2025,68.2,59.5,86.0,63.5
307,2012,56.2,48.4,64.5,60.1
307,2013,55.5,50.3,59.6,59.8
307,2014,52.9,49.9,52.0,59.2
307,2015,56.4,52.9,57.6,61.3
307,2016,60.4,56.5,61.4,66.2
307,2017,60.0,56.8,67.4,56.8
307,2018,62.3,64.3,61.6,59.5
307,2019,57.3,56.8,56.7,59.0
307,2020,58.0,51.2,57.2,71.1
307,2021,58.5,61.9,52.6,59.3
307,2022,56.8,56.1,56.6,58.4
307,2023,61.3,57.6,61.9,67.1
307,2024,67.4,66.2,66.2,70.8
307,2025,66.7,70.8,60.1,67.1
308,2012,61.1,76.9,40.3,72.2
308,2013,67.5,91.4,40.1,78.0
308,2014,62.9,85.2,31.5,81.9
308,2015,66.1,94.7,27.1,88.3
308,2016,67.8,97.7,30.7,85.5
308,2017,65.2,95.8,32.9,73.9
308,2018,57.8,84.3,24.3,74.2
308,2019,60.9,84.4,30.7,76.3
308,2020,59.6,84.6,32.1,68.4
308,2021,64.4,87.3,34.7,79.9
308,2022,62.0,78.7,37.9,77.2
308,2023,60.1,86.6,27.7,74.9
308,2024,61.4,96.9,24.7,70.5
308,2025,65.9,96.6,34.1,73.9
309,2012,56.4,52.5,49.7,69.8
309,2013,53.8,53.1,47.1,64.4
309,2014,60.8,51.2,68.0,58.1
309,2015,59.7,48.8,59.8,68.6
309,2016,57.3,59.3,48.5,68.7
309,2017,52.5,47.0,44.3,69.4
309,2018,51.2,47.2,43.8,65.8
309,2019,51.4,45.5,45.7,64.9
309,2020,63.9,58.9,60.5,73.2
309,2021,59.9,48.9,57.8,72.3
309,2022,66.3,48.9,68.4,77.7
309,2023,67.5,52.5,67.8,79.5
309,2024,68.6,60.2,71.7,70.8
309,2025,59.8,53.2,60.0,65.0
310,2012,50.1,48.5,52.6,48.3
310,2013,47.8,43.1,46.6,56.2
310,2014,49.5,39.4,48.0,66.1
310,2015,48.5,37.9,49.2,62.2
310,2016,45.8,37.7,46.4,56.2
310,2017,43.8,33.5,48.7,50.3
310,2018,44.0,39.9,47.5,44.2
310,2019,44.0,46.7,46.1,36.9
310,2020,46.9,57.5,41.2,41.1
310,2021,41.9,47.7,30.0,53.0
310,2022,46.3,53.6,37.6,49.9
310,2023,47.3,51.0,39.7,54.1
310,2024,51.6,50.6,48.3,58.1
310,2025,51.6,51.1,46.9,59.8
311,2012,27.4,38.1,7.8,43.7
311,2013,31.8,44.5,8.4,51.3
311,2014,32.1,39.3,16.5,47.1
311,2015,27.2,38.4,8.2,41.9
311,2016,33.6,34.3,24.8,46.5
311,2017,35.5,42.8,22.9,45.6
311,2018,35.3,45.7,15.0,53.2
311,2019,36.1,53.5,12.1,50.0
311,2020,37.1,51.4,16.3,50.4
311,2021,39.9,56.6,18.7,50.4
311,2022,37.2,50.2,16.4,52.2
311,2023,38.4,43.6,20.8,59.2
311,2024,37.0,48.5,18.9,49.7
312,2012,52.2,65.8,46.3,30.8
312,2013,48.8,57.3,55.0,25.7
312,2014,50.8,58.4,57.7,28.5
312,2015,46.1,57.0,51.0,19.5
312,2016,44.3,55.3,51.4,15.2
312,2017,48.7,72.7,38.5,10.8
312,2018,47.2,67.4,42.8,11.3
312,2019,51.2,67.7,48.6,20.8
312,2020,57.5,73.2,51.4,32.3
312,2021,54.3,74.5,43.5,24.7
312,2022,52.0,72.4,48.7,14.7
312,2023,54.8,75.3,57.3,11.5
312,2024,56.8,79.7,48.6,19.0
312,2025,52.4,80.5,37.1,11.3
313,2012,58.0,40.4,65.0,81.1
313,2013,60.1,40.0,72.0,82.0
313,2014,59.5,37.7,77.5,77.0
313,2015,64.1,46.7,77.3,79.6
313,2016,60.0,40.7,71.8,80.7
313,2017,64.2,45.8,75.5,83.8
313,2018,62.4,42.1,81.3,76.1
313,2019,66.1,49.4,83.1,75.9
313,2020,60.6,39.6,77.7,77.9
313,2021,67.2,51.5,79.8,80.4
313,2022,70.4,58.9,80.0,79.7
313,2023,69.1,47.4,90.6,82.5
313,2024,72.3,52.5,90.8,85.7
313,2025,72.5,49.9,91.2,90.9
314,2012,50.6,57.7,29.3,71.8
314,2013,52.2,64.6,27.4,72.7
314,2014,50.7,53.1,35.6,68.5
314,2015,51.3,47.3,33.9,78.4
314,2016,56.4,54.8,43.7,75.1
314,2017,51.0,52.9,36.8,68.1
314,2018,57.6,55.5,42.7,79.6
314,2019,56.0,43.5,46.8,80.9
314,2020,55.5,52.1,45.9,71.7
314,2021,49.0,48.5,34.0,69.6
314,2022,53.4,53.6,42.2,68.2
314,2023,56.9,65.6,42.3,67.7
314,2024,60.7,58.1,49.0,78.8
314,2025,51.6,49.9,32.9,78.3
315,2012,55.8,66.0,30.8,78.8
315,2013,56.0,67.8,32.8,75.2
315,2014,56.3,73.7,31.4,72.0
315,2015,47.6,68.9,11.8,73.9
315,2016,55.0,78.9,18.3,80.0
315,2017,58.5,76.6,27.9,81.2
315,2018,62.7,78.8,32.8,86.5
315,2019,59.3,72.8,28.4,86.9
315,2020,60.5,80.2,27.5,84.8
315,2021,60.2,80.2,38.0,69.8
315,2022,67.1,81.3,48.1,78.1
315,2023,70.1,86.8,44.1,88.2
315,2024,63.3,70.1,43.8,82.6
315,2025,65.0,75.7,54.2,68.8
316,2012,42.0,26.5,29.5,55.7
316,2013,38.6,21.7,27.9,51.7
316,2014,35.5,18.6,21.0,51.0
316,2015,36.0,31.4,18.0,48.6
317,2012,47.0,40.3,31.9,58.8
317,2013,43.6,40.1,31.8,52.0
317,2014,40.1,34.3,31.5,47.6
317,2015,36.6,36.2,38.1,35.8
317,2016,44.4,45.7,51.4,39.6
317,2017,50.6,46.8,49.5,52.7
317,2018,50.4,48.2,50.2,51.3
317,2019,55.3,54.8,49.9,58.7
317,2020,57.5,51.7,56.3,60.5
317,2021,56.7,49.5,59.5,57.9
317,2022,53.5,48.7,41.8,62.5
317,2023,55.2,48.1,44.2,64.7
317,2024,56.4,47.2,43.2,68.0
317,2025,57.6,64.1,49.6,59.7
318,2012,44.9,41.5,50.0,41.6
318,2013,48.4,46.7,52.8,44.3
319,2012,68.5,48.3,89.1,63.7
319,2013,72.0,53.8,93.7,62.7
319,2014,57.7,34.0,78.6,57.4
319,2015,57.3,30.6,75.2,65.9
319,2016,66.2,41.3,83.2,74.0
319,2017,67.2,46.0,86.0,67.0
319,2018,73.1,49.6,96.1,69.2
319,2019,74.6,52.1,89.2,82.9
319,2020,74.6,41.3,100.0,80.5
319,2021,76.0,57.8,90.6,78.1
319,2022,73.0,54.1,91.0,70.7
319,2023,69.3,54.2,84.3,66.4
319,2024,62.4,42.0,81.0,61.0
319,2025,78.6,66.8,93.1,71.9
320,2012,60.1,67.5,55.6,52.2
320,2013,57.4,65.2,48.5,54.1
320,2014,65.0,72.9,56.4,60.9
320,2015,70.5,75.1,61.3,73.1
320,2016,71.1,77.3,62.7,70.0
320,2017,65.4,65.5,64.2,66.7
320,2018,75.4,82.2,69.5,70.2
320,2019,69.0,70.3,71.0,64.1
320,2020,67.3,64.6,72.7,65.5
320,2021,66.9,61.2,71.6,71.7
320,2022,69.1,76.1,62.8,64.1
320,2023,73.5,79.8,63.5,74.0
320,2024,73.8,78.8,71.4,67.5
320,2025,73.4,78.3,70.4,68.1
321,2012,47.6,52.8,45.7,40.6
321,2013,53.9,59.1,51.6,47.2
321,2014,49.7,52.0,51.4,43.5
321,2015,51.0,58.9,43.4,46.0
321,2016,53.6,58.9,49.9,48.4
321,2017,54.1,63.7,52.9,38.1
321,2018,47.0,50.7,47.2,40.1
321,2019,54.9,60.8,55.9,42.9
321,2020,55.2,70.4,42.9,42.8
321,2021,52.9,67.1,44.1,37.8
321,2022,56.9,70.3,45.7,46.4
321,2023,54.0,61.7,52.2,42.2
321,2024,55.7,63.3,55.5,42.1
321,2025,60.0,68.5,60.7,44.0
322,2012,48.3,58.2,48.8,37.7
322,2013,54.6,62.2,57.5,43.2
322,2014,51.8,50.3,58.8,43.9
322,2015,51.1,52.2,52.2,48.4
322,2016,56.2,50.7,61.7,54.3
322,2017,60.1,54.0,68.1,55.6
322,2018,58.1,57.0,66.0,48.6
322,2019,56.6,56.5,59.0,53.5
322,2020,59.8,60.0,57.6,62.5
322,2021,54.1,63.5,46.7,54.6
322,2022,54.3,58.9,56.6,46.5
322,2023,52.9,58.3,52.8,47.6
322,2024,58.1,70.0,54.6,50.8
322,2025,54.9,68.3,50.4,47.4
323,2012,81.7,95.9,82.6,44.8
323,2013,82.2,91.6,84.5,55.3
323,2014,80.6,90.3,81.4,54.9
323,2015,83.7,93.9,84.5,57.1
323,2016,82.1,88.2,85.3,62.2
323,2017,83.4,91.8,86.7,57.4
323,2018,83.0,89.3,91.7,54.1
324,2012,51.4,32.6,61.1,73.4
324,2013,58.2,36.0,75.9,77.0
324,2014,56.8,31.0,82.0,72.9
324,2015,61.6,43.5,81.4,70.6
324,2016,65.3,56.4,68.2,77.8
324,2017,61.0,45.1,70.7,78.1
324,2018,65.2,47.5,73.9,86.7
324,2019,62.6,43.3,71.3,86.7
324,2020,63.8,39.2,79.1,89.8
324,2021,60.8,36.5,75.4,87.0
324,2022,59.2,38.6,72.1,80.9
324,2023,63.2,44.9,79.0,77.3
324,2024,62.7,44.6,76.7,78.3
324,2025,58.9,44.4,72.5,68.8
325,2012,53.8,61.3,56.2,40.3
325,2013,48.9,49.6,51.3,43.9
325,2014,49.1,44.9,56.8,40.1
325,2015,49.7,51.5,57.2,34.2
325,2016,55.6,58.6,60.5,43.0
325,2017,59.2,64.8,61.3,48.9
325,2018,59.9,63.0,61.6,53.3
325,2019,57.7,62.9,60.6,46.4
325,2020,52.2,65.6,50.4,39.3
325,2021,56.2,68.9,61.3,31.6
325,2022,58.2,70.5,56.0,47.6
325,2023,55.8,65.6,51.7,51.5
326,2012,65.9,64.5,60.2,75.0
326,2013,60.0,54.4,61.6,63.3
326,2014,61.5,53.8,62.6,67.8
326,2015,57.8,50.6,61.6,60.1
326,2016,64.3,52.9,73.7,63.1
326,2017,48.6,41.6,48.5,55.7
326,2018,50.2,54.7,50.2,45.8
326,2019,46.4,49.7,42.6,48.3
326,2020,52.6,50.0,56.2,50.3
326,2021,58.6,51.1,67.4,54.4
326,2022,59.6,54.4,62.0,61.7
326,2023,66.0,61.8,60.0,78.3
326,2024,58.9,58.8,52.2,68.1
326,2025,60.0,58.7,52.7,71.1
327,2012,58.5,73.5,45.1,64.7
327,2013,49.8,67.2,31.1,62.6
327,2014,51.3,64.8,35.7,63.1
327,2015,57.9,70.8,47.1,62.0
327,2016,61.4,77.5,52.1,58.9
327,2017,58.8,74.1,46.4,62.9
327,2018,60.2,68.9,44.2,78.6
327,2019,54.1,54.7,37.7,82.8
327,2020,58.1,61.8,46.9,73.8
327,2021,58.7,68.8,40.1,80.2
327,2022,63.8,77.1,46.5,78.9
327,2023,66.0,79.5,53.2,73.0
327,2024,66.0,78.1,47.8,84.2
327,2025,69.0,83.0,51.1,84.3
328,2012,42.2,35.5,47.2,50.6
328,2013,34.6,26.1,39.5,46.8
328,2014,32.2,25.8,29.1,48.0
328,2015,41.2,36.5,44.4,47.6
328,2016,38.2,29.6,37.3,56.2
328,2017,37.8,29.8,34.8,56.7
328,2018,39.8,30.3,41.6,57.2
328,2019,40.5,29.1,46.8,57.0
328,2020,41.9,32.5,41.3,61.3
328,2021,41.1,36.5,34.6,56.7
328,2022,38.5,29.6,45.0,49.7
328,2023,50.9,49.8,47.6,56.3
328,2024,48.6,46.8,45.2,55.5
328,2025,46.2,43.1,38.4,60.0
329,2012,70.9,74.6,81.6,45.6
329,2013,77.8,86.3,87.7,41.8
329,2014,79.5,90.2,94.1,30.8
330,2012,56.6,46.0,69.2,46.8
330,2013,57.4,53.5,62.6,52.8
330,2014,59.8,55.5,67.5,50.9
330,2015,55.5,57.0,57.9,49.5
330,2016,58.1,52.4,64.6,53.1
330,2017,53.3,57.7,53.7,47.2
330,2018,55.4,48.9,61.4,52.6
330,2019,64.7,56.2,76.6,53.4
330,2020,62.4,62.0,59.7,67.9
330,2021,63.6,64.6,62.8,63.7
330,2022,60.0,61.9,61.2,55.7
330,2023,56.4,50.4,64.3,49.5
330,2024,60.0,57.9,65.2,53.2
330,2025,64.8,64.2,70.0,56.2
331,2012,41.2,10.3,32.8,58.7
331,2013,43.9,18.6,34.0,60.0
331,2014,42.8,14.1,33.6,59.7
331,2015,45.3,23.7,27.3,64.8
331,2016,41.7,26.4,19.5,61.1
331,2017,47.6,20.5,24.7,72.1
331,2018,41.3,15.4,25.3,61.2
331,2019,42.0,7.7,25.8,65.4
331,2020,42.8,7.9,29.1,65.0
331,2021,41.4,13.2,23.2,63.7
331,2022,39.5,13.0,30.0,55.8
331,2023,40.1,8.7,27.8,60.0
331,2024,43.8,12.0,26.4,66.9
331,2025,48.1,23.2,36.1,65.3
332,2012,63.0,49.6,68.0,73.8
332,2013,58.9,46.5,66.9,63.6
332,2014,54.8,44.4,54.7,69.6
332,2015,51.6,40.3,54.2,63.4
332,2016,53.6,37.5,62.2,62.2
332,2017,57.4,32.1,67.6,76.6
332,2018,51.9,38.5,61.2,55.7
332,2019,48.9,36.3,52.8,60.3
332,2020,58.0,42.1,64.2,70.3
332,2021,52.6,39.7,54.5,67.6
332,2022,53.4,39.9,57.4,65.9
332,2023,62.9,56.8,55.4,83.4
332,2024,54.6,47.3,50.8,70.9
332,2025,53.6,51.3,51.8,59.9
333,2012,55.6,30.9,70.8,89.8
333,2013,57.0,36.9,66.1,88.2
333,2014,63.9,42.3,72.7,98.4
333,2015,62.1,44.3,74.1,85.8
333,2016,66.2,51.4,82.4,79.8
333,2017,67.4,51.3,86.6,80.6
333,2018,62.4,48.2,73.3,79.9
333,2019,58.0,43.2,70.2,75.5
333,2020,59.9,46.7,71.3,74.8
333,2021,55.3,35.7,76.1,73.8
333,2022,59.3,41.4,71.5,82.8
333,2023,54.6,25.4,71.6,95.8
333,2024,64.0,43.3,71.6,97.7
333,2025,62.6,45.1,70.1,90.2
334,2012,50.9,41.7,70.6,49.6
334,2013,55.9,49.9,70.4,53.4
334,2014,61.2,59.6,72.0,53.8
334,2015,56.2,55.5,69.5,44.5
334,2016,54.3,47.3,69.2,53.5
334,2017,56.0,49.0,70.8,55.3
334,2018,56.8,39.0,81.7,67.6
334,2019,52.8,39.9,71.1,60.2
334,2020,53.2,45.4,66.4,55.6
334,2021,61.0,53.7,74.1,62.4
334,2022,59.6,49.3,72.5,67.3
334,2023,58.2,43.3,74.1,72.2
334,2024,65.8,50.4,84.2,78.0
334,2025,63.6,50.3,86.8,66.8
335,2012,48.7,41.0,69.8,20.1
335,2013,51.6,38.4,72.9,29.0
335,2014,50.6,38.0,74.8,22.2
335,2015,56.9,46.0,87.0,15.7
335,2016,54.4,45.1,81.0,17.7
335,2017,55.0,50.7,84.4,7.4
335,2018,56.3,57.9,75.4,19.8
335,2019,59.4,58.7,80.9,21.5
335,2020,59.6,51.6,83.9,25.3
335,2021,64.4,53.3,92.7,26.9
335,2022,69.8,58.1,100.0,29.6
335,2023,58.8,48.6,85.7,22.8
335,2024,58.3,52.9,80.7,24.6
335,2025,57.1,60.7,79.4,12.8
336,2012,41.4,33.3,52.1,43.1
336,2013,43.7,35.8,53.0,46.6
336,2014,38.8,33.1,36.9,51.4
336,2015,40.1,36.9,37.5,49.0
336,2016,38.6,33.4,39.2,47.2
336,2017,40.1,28.0,44.6,56.6
336,2018,41.4,26.2,49.8,58.8
336,2019,39.2,28.7,49.2,46.1
336,2020,41.7,23.9,59.1,52.7
336,2021,41.6,27.4,57.5,48.0
336,2022,44.6,34.5,58.9,45.5
336,2023,38.4,27.3,54.2,39.3
336,2024,39.8,25.6,52.1,50.6
336,2025,47.8,29.2,68.5,56.4
337,2012,65.7,65.8,73.0,56.9
337,2013,59.1,58.7,70.0,46.7
337,2014,57.5,56.3,74.8,39.0
337,2015,52.9,53.3,67.9,34.2
337,2016,44.1,43.3,54.4,33.0
337,2017,50.2,47.4,64.4,38.3
337,2018,58.5,61.5,61.3,49.7
337,2019,60.8,69.5,63.9,41.6
337,2020,57.6,63.4,60.6,43.4
337,2021,57.9,66.1,58.2,42.9
337,2022,51.1,52.6,58.0,40.3
337,2023,48.7,47.2,57.1,41.2
337,2024,59.8,57.5,62.9,60.4
337,2025,61.0,53.4,83.2,47.9
338,2012,42.2,47.8,31.1,55.4
338,2013,42.2,34.9,36.2,61.9
338,2014,43.1,32.3,40.9,60.0
338,2015,41.3,40.6,29.2,64.0
338,2016,48.2,43.5,43.2,62.9
339,2012,51.9,53.9,41.9,57.1
339,2013,48.1,54.4,42.6,48.9
339,2014,50.6,53.9,38.6,56.4
339,2015,53.6,50.3,47.4,58.7
339,2016,58.8,60.0,51.5,62.7
339,2017,53.3,54.3,52.7,53.2
339,2018,52.9,45.7,55.8,54.0
339,2019,49.2,43.1,58.4,46.2
339,2020,55.5,45.0,62.4,55.5
339,2021,49.8,48.0,58.0,45.6
339,2022,50.5,54.7,56.2,45.4
339,2023,43.8,51.1,40.3,42.9
339,2024,51.3,51.7,44.9,55.0
339,2025,51.4,52.2,45.2,54.8
340,2012,65.2,43.2,85.7,59.7
340,2013,68.1,51.0,91.7,53.7
340,2014,65.8,59.3,84.7,47.0
340,2015,64.6,60.2,75.3,54.9
340,2016,64.5,55.5,78.7,54.6
340,2017,65.5,49.5,80.2,61.9
340,2018,65.3,45.3,78.6,67.7
340,2019,66.6,56.1,77.0,63.4
340,2020,68.0,49.1,84.3,65.3
340,2021,65.8,44.9,74.7,74.7
340,2022,65.2,48.5,76.7,66.7
340,2023,73.1,52.7,88.0,73.6
340,2024,67.8,55.7,77.0,67.7
340,2025,68.0,58.6,74.9,68.2
341,2012,47.9,26.9,73.8,35.7
341,2013,54.3,33.4,81.3,40.5
341,2014,51.5,22.5,83.5,40.9
341,2015,59.1,35.3,89.6,43.5
341,2016,58.0,31.1,85.1,52.5
341,2017,53.2,32.8,80.9,37.6
341,2018,50.0,34.4,68.7,41.9
341,2019,55.5,34.8,80.1,45.1
341,2020,56.1,40.9,75.6,46.1
341,2021,67.7,58.7,82.6,56.6
341,2022,59.7,46.7,74.1,55.0
341,2023,56.5,47.4,69.4,48.5
341,2024,64.3,60.0,73.9,54.8
341,2025,57.7,56.0,70.5,39.7
342,2012,47.4,47.3,33.7,68.4
342,2013,56.2,61.9,34.1,75.1
342,2014,47.3,43.9,38.1,69.8
342,2015,39.8,31.2,40.1,60.9
342,2016,38.7,36.1,27.2,62.3
342,2017,41.7,39.5,31.8,62.2
342,2018,49.3,47.7,43.6,62.0
342,2019,37.8,33.0,34.2,55.2
342,2020,40.6,29.0,43.0,65.9
342,2021,37.4,26.2,37.1,65.6
342,2022,49.0,46.2,33.8,78.6
342,2023,42.6,32.7,30.1,86.0
342,2024,35.9,21.6,30.8,79.1
342,2025,44.6,33.4,39.2,80.6
343,2012,58.5,53.3,64.8,53.5
343,2013,58.7,51.3,70.1,47.0
343,2014,57.0,46.8,63.6,57.4
343,2015,56.9,40.3,66.0,60.4
343,2016,54.3,34.5,69.6,50.6
343,2017,53.1,42.4,63.7,46.8
343,2018,48.4,24.7,58.5,58.7
343,2019,53.1,42.3,58.3,56.6
343,2020,54.0,40.5,60.5,58.5
343,2021,55.3,50.4,56.3,59.4
343,2022,54.2,52.3,57.3,51.0
343,2023,51.6,49.7,54.6,48.4
343,2024,54.4,56.5,55.8,49.5
343,2025,48.0,49.7,47.9,46.1
344,2012,70.5,70.0,77.8,64.1
344,2013,62.9,66.3,68.0,51.1
344,2014,63.0,63.8,79.8,44.7
344,2015,69.0,74.1,87.8,40.1
344,2016,64.9,60.4,83.1,55.9
344,2017,68.2,73.2,79.7,46.9
344,2018,67.1,72.7,72.8,50.3
344,2019,70.8,74.8,74.4,59.0
344,2020,68.9,66.7,78.6,63.7
344,2021,71.6,71.0,77.1,67.1
344,2022,71.7,71.8,76.6,66.7
344,2023,80.1,81.1,87.1,71.0
344,2024,76.5,82.8,73.5,66.9
344,2025,65.4,66.0,76.1,53.5
345,2012,33.2,29.2,30.4,40.8
345,2013,31.8,27.2,29.6,39.0
345,2014,34.7,31.2,32.7,40.5
345,2015,33.5,14.4,37.6,43.4
345,2016,43.1,21.2,54.4,44.3
345,2017,46.6,25.6,50.9,57.6
345,2018,44.8,36.0,39.4,60.3
345,2019,37.5,29.1,40.2,40.4
345,2020,40.2,23.6,39.0,56.0
345,2021,45.6,25.2,53.7,50.6
345,2022,45.3,16.1,59.9,47.9
345,2023,43.3,20.1,52.3,49.0
345,2024,43.1,31.7,48.0,45.2
345,2025,39.3,34.2,47.0,32.0
346,2012,45.8,31.0,58.3,39.5
346,2013,41.0,32.8,49.6,35.0
346,2014,45.8,42.9,54.1,35.8
346,2015,38.6,37.1,43.1,33.0
346,2016,36.8,37.7,40.1,31.2
346,2017,44.4,32.5,60.1,30.7
346,2018,47.4,32.8,62.2,37.5
346,2019,44.9,36.7,57.6,32.7
346,2020,41.3,38.0,48.4,33.5
346,2021,43.6,29.2,56.0,36.9
346,2022,43.3,23.7,57.6,38.1
346,2023,43.8,19.4,58.8,41.5
346,2024,42.5,25.6,54.9,38.0
346,2025,42.2,19.1,52.0,46.6
347,2012,57.0,65.4,38.9,58.1
347,2013,58.4,66.6,47.6,53.0
347,2014,59.8,68.4,50.9,51.5
347,2015,57.0,62.6,50.7,52.1
347,2016,54.4,51.3,62.4,52.7
347,2017,55.9,54.7,46.3,67.9
347,2018,47.6,44.7,53.2,47.6
347,2019,53.7,49.3,60.9,55.4
347,2020,48.4,48.4,59.5,37.5
347,2021,52.4,52.4,60.4,44.6
347,2022,48.8,55.8,43.0,40.5
347,2023,47.9,47.9,44.7,51.0
347,2024,51.5,49.5,54.4,52.7
347,2025,54.8,45.5,66.8,61.4
348,2012,56.4,52.6,70.9,35.0
348,2013,49.6,32.2,68.1,37.3
348,2014,58.5,39.6,79.4,43.4
348,2015,55.8,35.3,74.3,47.0
348,2016,64.0,43.4,91.5,39.3
348,2017,60.2,40.0,84.7,40.4
348,2018,57.3,48.9,76.0,33.6
348,2019,54.8,52.4,65.5,38.5
348,2020,56.4,49.8,68.2,43.1
348,2021,57.1,58.1,62.6,46.1
348,2022,57.1,50.5,72.6,37.2
348,2023,61.8,54.4,76.6,44.1
348,2024,59.7,45.6,73.9,51.2
348,2025,57.4,53.3,69.1,41.4
349,2012,55.9,56.8,60.7,49.3
349,2013,61.8,66.8,64.0,49.5
349,2014,52.8,56.3,53.3,45.4
350,2012,58.0,52.6,67.0,60.0
350,2013,55.7,48.5,64.1,61.8
351,2012,51.0,27.5,56.9,68.4
351,2013,55.1,28.9,65.0,68.6
351,2014,49.5,23.7,56.6,67.5
351,2015,53.9,30.4,57.6,75.5
351,2016,60.7,43.7,62.3,78.1
351,2017,49.9,29.1,60.8,55.1
351,2018,51.9,37.8,51.3,69.8
351,2019,52.1,37.8,49.7,73.6
351,2020,53.5,40.2,50.5,74.8
351,2021,63.7,47.1,64.6,82.1
351,2022,66.3,53.6,63.1,87.4
351,2023,68.5,50.8,67.8,90.9
351,2024,58.6,40.1,61.5,75.4
351,2025,62.4,42.9,66.5,78.6
352,2012,48.2,35.0,63.3,53.9
352,2013,53.0,46.9,61.9,53.2
352,2014,58.9,50.3,79.6,49.7
352,2015,53.3,55.3,66.0,34.6
352,2016,44.0,40.1,63.9,27.0
352,2017,44.6,37.5,64.4,33.8
352,2018,49.9,38.9,63.1,54.0
352,2019,54.2,51.5,64.2,46.9
352,2020,54.7,50.4,72.3,41.3
353,2012,59.4,60.9,55.4,60.3
353,2013,58.7,57.3,56.6,63.5
353,2014,57.9,54.6,53.2,69.2
353,2015,59.4,48.4,72.1,68.8
353,2016,52.0,37.3,70.8,62.5
353,2017,44.0,25.3,71.0,54.4
353,2018,46.7,36.7,67.3,46.1
353,2019,48.6,35.1,70.7,53.3
353,2020,52.4,35.5,74.9,63.6
353,2021,46.6,34.3,65.7,52.1
353,2022,41.4,26.4,59.5,53.4
353,2023,53.5,45.1,65.5,58.2
353,2024,54.9,54.4,62.0,48.9
353,2025,52.3,41.4,63.2,63.2
354,2012,46.0,65.8,20.7,40.8
354,2013,45.8,60.9,31.1,36.4
354,2014,47.0,65.5,29.7,34.5
354,2015,49.2,65.8,40.1,30.1
354,2016,47.7,66.6,26.3,39.2
354,2017,49.9,59.2,40.4,44.6
354,2018,55.7,70.3,43.5,44.2
354,2019,52.1,67.4,39.7,39.6
354,2020,55.0,68.2,47.8,39.9
354,2021,56.8,76.3,43.9,37.1
354,2022,52.2,59.3,48.7,43.7
354,2023,53.8,64.6,45.8,44.1
354,2024,57.2,72.0,53.3,35.1
354,2025,49.1,61.6,46.2,30.1
355,2012,36.2,51.5,31.1,26.9
355,2013,29.8,39.8,22.9,30.3
355,2014,22.5,34.3,8.0,34.4
355,2015,29.1,38.3,18.5,37.2
355,2016,39.8,50.5,30.6,43.4
355,2017,38.1,42.5,35.3,37.9
355,2018,39.5,43.6,42.6,29.0
355,2019,37.1,39.3,39.7,29.9
355,2020,36.9,42.1,33.5,36.7
355,2021,32.1,38.3,26.4,35.0
356,2012,61.0,59.7,53.1,66.2
356,2013,69.0,52.3,63.3,79.2
356,2014,70.7,61.4,60.8,80.3
356,2015,65.7,60.8,58.0,72.2
356,2016,65.1,62.9,49.0,75.7
356,2017,64.3,68.1,44.3,74.7
356,2018,66.3,73.3,43.5,77.2
356,2019,62.9,64.8,56.2,66.1
356,2020,72.2,67.9,65.4,78.1
356,2021,65.1,59.1,58.7,71.3
356,2022,64.3,71.0,57.8,65.5
356,2023,62.5,77.2,66.9,54.0
356,2024,55.0,61.7,63.1,47.5
356,2025,56.6,41.4,63.5,58.5
357,2012,63.2,33.0,69.5,71.5
357,2013,63.7,37.8,61.8,75.2
357,2014,65.2,38.9,68.5,73.8
357,2015,63.5,39.4,70.2,69.2
357,2016,57.6,35.2,60.0,65.1
357,2017,60.9,38.4,68.8,65.1
357,2018,62.4,46.9,69.7,64.2
357,2019,67.4,48.8,69.8,73.3
357,2020,71.4,52.3,72.5,78.4
357,2021,64.0,52.8,58.3,72.0
357,2022,55.1,50.1,52.8,58.5
357,2023,63.0,48.5,55.8,73.1
357,2024,60.9,47.1,53.9,70.7
357,2025,55.2,32.4,43.9,71.2
358,2012,53.3,38.6,91.4,44.7
358,2013,49.7,34.7,81.9,47.6
358,2014,54.6,35.9,92.6,54.2
358,2015,57.0,39.0,95.5,54.6
358,2016,62.0,48.8,100.0,50.6
358,2017,59.3,44.5,92.4,55.8
358,2018,62.2,50.5,100.0,47.7
358,2019,60.4,50.3,100.0,40.8
358,2020,56.0,45.9,96.3,35.7
358,2021,57.1,47.2,97.5,36.6
358,2022,58.0,47.6,98.1,38.8
358,2023,57.6,45.0,98.4,42.2
358,2024,64.3,57.3,98.8,43.7
358,2025,64.9,60.9,97.2,40.6
359,2012,46.2,53.6,47.6,42.3
359,2013,43.6,49.9,36.5,45.3
359,2014,42.7,50.7,41.0,40.5
359,2015,45.2,59.3,47.3,38.4
359,2016,45.0,57.9,47.8,38.1
359,2017,47.3,59.0,41.4,46.1
359,2018,47.5,56.9,44.7,45.5
359,2019,44.3,53.7,38.3,44.1
359,2020,44.4,58.6,32.8,45.6
359,2021,48.4,55.9,42.6,48.9
359,2022,48.3,53.6,38.2,52.3
359,2023,54.2,62.0,41.7,58.6
359,2024,51.1,68.3,40.3,50.7
359,2025,52.2,55.4,50.5,51.9
360,2012,47.3,41.3,37.4,69.2
360,2013,47.9,43.8,35.4,68.7
360,2014,57.0,51.7,36.0,88.8
360,2015,56.6,52.6,35.5,85.6
360,2016,52.3,41.4,44.6,81.9
360,2017,52.2,44.7,47.0,72.3
360,2018,47.4,36.6,46.8,69.6
360,2019,52.6,48.9,43.8,68.6
360,2020,52.0,46.5,40.0,75.1
360,2021,56.4,52.5,43.7,76.8
360,2022,49.7,37.4,49.1,74.9
360,2023,52.1,43.4,43.0,78.5
360,2024,41.9,27.7,44.3,67.8
360,2025,42.2,34.3,33.8,66.3
361,2012,63.8,53.5,63.8,76.2
361,2013,60.0,52.7,59.6,69.4
361,2014,55.0,53.1,48.2,69.5
361,2015,55.9,48.6,56.2,64.2
361,2016,57.9,48.2,61.3,63.4
361,2017,60.4,55.4,65.2,57.9
361,2018,63.9,49.0,69.5,71.8
361,2019,68.0,63.8,72.7,64.6
361,2020,63.0,58.4,64.6,65.8
362,2012,48.9,57.7,42.4,49.3
362,2013,48.9,56.9,43.0,49.3
362,2014,60.8,49.8,54.7,68.8
362,2015,55.8,55.6,46.6,61.3
362,2016,59.0,59.0,56.5,60.6
362,2017,58.8,64.0,40.4,67.8
362,2018,59.3,67.6,35.6,70.2
362,2019,64.5,60.8,41.3,79.9
362,2020,59.6,52.2,35.9,76.7
362,2021,51.9,53.6,34.7,61.5
362,2022,56.5,59.9,40.0,65.1
362,2023,57.5,62.7,40.9,65.4
362,2024,55.0,57.2,48.3,58.1
362,2025,46.0,55.4,33.9,49.5
363,2012,39.6,23.5,44.3,50.5
363,2013,31.7,21.9,26.3,53.3
363,2014,28.1,17.2,18.1,59.0
363,2015,29.0,20.9,17.8,59.0
363,2016,29.7,25.5,12.3,66.1
363,2017,36.6,24.2,29.9,63.7
363,2018,36.8,22.5,32.4,62.0
363,2019,40.8,38.2,32.6,58.8
363,2020,48.7,31.3,52.7,62.4
363,2021,50.9,30.9,51.8,73.2
363,2022,48.7,36.2,47.5,65.8
363,2023,40.8,25.6,40.1,60.2
363,2024,40.9,31.1,35.3,62.9
363,2025,44.1,35.2,37.7,66.2
364,2012,68.2,57.8,51.2,82.6
364,2013,69.4,65.9,55.6,79.0
364,2014,66.6,59.3,48.5,80.3
364,2015,63.4,50.2,56.0,73.1
364,2016,59.9,45.8,54.0,69.0
364,2017,66.6,49.7,58.8,78.0
364,2018,69.1,57.3,51.3,84.4
364,2019,76.5,58.4,51.5,98.7
364,2020,75.5,55.9,52.9,96.9
364,2021,71.4,49.3,57.6,88.5
364,2022,67.6,48.4,52.2,84.5
364,2023,69.5,39.3,41.5,98.3
364,2024,73.0,44.8,46.9,100.0
364,2025,72.7,42.3,52.2,97.2
365,2012,47.1,47.2,47.3,46.7
365,2013,46.2,42.3,46.8,49.3
365,2014,48.7,52.2,43.1,52.7
365,2015,48.6,58.7,39.5,50.6
365,2016,44.2,47.8,39.4,46.9
365,2017,48.9,46.0,43.7,58.8
365,2018,44.9,40.3,46.7,47.1
365,2019,52.7,51.7,54.1,51.8
365,2020,48.0,51.1,43.9,50.5
365,2021,55.0,47.5,59.5,56.4
365,2022,52.1,45.9,64.0,42.5
365,2023,52.3,46.9,57.8,50.3
365,2024,44.3,45.9,35.5,54.4
365,2025,38.7,44.1,32.3,41.8
366,2012,54.9,52.2,48.7,70.8
366,2013,56.6,54.8,47.6,74.7
366,2014,54.6,49.0,51.3,73.5
366,2015,50.9,52.3,38.9,65.6
366,2016,60.4,61.7,54.3,66.1
366,2017,52.6,46.5,42.3,83.2
366,2018,53.6,44.7,53.2,76.5
366,2019,55.1,46.1,60.3,69.7
366,2020,55.1,48.7,60.7,62.7
366,2021,54.7,54.0,55.2,55.9
366,2022,52.2,43.0,63.7,58.2
366,2023,59.8,54.8,60.8,71.0
366,2024,59.8,54.0,57.5,77.6
366,2025,69.9,64.9,72.7,78.3
367,2012,72.1,66.1,54.5,85.0
367,2013,79.8,64.7,57.4,99.3
367,2014,79.3,63.0,55.8,100.0
367,2015,76.4,70.5,50.1,94.6
367,2016,81.3,75.1,54.3,100.0
367,2017,78.8,77.9,53.2,94.6
367,2018,68.8,57.2,43.3,88.8
367,2019,62.1,51.4,42.4,78.2
367,2020,71.2,57.7,58.8,84.0
367,2021,65.4,69.3,48.3,74.1
367,2022,63.3,64.0,45.7,73.6
368,2012,59.6,100.0,51.5,48.2
368,2013,64.4,100.0,56.5,55.0
368,2014,65.8,97.0,54.6,60.1
368,2015,64.8,100.0,56.3,55.8
368,2016,53.7,94.4,48.0,40.9
368,2017,52.6,81.0,43.5,46.7
368,2018,49.8,91.5,24.5,48.4
368,2019,52.4,91.7,33.0,48.4
368,2020,54.1,88.7,29.4,55.1
368,2021,47.8,86.7,34.0,40.6
368,2022,43.8,96.0,18.8,37.9
368,2023,51.4,98.7,33.8,43.1
368,2024,50.8,97.4,35.2,41.6
368,2025,51.7,94.9,45.4,38.2
369,2012,49.1,35.9,84.2,40.3
369,2013,54.9,45.8,83.4,44.7
369,2014,55.4,49.8,85.6,36.4
369,2015,52.4,42.3,88.4,36.8
369,2016,48.4,38.4,86.2,30.7
369,2017,59.0,52.5,94.9,35.9
369,2018,55.8,49.5,91.1,33.3
369,2019,58.8,53.7,88.3,39.3
369,2020,48.6,42.0,80.1,30.4
370,2012,57.7,33.9,74.8,88.3
370,2013,54.4,30.0,67.3,90.2
370,2014,58.5,37.3,59.5,100.0
370,2015,60.2,41.3,59.4,98.9
371,2012,54.1,40.6,94.2,40.9
371,2013,44.9,29.5,86.0,34.7
371,2014,44.1,36.9,66.1,36.5
371,2015,42.9,31.8,82.3,25.6
371,2016,44.3,38.6,76.4,23.5
371,2017,40.4,31.0,79.1,20.3
371,2018,39.3,31.2,82.5,12.3
371,2019,52.3,46.0,89.8,27.5
371,2020,48.2,36.0,94.8,26.1
371,2021,54.4,47.3,91.8,31.3
371,2022,52.0,49.5,80.7,28.3
371,2023,49.7,43.6,77.1,34.5
371,2024,55.7,56.7,77.7,31.6
371,2025,57.8,57.1,88.7,28.2
372,2012,25.9,33.4,30.7,0.0
372,2013,26.5,33.3,32.9,0.0
372,2014,23.2,24.6,31.2,7.6
372,2015,23.1,25.0,32.2,4.8
372,2016,31.2,44.3,29.1,1.6
372,2017,32.2,52.2,20.2,0.0
372,2018,33.0,54.4,19.4,0.0
372,2019,32.7,53.4,17.1,4.4
372,2020,30.0,44.2,25.8,1.0
372,2021,30.6,38.6,27.7,14.9
372,2022,25.9,35.8,21.1,8.2
372,2023,32.6,44.9,28.3,8.5
372,2024,35.2,46.3,31.4,13.0
372,2025,32.6,46.7,22.5,12.3
373,2012,51.0,73.1,36.7,50.4
373,2013,54.2,83.6,33.7,55.8
373,2014,51.2,71.7,34.7,56.2
373,2015,52.6,71.0,41.0,51.6
373,2016,51.4,65.4,39.4,56.3
373,2017,53.3,75.2,37.9,54.9
373,2018,58.5,75.3,50.2,53.3
373,2019,52.7,72.4,38.3,54.9
373,2020,58.1,71.1,46.7,63.1
373,2021,57.2,86.5,31.2,68.7
373,2022,57.7,82.6,39.4,60.7
373,2023,57.1,89.0,32.9,62.3
373,2024,56.6,93.4,35.0,51.5
373,2025,55.4,88.0,38.6,46.7
374,2012,58.4,61.4,80.4,17.7
374,2013,50.7,45.2,75.3,27.7
374,2014,32.0,30.1,45.0,17.5
374,2015,36.6,37.0,44.8,23.2
374,2016,31.6,28.0,51.2,11.1
374,2017,41.5,36.3,70.3,11.3
374,2018,44.8,43.7,71.6,7.5
374,2019,45.7,42.7,68.8,18.7
374,2020,55.0,52.9,69.3,38.8
374,2021,42.4,37.9,60.8,25.9
374,2022,52.6,52.1,71.4,25.4
374,2023,55.1,51.7,78.6,28.5
374,2024,50.4,54.7,67.2,14.2
374,2025,55.8,57.1,75.5,22.8
375,2012,34.8,38.8,28.8,40.5
375,2013,30.6,38.4,25.3,32.2
375,2014,31.0,35.4,24.0,38.0
375,2015,31.9,33.3,24.3,42.0
375,2016,33.9,31.0,27.2,46.4
375,2017,32.0,26.2,27.8,43.0
375,2018,31.9,33.9,17.7,51.6
375,2019,33.9,38.5,18.3,53.4
375,2020,36.0,30.1,27.3,54.0
375,2021,36.8,39.0,32.6,41.2
375,2022,39.3,46.0,31.8,45.1
375,2023,38.2,36.7,31.6,49.3
375,2024,42.2,30.3,36.4,60.7
375,2025,43.1,31.3,42.4,54.0
376,2012,76.2,64.2,92.5,81.5
376,2013,70.5,55.3,89.7,79.9
376,2014,74.0,62.5,89.2,80.0
376,2015,76.8,64.9,86.8,91.5
376,2016,78.3,69.0,87.0,88.5
376,2017,80.9,77.2,88.7,78.4
376,2018,74.5,61.7,86.2,89.0
376,2019,76.9,64.9,93.5,82.0
376,2020,86.3,73.2,100.0,98.4
376,2021,76.0,59.2,98.4,84.6
376,2022,64.2,48.6,83.2,74.6
376,2023,74.4,62.9,93.9,74.0
376,2024,69.6,62.2,78.9,73.9
376,2025,74.5,69.3,83.6,73.8
377,2012,59.5,47.8,71.7,50.9
377,2013,56.5,46.2,62.5,56.2
377,2014,54.7,33.4,66.4,55.0
377,2015,62.0,43.5,78.3,52.9
377,2016,58.4,48.3,66.4,54.8
377,2017,61.1,64.4,69.3,46.1
377,2018,63.4,67.4,76.4,40.5
377,2019,68.6,68.0,81.9,49.1
377,2020,63.4,64.3,84.1,31.7
377,2021,64.6,62.2,82.7,39.5
377,2022,64.7,57.8,82.7,43.4
377,2023,62.9,65.0,74.1,44.3
377,2024,57.1,54.4,64.0,49.1
377,2025,63.7,59.5,69.2,58.9
378,2012,45.1,48.8,33.0,52.8
378,2013,43.9,41.2,43.1,49.6
378,2014,47.5,50.4,39.3,52.3
378,2015,46.6,45.1,44.4,52.1
378,2016,42.5,36.6,39.6,56.6
378,2017,45.8,33.2,45.9,68.5
378,2018,42.1,37.6,39.7,53.2
378,2019,50.7,47.2,44.5,64.6
378,2020,57.5,60.0,43.1,70.3
378,2021,52.0,50.1,37.8,72.5
378,2022,51.0,56.4,30.1,66.3
378,2023,57.1,68.3,28.6,71.2
378,2024,53.7,59.2,36.5,64.4
378,2025,52.2,56.0,38.1,62.3
379,2012,52.7,67.8,33.9,41.3
379,2013,53.2,72.0,36.3,32.4
379,2014,56.4,75.6,40.0,34.3
379,2015,60.1,76.8,47.0,39.7
379,2016,61.4,78.3,52.1,37.1
379,2017,60.9,79.5,51.0,33.7
379,2018,62.2,77.5,58.8,35.2
379,2019,62.2,74.3,49.4,51.0
379,2020,62.9,77.2,34.7,62.4
379,2021,60.8,76.6,30.0,60.1
379,2022,54.8,68.8,36.0,45.6
379,2023,63.6,79.2,41.1,54.8
379,2024,64.3,80.0,53.4,43.9
379,2025,71.0,88.3,54.2,53.2
380,2012,59.8,61.9,69.3,53.3
380,2013,62.8,62.9,69.7,58.6
380,2014,59.8,55.6,73.6,53.2
380,2015,62.6,71.3,77.5,50.1
380,2016,64.6,66.3,84.5,51.9
380,2017,65.4,86.7,69.4,54.4
380,2018,64.8,79.5,78.7,50.5
380,2019,62.3,83.7,67.5,50.6
380,2020,57.4,68.7,64.8,48.5
380,2021,44.9,56.0,42.2,42.1
380,2022,62.0,70.9,59.7,59.9
380,2023,58.4,61.7,63.7,53.9
381,2012,68.0,67.6,63.8,73.8
381,2013,65.3,63.8,59.2,75.2
381,2014,65.9,59.9,71.0,70.4
381,2015,72.1,68.9,77.5,71.5
381,2016,74.0,62.7,81.2,85.5
381,2017,73.1,65.0,84.1,74.3
381,2018,77.5,75.6,81.2,76.5
381,2019,74.1,72.0,80.3,70.5
381,2020,75.1,77.3,71.5,75.5
381,2021,78.3,84.7,74.4,71.4
381,2022,79.8,84.3,84.0,66.5
381,2023,80.6,80.6,84.3,76.3
381,2024,72.6,76.2,71.6,67.3
381,2025,70.4,71.9,67.9,70.6
382,2012,43.0,16.0,27.8,63.0
382,2013,37.2,5.8,26.8,56.1
382,2014,35.3,4.8,28.5,51.5
382,2015,28.4,5.5,23.5,40.4
382,2016,26.6,1.9,26.6,36.5
382,2017,31.9,0.6,21.0,50.9
382,2018,33.0,11.3,23.3,47.5
382,2019,43.7,14.5,36.4,59.7
382,2020,39.8,21.1,42.3,45.8
382,2021,40.5,17.3,36.3,52.3
382,2022,40.1,22.6,40.4,46.9
382,2023,38.9,17.0,50.2,40.8
383,2012,41.1,33.5,40.5,51.4
383,2013,45.0,38.8,49.4,44.4
383,2014,49.1,50.2,49.2,47.7
383,2015,55.2,55.5,57.1,51.4
383,2016,50.2,48.7,48.7,54.6
383,2017,48.9,57.0,42.9,49.9
383,2018,49.5,49.1,48.3,52.1
383,2019,54.0,59.2,49.4,56.1
383,2020,58.0,63.9,58.7,49.7
384,2012,64.1,58.9,51.4,86.1
384,2013,61.8,56.0,55.0,76.6
384,2014,54.2,54.8,46.6,63.8
384,2015,54.1,55.3,48.9,59.7
384,2016,56.6,64.0,42.0,68.5
384,2017,57.8,68.9,43.4,66.0
384,2018,59.5,69.5,44.3,69.7
384,2019,64.5,65.9,55.0,75.7
384,2020,66.2,76.0,49.5,78.6
384,2021,69.3,73.6,56.7,81.7
384,2022,67.2,70.7,56.2,78.5
384,2023,63.4,63.3,55.1,74.5
384,2024,60.0,49.8,56.2,75.3
384,2025,60.0,53.6,62.5,63.2
385,2012,66.9,77.5,70.2,46.6
385,2013,70.8,84.0,72.3,50.1
385,2014,70.9,78.6,78.0,48.7
385,2015,72.4,70.1,86.9,52.6
385,2016,66.4,62.2,81.6,47.8
385,2017,61.4,61.4,68.4,50.4
385,2018,60.4,58.3,70.0,47.8
385,2019,60.2,64.6,64.3,47.4
385,2020,62.5,61.9,69.5,52.3
385,2021,59.1,61.7,63.5,48.6
386,2012,50.8,56.0,47.9,43.3
386,2013,47.8,55.7,44.5,35.2
386,2014,49.6,62.1,43.8,30.3
386,2015,50.3,59.1,46.5,36.6
387,2012,64.6,65.1,65.5,63.9
387,2013,59.0,58.0,55.0,61.9
387,2014,51.2,65.1,49.8,46.5
387,2015,46.9,57.3,44.8,44.0
387,2016,50.2,62.5,48.4,46.3
387,2017,53.7,75.7,39.7,53.3
387,2018,55.9,67.5,49.9,54.8
388,2012,47.3,52.5,52.2,42.3
388,2013,47.5,57.0,51.1,41.5
388,2014,47.3,66.5,43.1,42.2
388,2015,44.7,59.9,53.4,33.4
388,2016,39.1,47.6,54.2,26.7
388,2017,35.8,51.2,53.0,19.4
388,2018,33.7,48.0,55.7,14.8
388,2019,39.2,51.7,58.5,22.6
388,2020,48.1,55.1,57.4,39.7
388,2021,44.8,57.5,46.0,38.9
388,2022,41.7,50.6,44.7,36.4
388,2023,40.0,56.4,54.1,24.9
388,2024,46.4,62.2,65.8,28.4
388,2025,47.9,64.6,68.7,28.7
389,2012,50.9,50.6,46.0,58.5
389,2013,52.1,50.4,52.5,52.9
389,2014,51.0,46.9,51.4,53.7
389,2015,56.5,54.1,58.6,55.3
389,2016,56.9,53.4,58.5,57.5
389,2017,56.7,43.5,66.0,53.7
389,2018,60.4,51.8,68.4,55.4
389,2019,53.8,45.5,59.4,52.2
389,2020,52.3,54.7,56.4,44.1
389,2021,51.1,69.2,48.9,39.3
389,2022,53.7,67.0,53.3,43.3
389,2023,54.2,65.9,51.4,48.5
389,2024,54.2,70.0,49.9,47.4
389,2025,59.9,66.6,63.1,49.6
390,2012,50.3,53.8,36.2,57.5
390,2013,49.9,55.2,34.8,54.3
390,2014,53.4,56.5,42.5,58.3
390,2015,49.4,51.3,40.6,54.3
390,2016,48.1,52.9,37.4,49.3
390,2017,49.6,51.1,43.5,52.6
390,2018,49.8,55.3,34.6,54.1
390,2019,53.6,56.4,36.8,64.6
390,2020,48.2,50.3,29.9,62.3
390,2021,48.8,54.9,33.6,52.0
390,2022,47.2,55.8,42.9,34.3
390,2023,44.5,48.2,45.7,36.0
390,2024,52.2,57.3,48.9,45.5
390,2025,54.2,66.4,40.2,43.9
391,2012,69.7,84.0,56.1,73.5
391,2013,67.3,73.2,56.1,76.2
391,2014,64.5,77.5,49.4,71.7
391,2015,64.9,79.1,53.2,66.3
391,2016,66.9,83.2,58.6,61.8
391,2017,58.8,73.7,48.3,57.8
391,2018,67.2,77.5,58.6,68.4
391,2019,62.5,69.5,50.6,71.4
392,2012,50.4,30.5,62.8,78.0
392,2013,44.0,28.3,55.3,64.3
392,2014,51.4,35.1,59.8,75.7
392,2015,53.0,34.8,68.5,74.1
392,2016,47.0,24.9,68.9,69.3
392,2017,46.2,24.4,66.4,69.8
392,2018,47.4,32.2,60.1,65.1
392,2019,51.2,31.6,77.3,64.4
392,2020,56.0,40.0,76.8,67.3
392,2021,53.7,39.9,70.7,64.2
392,2022,58.9,50.3,75.8,59.3
392,2023,59.2,47.5,72.9,68.8
392,2024,52.4,40.2,64.7,64.6
392,2025,55.9,43.2,72.3,64.9
393,2012,41.8,32.9,60.2,34.4
393,2013,42.2,26.4,62.6,36.3
393,2014,39.8,31.7,64.7,28.2
393,2015,46.8,34.1,73.3,35.9
393,2016,46.0,32.4,66.0,39.4
393,2017,45.8,21.6,60.3,46.8
393,2018,43.6,23.9,71.8,34.6
393,2019,46.1,24.8,72.5,38.7
393,2020,43.4,29.6,70.3,32.8
393,2021,45.1,32.1,71.5,34.4
393,2022,43.2,16.8,82.3,30.2
393,2023,48.7,29.8,82.2,36.1
393,2024,53.8,29.3,76.7,49.8
393,2025,55.4,37.4,87.9,43.2
394,2012,43.5,32.6,73.5,27.3
394,2013,44.7,39.8,69.4,23.9
394,2014,43.0,36.5,62.4,31.5
394,2015,44.7,36.8,68.5,30.3
394,2016,42.3,35.3,71.0,20.4
394,2017,45.1,35.3,67.7,35.5
394,2018,48.9,38.3,73.5,38.3
394,2019,54.5,41.0,81.1,47.0
394,2020,56.3,50.1,72.4,48.2
395,2012,60.7,45.9,64.1,72.3
395,2013,67.9,62.6,68.5,73.0
395,2014,58.4,49.4,58.0,70.0
395,2015,52.3,30.8,56.3,70.8
395,2016,56.5,27.2,62.4,81.2
395,2017,58.8,32.5,66.7,76.2
395,2018,55.4,34.1,58.0,76.3
395,2019,53.0,35.8,56.2,67.7
395,2020,55.9,47.0,58.1,62.7
395,2021,59.9,40.0,66.6,71.9
395,2022,58.5,40.3,67.0,64.9
395,2023,58.8,45.2,64.3,65.2
395,2024,54.4,47.0,50.1,70.9
395,2025,62.4,52.1,58.3,82.2
396,2012,48.3,22.8,58.3,97.1
396,2013,51.2,33.7,53.0,92.5
396,2014,49.7,33.8,48.6,91.0
396,2015,41.5,20.5,42.9,91.9
396,2016,48.0,34.3,42.3,90.9
396,2017,53.1,35.3,54.1,96.1
396,2018,51.7,32.3,55.7,94.4
396,2019,51.3,30.2,60.3,90.5
396,2020,49.1,26.0,61.5,88.4
396,2021,40.0,14.1,56.4,80.3
396,2022,41.9,19.4,49.2,87.1
396,2023,50.2,34.3,48.0,93.2
397,2012,48.3,61.3,23.3,77.7
397,2013,49.6,64.4,22.6,80.4
397,2014,48.1,68.6,17.5,78.4
397,2015,48.5,68.2,20.8,74.8
397,2016,47.5,60.9,22.1,77.2
397,2017,40.0,62.0,9.8,68.0
397,2018,48.2,63.6,24.7,71.9
397,2019,44.3,56.1,23.9,66.8
397,2020,52.2,68.3,30.3,72.3
397,2021,48.6,60.7,29.4,68.5
397,2022,52.4,63.3,30.0,79.6
397,2023,42.9,55.7,15.4,76.9
397,2024,40.9,49.3,20.0,68.4
397,2025,38.7,52.6,15.2,64.4
398,2012,58.3,54.4,47.9,77.3
398,2013,51.6,44.6,38.5,77.2
398,2014,52.9,51.9,35.6,79.6
398,2015,46.3,38.5,31.4,75.0
398,2016,46.2,40.0,29.6,76.1
398,2017,48.1,36.5,32.5,81.3
398,2018,55.1,42.1,35.1,96.0
398,2019,51.6,41.4,37.1,81.9
398,2020,58.0,49.5,48.9,78.6
398,2021,56.7,55.0,41.0,81.7
398,2022,53.2,61.7,34.5,74.1
398,2023,56.5,58.6,36.2,85.3
398,2024,56.6,51.0,41.8,83.5
398,2025,54.0,55.6,32.7,84.5
399,2012,74.8,71.9,82.3,64.7
399,2013,79.8,87.8,79.5,70.6
399,2014,71.0,78.2,68.5,67.0
399,2015,69.6,73.5,69.1,66.0
399,2016,69.6,71.4,72.4,62.6
399,2017,69.7,63.2,76.2,65.7
399,2018,67.1,57.2,75.1,64.4
399,2019,70.7,57.5,81.1,67.7
399,2020,78.8,64.0,95.6,66.2
399,2021,82.6,62.1,100.0,75.9
399,2022,82.1,69.5,95.4,73.2
399,2023,77.7,73.2,90.1,60.9
399,2024,66.5,59.5,78.2,53.9
399,2025,73.0,56.4,86.0,69.7
400,2012,42.6,18.2,53.6,51.9
400,2013,48.5,23.4,58.5,60.6
400,2014,45.6,19.1,56.9,57.1
400,2015,46.8,13.0,69.8,46.0
400,2016,42.9,18.6,53.1,53.8
401,2012,47.6,30.4,61.5,41.2
401,2013,58.2,37.4,79.6,43.6
402,2012,58.3,50.6,59.6,75.8
402,2013,52.3,47.5,45.5,74.3
402,2014,57.4,51.0,56.8,74.1
402,2015,47.4,39.9,45.9,68.4
402,2016,52.2,38.6,59.9,74.5
402,2017,53.0,45.3,54.6,70.0
402,2018,48.1,39.7,48.4,68.7
402,2019,49.9,40.7,46.4,77.9
402,2020,52.2,40.2,47.7,88.7
402,2021,51.5,44.3,40.7,85.8
402,2022,53.2,48.3,38.1,88.2
402,2023,54.5,48.6,44.9,83.8
402,2024,53.2,55.0,38.1,71.5
402,2025,67.4,72.4,52.7,77.2
403,2012,54.5,69.7,53.8,37.7
403,2013,56.6,73.6,59.6,30.6
403,2014,56.1,71.8,60.8,28.8
403,2015,62.8,82.2,67.1,31.7
403,2016,66.6,82.5,70.9,39.6
403,2017,67.5,86.0,69.4,41.8
403,2018,67.4,83.8,66.8,49.0
403,2019,62.7,69.1,64.3,52.3
403,2020,62.2,64.3,64.0,56.6
403,2021,64.0,77.0,61.2,53.4
403,2022,67.8,80.8,64.0,58.9
403,2023,64.9,71.6,67.3,52.7
403,2024,69.4,77.9,67.1,63.5
403,2025,66.0,73.7,64.7,58.9
404,2012,54.8,72.3,55.0,19.5
404,2013,55.0,72.8,55.5,18.9
404,2014,52.0,64.5,65.6,13.6
404,2015,50.8,66.8,63.8,6.0
404,2016,50.2,67.2,66.5,0.0
404,2017,50.8,64.5,68.0,6.1
404,2018,56.2,71.5,63.9,18.0
404,2019,58.3,77.4,69.9,8.5
404,2020,57.0,71.0,70.9,15.3
404,2021,50.0,67.1,55.5,10.2
404,2022,48.5,67.1,54.9,4.8
404,2023,52.6,65.5,61.1,18.5
404,2024,55.4,66.3,64.7,24.3
404,2025,55.3,63.7,60.8,33.1
405,2012,41.3,49.9,50.1,15.2
405,2013,44.4,48.1,54.7,25.4
405,2014,49.5,51.2,58.5,35.6
405,2015,52.3,58.6,58.1,33.9
405,2016,48.8,57.5,49.2,32.8
405,2017,49.6,60.4,53.0,26.1
405,2018,52.2,68.4,50.7,24.8
405,2019,64.4,83.1,61.8,34.0
405,2020,57.9,70.6,59.4,33.1
405,2021,62.0,66.6,67.0,47.9
405,2022,58.3,67.5,58.9,40.9
405,2023,59.5,65.0,71.4,35.4
405,2024,61.7,67.5,74.1,36.2
406,2012,42.7,32.2,46.5,63.3
406,2013,49.9,40.6,52.1,69.9
406,2014,44.0,35.5,46.6,61.2
406,2015,40.0,28.4,43.8,63.1
406,2016,40.7,31.8,45.0,56.7
406,2017,42.3,39.2,40.9,52.3
406,2018,37.4,30.9,44.0,43.8
406,2019,47.9,42.2,46.4,64.6
406,2020,61.7,55.4,59.6,80.4
406,2021,63.0,61.6,58.1,73.7
406,2022,58.2,47.9,58.7,83.3
406,2023,51.4,39.8,53.7,77.0
406,2024,50.0,34.0,63.2,70.4
406,2025,51.1,37.4,60.6,71.3
407,2012,72.9,80.5,80.1,65.6
407,2013,79.0,85.4,78.2,76.9
407,2014,75.8,76.0,74.5,76.6
407,2015,72.6,82.8,63.3,74.2
407,2016,73.5,78.3,67.0,75.4
407,2017,71.0,76.5,72.7,67.7
407,2018,72.2,89.2,68.7,67.5
407,2019,74.2,95.0,66.0,70.7
407,2020,73.6,98.7,76.7,61.8
407,2021,75.2,100.0,86.4,58.5
407,2022,75.6,98.6,82.1,62.4
407,2023,77.8,100.0,82.1,66.3
407,2024,77.4,97.9,85.5,64.4
407,2025,75.9,96.6,81.8,64.0
408,2012,61.9,58.7,68.5,56.4
408,2013,65.4,58.8,74.0,60.4
408,2014,68.8,61.1,80.8,60.6
408,2015,68.2,56.4,84.6,58.0
408,2016,69.2,64.1,85.3,52.9
408,2017,63.1,65.0,73.8,47.0
408,2018,58.1,61.9,62.8,48.1
408,2019,59.5,66.8,64.4,45.7
408,2020,64.6,66.2,71.0,54.5
408,2021,55.1,63.9,49.4,54.0
408,2022,68.8,73.6,64.4,69.8
408,2023,63.6,66.4,59.1,66.7
408,2024,61.1,59.8,58.7,65.5
409,2012,62.6,65.0,45.6,82.1
409,2013,59.4,55.4,51.9,80.9
409,2014,62.5,64.0,43.4,87.4
409,2015,66.4,73.1,46.2,80.2
409,2016,59.7,60.5,45.3,79.5
409,2017,57.6,57.9,43.8,77.7
409,2018,54.8,58.8,35.9,72.9
409,2019,58.8,62.3,42.7,74.4
409,2020,58.9,60.8,41.1,81.0
409,2021,62.3,62.5,49.8,80.4
409,2022,59.8,56.0,52.9,79.6
409,2023,64.9,62.0,58.6,81.4
409,2024,69.6,62.9,71.2,84.0
409,2025,65.7,58.0,64.2,87.0
410,2012,45.5,39.2,60.3,30.7
410,2013,51.8,38.7,69.8,41.2
410,2014,51.0,36.6,73.2,35.7
410,2015,46.0,31.4,67.8,31.6
410,2016,45.3,36.4,66.0,24.8
411,2012,45.0,52.1,44.0,28.7
411,2013,43.3,42.0,52.4,32.9
411,2014,49.2,45.0,58.8,45.2
411,2015,52.5,53.7,55.7,44.9
411,2016,49.8,52.6,54.8,35.1
411,2017,47.4,56.7,43.8,29.8
411,2018,46.3,50.1,40.8,45.2
411,2019,49.1,55.3,40.7,46.1
411,2020,50.2,62.8,34.6,41.9
411,2021,42.9,51.0,29.4,43.1
411,2022,47.6,49.0,46.0,46.7
411,2023,52.5,54.6,53.6,45.5
411,2024,50.1,62.7,38.1,36.4
411,2025,47.9,59.3,40.1,30.9
412,2012,75.6,54.2,70.0,87.6
412,2013,71.2,54.0,73.1,77.0
412,2014,65.1,61.6,67.2,65.3
412,2015,68.3,53.8,69.9,73.1
412,2016,73.4,64.5,76.2,75.3
412,2017,68.6,53.1,66.2,76.3
412,2018,69.4,51.4,70.6,75.8
412,2019,71.8,55.3,60.6,85.1
412,2020,72.9,66.7,62.8,81.4
412,2021,75.3,65.7,66.0,84.7
412,2022,74.2,71.4,66.1,80.2
412,2023,69.8,60.0,69.7,73.8
412,2024,58.9,39.5,57.1,67.7
412,2025,63.6,47.3,65.1,69.2
413,2012,63.6,51.8,98.5,52.3
413,2013,61.9,49.0,89.7,60.0
413,2014,63.5,51.9,95.5,54.8
413,2015,63.8,56.0,89.2,54.0
413,2016,66.6,61.0,89.8,54.7
413,2017,64.8,60.0,84.6,54.5
413,2018,57.7,56.0,76.6,42.3
413,2019,57.4,57.8,78.1,36.0
413,2020,53.9,59.0,69.4,28.2
413,2021,51.6,51.1,77.6,26.4
413,2022,56.8,57.0,83.6,29.6
413,2023,53.5,54.5,78.3,26.8
413,2024,58.6,61.7,76.2,34.9
413,2025,66.6,68.8,85.8,42.9
414,2012,48.8,73.5,53.5,21.2
414,2013,46.8,80.5,43.8,23.2
414,2014,40.8,67.9,43.7,14.0
414,2015,43.3,65.0,46.6,20.4
414,2016,44.7,64.5,46.8,25.0
414,2017,44.5,66.7,46.7,22.7
414,2018,40.2,54.8,50.1,13.1
414,2019,41.9,55.6,50.8,17.0
414,2020,48.6,59.7,64.4,15.7
414,2021,53.2,60.4,70.8,20.8
414,2022,54.7,63.0,77.3,14.0
414,2023,54.2,66.2,73.8,14.7
414,2024,48.6,69.2,59.7,14.7
414,2025,56.1,73.3,69.3,21.9
415,2012,57.3,66.7,53.1,40.2
415,2013,62.9,76.1,57.3,38.5
415,2014,65.6,78.7,57.2,45.3
415,2015,62.0,82.9,51.9,24.7
415,2016,63.1,80.8,54.4,31.7
415,2017,63.4,77.5,53.7,42.9
415,2018,41.0,49.5,37.5,24.9
415,2019,44.4,50.2,46.6,26.7
415,2020,49.4,55.8,59.6,17.9
415,2021,52.1,56.4,66.1,20.4
415,2022,65.4,73.4,76.2,29.1
415,2023,62.2,75.5,62.5,28.7
415,2024,57.2,60.1,70.5,29.8
415,2025,50.7,58.6,57.3,21.2
416,2012,72.2,75.6,73.3,62.0
416,2013,69.3,68.0,81.4,54.3
416,2014,66.0,67.4,69.2,57.5
416,2015,76.1,83.3,75.0,59.8
416,2016,79.9,82.9,81.3,70.1
416,2017,68.1,65.5,81.7,54.4
416,2018,72.5,72.6,85.1,53.3
416,2019,79.9,83.4,91.8,53.4
416,2020,76.6,73.7,92.5,59.8
416,2021,70.4,70.1,81.5,54.4
416,2022,72.8,62.8,93.9,66.0
416,2023,78.1,70.0,93.8,74.8
416,2024,74.8,61.9,89.9,84.4
416,2025,69.1,64.6,78.7,66.1
417,2012,66.7,60.5,80.4,61.4
417,2013,59.9,49.3,78.6,56.4
417,2014,60.9,49.6,77.8,61.1
417,2015,70.6,63.3,82.8,69.1
417,2016,75.5,66.7,89.1,75.2
417,2017,66.1,51.0,79.0,77.8
417,2018,64.8,49.3,76.2,78.9
417,2019,64.9,49.4,75.0,80.7
417,2020,69.8,64.5,80.5,66.7
417,2021,62.9,56.3,76.3,58.8
417,2022,76.7,76.7,85.8,65.8
417,2023,83.4,87.6,78.6,81.6
417,2024,73.1,73.0,76.1,69.5
417,2025,66.4,58.7,82.0,61.4
418,2012,52.1,43.6,71.4,49.9
418,2013,51.5,49.2,58.4,49.2
418,2014,54.2,51.6,59.5,54.0
418,2015,49.4,42.7,60.2,52.0
418,2016,51.1,51.7,57.7,43.2
418,2017,49.8,48.0,58.1,45.1
418,2018,48.3,49.7,52.2,41.5
418,2019,53.4,52.1,64.3,45.3
418,2020,52.1,49.5,69.0,40.4
418,2021,55.1,48.4,68.7,55.0
418,2022,58.7,54.1,67.6,59.1
418,2023,56.5,53.6,58.7,60.0
419,2012,58.0,36.2,73.1,64.3
419,2013,57.4,34.0,74.3,63.0
419,2014,56.0,39.3,67.3,61.2
419,2015,49.0,32.6,55.0,62.3
419,2016,57.7,40.4,74.1,55.5
419,2017,62.9,49.0,81.2,53.1
419,2018,57.3,43.3,70.9,55.3
419,2019,58.1,48.6,66.2,58.6
419,2020,57.5,45.3,66.0,61.0
419,2021,49.0,44.4,49.3,54.9
419,2022,53.4,56.6,51.7,51.5
419,2023,57.8,58.8,54.6,61.4
419,2024,64.7,61.6,68.5,62.8
419,2025,61.4,51.7,68.5,63.7
420,2012,49.6,52.7,28.8,64.0
420,2013,54.9,60.0,41.1,58.4
420,2014,57.7,63.8,36.1,67.2
420,2015,55.2,63.8,33.8,59.5
420,2016,57.3,59.9,42.3,67.2
420,2017,52.8,52.2,49.7,57.0
421,2012,30.8,23.4,29.9,38.3
421,2013,28.4,26.7,31.3,25.5
421,2014,30.6,18.7,31.4,39.3
421,2015,22.3,14.2,22.0,29.6
421,2016,27.9,15.5,31.7,32.6
421,2017,25.6,14.7,34.0,22.2
421,2018,25.3,9.3,26.2,37.4
421,2019,27.3,14.9,37.1,22.9
421,2020,27.1,16.2,38.1,19.7
421,2021,28.4,12.5,40.1,24.2
421,2022,30.4,6.2,48.3,23.6
421,2023,31.2,10.5,43.2,30.6
421,2024,45.0,36.0,49.3,45.9
421,2025,48.9,40.0,47.8,58.1
422,2012,45.3,50.4,47.9,34.2
422,2013,38.2,43.5,40.5,27.0
423,2012,30.2,29.6,59.4,13.0
423,2013,24.2,20.3,51.6,9.4
423,2014,24.2,22.6,43.1,13.5
423,2015,30.3,25.2,54.9,17.5
423,2016,27.4,29.6,64.2,4.5
423,2017,29.0,37.6,55.3,9.7
423,2018,30.2,33.0,61.2,10.4
423,2019,32.3,36.4,59.7,14.3
423,2020,26.6,31.7,67.5,0.0
423,2021,25.9,39.5,59.9,0.0
423,2022,27.2,33.0,68.6,0.0
423,2023,25.1,25.7,61.5,3.1
423,2024,28.3,28.6,66.4,5.4
423,2025,27.4,24.0,52.7,13.6
424,2012,56.7,53.6,53.5,59.9
424,2013,60.3,62.4,53.6,63.5
424,2014,54.5,62.9,48.8,54.6
424,2015,54.9,60.6,49.4,56.0
424,2016,51.9,62.2,47.3,50.6
424,2017,57.8,65.3,49.0,60.1
424,2018,60.7,69.8,49.9,63.5
424,2019,62.4,72.1,48.0,67.2
424,2020,61.1,64.9,44.8,69.3
424,2021,64.9,67.9,51.8,71.6
424,2022,60.4,66.7,48.0,65.3
424,2023,55.3,68.1,47.0,55.2
424,2024,61.8,70.7,54.3,62.8
424,2025,64.4,66.2,61.0,65.8
425,2012,53.2,58.3,31.4,73.2
425,2013,61.9,67.9,46.9,69.4
425,2014,57.1,61.2,39.3,73.5
425,2015,63.4,69.4,46.5,73.9
425,2016,58.0,64.1,48.1,57.7
425,2017,56.5,62.0,40.0,67.3
425,2018,49.9,46.9,44.5,65.5
425,2019,52.4,52.5,44.8,63.3
425,2020,55.3,56.5,51.7,57.6
425,2021,62.2,65.4,61.6,55.3
425,2022,64.3,70.0,53.0,67.0
425,2023,57.8,56.9,54.3,65.1
425,2024,56.1,52.6,54.7,67.1
425,2025,62.0,60.5,54.4,77.1
426,2012,53.3,70.4,41.7,36.4
426,2013,45.5,60.9,38.5,26.2
426,2014,49.3,60.6,39.6,40.7
426,2015,53.3,62.7,38.7,53.9
426,2016,54.4,71.3,29.3,54.2
426,2017,53.4,76.3,30.7,39.3
426,2018,54.8,74.2,40.3,37.4
426,2019,52.2,73.6,34.0,35.6
427,2012,39.2,30.2,51.3,28.2
427,2013,39.7,27.5,48.7,38.0
427,2014,28.5,20.7,33.5,28.7
427,2015,33.1,20.3,46.3,24.7
427,2016,34.6,16.5,46.6,34.9
427,2017,33.9,17.7,46.2,31.2
427,2018,37.0,18.7,50.9,33.9
427,2019,38.0,28.6,44.4,37.8
427,2020,36.9,23.9,42.7,42.0
427,2021,40.7,32.8,44.9,42.8
427,2022,44.8,40.3,49.6,41.7
427,2023,42.5,38.6,42.9,46.6
427,2024,40.2,37.7,42.9,38.2
427,2025,43.5,30.1,60.5,29.1
428,2012,20.1,25.0,20.4,12.7
428,2013,19.2,16.6,25.6,12.7
428,2014,25.6,31.9,24.3,18.8
428,2015,27.5,35.3,30.8,11.2
428,2016,31.7,44.0,36.3,7.1
428,2017,34.5,50.3,36.1,9.8
428,2018,32.0,52.8,33.7,0.0
428,2019,35.8,51.5,40.0,7.1
428,2020,31.3,47.3,34.4,3.9
428,2021,25.7,45.9,24.2,0.0
428,2022,24.6,44.7,15.7,10.6
428,2023,25.5,44.8,23.0,2.4
428,2024,23.2,45.3,16.8,2.4
428,2025,32.7,48.6,35.6,5.7
429,2012,59.8,69.2,75.2,46.9
429,2013,51.7,62.9,72.1,35.0
429,2014,50.9,57.0,76.6,33.1
429,2015,51.7,61.2,81.8,29.9
429,2016,58.5,68.9,85.5,38.1
430,2012,40.6,30.5,56.7,39.4
430,2013,42.6,34.7,55.3,41.4
430,2014,47.2,37.0,64.7,44.6
430,2015,41.3,32.3,59.1,36.1
430,2016,39.4,34.7,50.6,34.5
430,2017,38.0,30.7,56.7,28.6
431,2012,46.0,43.8,39.5,61.3
431,2013,51.4,53.4,42.6,59.6
431,2014,49.2,48.3,40.5,64.5
431,2015,47.3,41.8,49.0,58.7
431,2016,43.8,44.2,38.4,50.9
431,2017,43.9,46.4,35.0,51.1
431,2018,44.9,50.2,31.4,51.7
431,2019,53.3,58.4,39.5,61.3
431,2020,51.3,56.8,42.4,50.8
431,2021,46.8,49.7,38.5,52.0
431,2022,50.2,55.0,43.0,49.2
431,2023,57.1,64.1,39.4,66.1
431,2024,58.8,63.2,48.3,63.8
431,2025,71.5,81.7,52.0,75.2
432,2012,50.0,33.1,75.2,58.5
432,2013,50.4,27.9,77.1,68.7
432,2014,57.6,41.4,79.4,68.4
432,2015,48.6,34.7,71.0,53.9
433,2012,61.7,57.7,85.2,36.6
433,2013,64.3,65.8,81.1,35.5
433,2014,65.1,69.2,80.4,31.9
433,2015,62.6,59.7,78.3,46.5
433,2016,63.2,56.9,85.1,46.0
433,2017,66.3,57.0,95.7,45.5
433,2018,61.6,54.3,87.0,42.0
433,2019,62.6,54.8,91.4,38.8
433,2020,64.1,59.5,90.2,36.5
433,2021,62.0,51.8,93.1,40.7
433,2022,66.1,59.6,92.4,43.1
433,2023,64.4,53.6,93.2,48.0
433,2024,63.9,53.8,89.8,50.5
433,2025,66.4,60.3,92.6,42.3
434,2012,38.3,32.0,48.0,31.6
434,2013,42.0,33.6,50.5,40.0
434,2014,40.2,32.5,43.1,46.4
434,2015,39.5,31.1,43.5,44.7
434,2016,45.1,41.8,53.4,36.3
434,2017,50.5,50.8,48.6,53.0
434,2018,43.6,38.5,46.1,46.9
434,2019,43.8,56.2,34.7,40.8
434,2020,48.8,55.6,46.2,43.3
434,2021,52.1,51.6,54.5,49.1
434,2022,56.9,67.0,53.2,48.7
434,2023,47.4,50.6,41.1,53.1
434,2024,55.5,59.5,49.4,59.5
434,2025,61.2,60.1,60.1,64.3
435,2012,71.2,36.3,97.0,66.6
435,2013,67.0,38.3,88.8,62.3
435,2014,71.4,43.6,88.9,73.1
435,2015,68.9,42.6,86.6,68.7
435,2016,72.9,42.5,92.6,74.1
435,2017,66.2,39.1,81.4,71.4
435,2018,62.1,28.6,82.4,65.7
435,2019,66.1,29.6,88.6,69.3
435,2020,62.6,31.1,82.1,65.5
435,2021,63.5,45.9,78.8,57.2
435,2022,72.6,54.5,88.3,66.2
435,2023,77.5,57.4,92.7,74.1
436,2012,42.4,31.7,72.1,34.0
436,2013,35.3,26.4,64.7,23.7
436,2014,40.3,29.6,68.2,33.7
436,2015,37.1,25.1,68.5,29.8
436,2016,35.0,26.1,65.1,22.6
436,2017,39.9,30.1,68.1,31.3
436,2018,44.9,37.1,69.0,36.3
436,2019,41.2,34.5,65.1,30.5
436,2020,41.3,30.0,72.1,33.0
436,2021,45.5,32.8,68.9,47.6
436,2022,50.5,32.9,78.1,58.0
436,2023,52.5,39.8,71.4,58.9
436,2024,51.7,42.3,65.8,56.3
436,2025,45.0,35.1,57.1,52.6
437,2012,48.3,62.8,41.4,46.7
437,2013,50.4,69.9,42.6,46.0
437,2014,48.0,64.2,41.7,43.9
437,2015,53.8,80.1,47.7,41.0
437,2016,49.3,74.5,45.8,33.7
437,2017,49.0,67.2,47.0,36.7
437,2018,55.7,75.0,52.0,45.2
437,2019,61.8,82.2,63.8,41.8
437,2020,55.9,85.0,57.6,29.1
438,2012,60.7,62.5,48.4,77.5
438,2013,66.7,70.8,57.4,77.2
438,2014,68.8,64.6,64.3,79.2
438,2015,71.7,73.7,66.4,77.9
438,2016,72.8,73.9,61.8,88.3
438,2017,72.5,77.0,55.1,94.7
438,2018,69.2,74.2,54.2,87.7
438,2019,65.1,78.9,50.8,75.1
438,2020,68.1,76.2,52.7,84.4
438,2021,55.3,66.6,34.7,76.8
438,2022,69.0,83.1,49.6,86.3
438,2023,60.3,66.4,45.6,77.3
439,2012,55.3,60.1,64.0,36.2
439,2013,54.3,50.7,66.6,45.9
439,2014,49.1,45.5,57.5,45.5
439,2015,53.9,56.7,62.1,39.0
439,2016,55.3,55.3,64.9,43.9
439,2017,51.9,54.7,63.8,32.7
439,2018,53.8,55.4,67.9,34.0
439,2019,44.3,46.4,61.0,20.3
439,2020,52.4,56.6,70.6,23.2
439,2021,49.4,53.1,68.3,20.0
439,2022,42.0,46.2,59.7,13.1
439,2023,50.3,58.0,64.0,20.1
439,2024,60.7,67.6,73.0,33.7
439,2025,58.1,72.8,61.5,27.6
440,2012,52.1,44.1,49.6,70.6
440,2013,45.8,32.6,47.7,70.3
440,2014,40.5,29.0,49.2,54.8
440,2015,44.4,35.0,45.2,62.4
440,2016,45.0,33.9,52.5,59.7
440,2017,47.8,36.1,57.2,61.7
440,2018,48.2,39.2,49.7,64.8
440,2019,52.0,42.9,48.7,73.5
440,2020,53.4,45.0,48.9,74.5
440,2021,50.3,41.4,44.7,73.8
440,2022,56.2,50.3,47.6,76.5
440,2023,51.2,47.9,43.5,65.5
440,2024,54.2,49.8,50.0,67.1
440,2025,61.4,57.4,58.1,72.9
441,2012,54.4,58.6,30.1,70.1
441,2013,55.8,62.3,25.5,73.1
441,2014,58.0,67.7,27.5,69.3
441,2015,52.3,60.5,26.6,61.7
441,2016,52.6,54.8,28.4,72.4
441,2017,53.3,56.3,26.6,74.0
441,2018,58.5,69.4,23.7,71.5
441,2019,63.2,73.9,31.5,73.5
441,2020,61.0,66.5,35.9,75.1
441,2021,59.7,66.6,31.7,74.0
441,2022,66.5,74.8,31.7,84.7
441,2023,60.7,65.6,25.9,85.6
441,2024,61.6,68.4,31.3,78.2
441,2025,59.6,64.4,33.9,75.7
442,2012,46.6,28.4,60.8,42.9
442,2013,46.0,21.4,62.7,45.3
442,2014,49.1,33.6,59.9,48.3
442,2015,47.5,23.0,64.8,45.7
442,2016,41.8,19.1,52.4,50.1
442,2017,49.8,26.3,61.3,57.5
442,2018,52.6,29.0,69.8,49.8
442,2019,47.9,20.3,66.5,47.5
442,2020,54.2,19.5,79.2,50.8
442,2021,56.7,24.8,79.7,53.7
442,2022,59.0,30.6,83.2,49.7
442,2023,53.1,26.2,75.9,44.4
442,2024,59.2,29.8,80.6,56.1
442,2025,62.9,36.4,82.4,59.6
443,2012,78.2,90.3,94.0,38.3
443,2013,76.2,93.0,86.1,32.8
443,2014,82.3,100.0,84.9,44.3
443,2015,84.0,96.8,87.3,55.1
443,2016,80.8,93.4,82.3,54.1
443,2017,80.0,92.2,87.3,48.4
443,2018,82.6,95.8,87.6,51.3
443,2019,81.5,91.3,95.0,48.3
443,2020,80.6,89.0,92.8,51.6
443,2021,78.4,84.0,92.8,53.0
443,2022,77.6,82.3,92.0,53.6
443,2023,80.3,89.4,94.7,47.6
443,2024,75.6,80.6,80.4,60.8
443,2025,85.1,95.0,90.2,60.3
444,2012,67.3,49.5,49.2,85.3
444,2013,67.4,52.4,44.7,87.0
444,2014,70.5,56.2,56.4,84.7
444,2015,67.0,62.1,50.2,79.1
444,2016,61.0,60.0,37.4,75.6
444,2017,55.1,43.0,38.4,70.0
444,2018,63.9,62.8,34.1,82.2
444,2019,73.1,58.0,39.1,99.5
444,2020,73.0,63.1,52.3,89.4
444,2021,69.7,66.5,46.0,85.2
444,2022,69.6,64.7,48.2,84.5
444,2023,59.6,59.5,38.3,72.4
444,2024,54.1,58.9,42.7,59.1
444,2025,59.5,63.9,47.2,65.2
445,2012,55.7,39.8,62.1,63.2
445,2013,56.3,44.6,63.0,59.0
445,2014,58.9,51.9,59.9,64.6
445,2015,60.8,52.2,64.9,63.9
445,2016,61.7,51.7,62.3,70.8
445,2017,65.9,51.5,68.1,77.4
445,2018,65.3,42.7,73.0,77.6
445,2019,65.6,38.3,76.4,78.6
445,2020,58.3,41.8,66.6,63.6
445,2021,58.0,40.9,67.8,61.9
445,2022,68.6,45.0,88.3,66.1
445,2023,60.8,53.4,73.3,51.6
446,2012,49.1,49.1,45.6,53.4
446,2013,55.2,55.6,49.3,61.5
446,2014,51.4,56.2,45.0,50.5
446,2015,55.9,65.0,39.4,59.2
446,2016,57.6,64.9,36.8,69.6
446,2017,54.3,60.7,31.8,69.7
446,2018,58.8,67.2,38.9,67.5
447,2012,42.2,36.3,51.3,41.8
447,2013,37.0,26.8,50.3,39.4
447,2014,37.1,24.7,53.0,40.5
447,2015,36.3,27.4,49.9,36.1
447,2016,34.5,21.8,47.5,41.7
447,2017,34.6,19.8,46.5,46.9
447,2018,46.9,37.7,51.9,57.6
447,2019,40.7,33.8,48.2,44.3
447,2020,47.3,40.6,50.0,56.2
447,2021,49.4,50.9,49.2,46.8
447,2022,51.6,48.5,55.8,52.3
447,2023,57.2,63.2,55.8,48.0
447,2024,56.0,62.2,52.7,48.9
447,2025,52.4,57.4,56.4,38.4
448,2012,39.5,37.5,52.3,24.4
448,2013,41.5,44.3,55.4,20.2
448,2014,40.9,43.3,53.0,22.4
448,2015,42.3,43.0,56.9,22.1
449,2012,47.0,39.9,52.4,48.4
449,2013,46.8,45.2,46.8,49.2
449,2014,42.4,48.1,38.5,40.8
449,2015,40.1,43.5,35.6,42.5
449,2016,40.6,42.9,33.2,49.2
449,2017,52.3,47.1,55.4,54.7
449,2018,48.8,51.3,49.4,44.4
450,2012,38.1,25.6,44.0,60.6
450,2013,36.3,28.1,36.1,57.1
450,2014,33.6,24.8,30.8,59.7
450,2015,34.3,20.5,38.3,62.6
450,2016,34.4,20.5,36.0,66.7
450,2017,29.4,3.2,39.2,80.0
450,2018,31.8,5.7,44.0,78.9
450,2019,31.7,11.1,40.6,69.8
450,2020,34.0,23.1,28.9,68.9
450,2021,33.7,22.1,32.4,64.5
450,2022,47.9,35.2,50.8,75.2
450,2023,39.1,21.8,51.8,63.3
450,2024,32.2,22.0,35.7,52.4
450,2025,45.5,35.3,42.2,75.9
451,2012,58.4,61.9,39.0,70.7
451,2013,58.6,58.6,41.1,76.1
451,2014,64.8,75.3,39.3,69.2
451,2015,71.1,78.4,52.0,75.6
451,2016,68.6,72.6,49.3,79.9
451,2017,70.0,75.6,49.0,79.8
451,2018,59.8,67.4,32.9,71.4
451,2019,73.1,94.6,30.9,72.4
451,2020,72.4,84.7,41.3,78.7
451,2021,72.8,81.6,43.7,84.2
451,2022,68.0,79.8,44.3,68.0
451,2023,76.3,95.8,43.3,70.2
451,2024,66.6,83.2,36.0,64.0
451,2025,73.4,86.8,46.1,74.1
452,2012,64.8,68.7,66.7,58.8
452,2013,57.4,69.5,56.0,49.5
452,2014,59.6,65.9,64.3,47.3
452,2015,62.3,70.2,66.0,50.1
453,2012,41.3,32.2,59.9,41.0
453,2013,38.6,28.6,55.8,41.3
453,2014,45.0,38.0,58.5,45.4
453,2015,47.3,43.4,63.8,38.6
453,2016,43.1,44.9,47.5,35.1
454,2012,47.9,65.9,38.6,43.2
454,2013,44.0,75.0,28.0,35.6
454,2014,48.7,73.9,38.8,36.1
454,2015,48.9,64.3,40.4,45.7
454,2016,45.8,53.2,37.5,51.7
454,2017,45.1,61.0,29.3,54.3
454,2018,41.9,60.8,26.5,46.9
454,2019,47.4,67.0,31.6,52.3
454,2020,39.6,53.7,30.3,39.6
454,2021,35.7,60.3,17.1,39.5
454,2022,38.0,55.2,19.1,51.4
454,2023,39.9,58.3,21.9,50.4
454,2024,41.8,63.0,23.8,48.9
454,2025,47.5,64.2,28.7,61.3
455,2012,70.2,81.4,48.9,92.8
455,2013,72.4,73.1,59.8,90.7
455,2014,72.4,81.1,56.4,89.1
455,2015,73.5,82.7,53.8,95.5
455,2016,70.7,72.8,55.2,92.3
455,2017,74.3,76.1,61.2,92.4
455,2018,76.3,72.5,64.7,96.8
455,2019,63.4,58.6,47.8,90.9
455,2020,67.2,68.9,50.5,90.7
455,2021,67.4,71.8,51.6,87.3
455,2022,61.9,80.2,40.8,78.4
456,2012,43.9,48.1,41.2,43.6
456,2013,49.6,48.9,52.8,44.6
456,2014,46.5,50.9,47.3,39.6
457,2012,61.5,45.0,85.1,71.0
457,2013,65.2,49.1,91.6,70.8
457,2014,64.0,43.8,87.9,80.4
457,2015,63.7,49.8,81.8,73.3
458,2012,36.9,33.9,40.9,38.4
458,2013,35.2,35.2,36.5,33.4
458,2014,33.3,34.5,37.4,24.2
458,2015,41.5,40.4,43.9,40.6
458,2016,39.3,40.4,40.9,34.1
458,2017,44.7,51.2,45.0,28.1
458,2018,51.2,54.8,57.0,33.5
458,2019,51.6,56.2,51.5,40.5
458,2020,53.6,55.0,50.6,54.6
458,2021,47.6,47.2,44.9,52.5
458,2022,46.0,45.0,50.0,42.5
458,2023,51.1,49.2,54.7,50.3
458,2024,50.3,49.1,51.6,51.3
458,2025,54.4,57.7,53.0,48.5
459,2012,50.9,42.0,49.2,55.4
459,2013,48.7,42.9,50.3,50.1
459,2014,47.4,51.5,40.2,50.0
459,2015,46.2,55.4,23.9,55.8
459,2016,48.4,55.2,17.9,63.9
459,2017,44.0,46.4,17.8,58.8
459,2018,49.5,44.9,30.9,62.5
459,2019,49.1,42.9,32.5,61.6
459,2020,60.1,43.6,45.7,75.4
459,2021,59.5,49.9,60.7,62.6
459,2022,58.3,60.2,57.2,58.2
459,2023,58.9,70.3,64.5,51.0
459,2024,65.0,67.1,71.6,60.3
460,2012,60.2,76.5,58.3,29.3
460,2013,62.3,82.9,50.2,33.2
460,2014,63.9,84.6,46.6,39.7
460,2015,69.2,91.2,60.0,34.6
460,2016,70.3,90.7,69.4,30.4
460,2017,76.4,93.5,78.2,40.4
460,2018,70.8,83.0,70.4,46.9
460,2019,70.6,87.4,66.4,41.3
460,2020,70.7,87.5,66.0,41.9
460,2021,70.2,88.2,68.7,35.8
460,2022,75.2,96.8,73.1,34.3
461,2012,66.8,67.6,60.4,74.2
461,2013,72.8,77.3,61.5,78.3
461,2014,70.1,66.0,66.7,85.2
461,2015,72.4,68.5,70.5,84.8
461,2016,74.3,71.5,65.7,94.4
461,2017,69.4,64.0,63.4,92.0
461,2018,67.8,63.0,60.9,90.2
461,2019,73.5,75.4,56.7,94.1
461,2020,78.0,88.4,49.4,95.0
461,2021,75.4,83.5,53.2,88.3
461,2022,76.6,84.5,53.5,91.7
461,2023,79.5,88.4,51.8,98.8
461,2024,81.4,91.9,51.5,100.0
461,2025,76.1,79.2,57.0,96.9
462,2012,48.3,41.1,50.0,55.7
462,2013,49.8,51.1,40.4,62.9
462,2014,46.6,45.7,44.2,51.8
462,2015,39.7,31.1,51.1,33.5
462,2016,31.2,30.0,36.0,25.3
462,2017,37.9,31.2,45.7,34.9
462,2018,34.5,22.4,42.8,38.1
462,2019,40.5,40.0,38.4,44.5
462,2020,46.8,42.4,52.0,44.7
462,2021,50.2,51.8,45.8,54.9
462,2022,51.1,48.0,49.3,58.3
462,2023,46.4,42.4,47.9,49.4
462,2024,46.3,49.3,38.4,54.7
462,2025,59.0,58.1,62.5,54.6
463,2012,39.6,31.8,49.3,36.9
463,2013,45.0,29.3,66.4,38.4
463,2014,48.6,38.2,62.2,44.5
463,2015,44.7,36.4,64.4,36.1
463,2016,35.3,38.4,55.9,21.7
463,2017,45.8,36.9,69.7,35.1
463,2018,48.9,34.5,69.9,42.1
463,2019,52.4,31.7,65.8,52.7
463,2020,59.7,33.4,66.6,66.1
463,2021,57.4,30.5,58.2,67.6
463,2022,60.2,37.8,67.2,64.9
463,2023,58.8,35.1,70.1,61.4
463,2024,66.8,38.9,84.0,67.7
463,2025,54.7,22.4,78.1,53.6
464,2012,67.3,73.0,50.9,89.8
464,2013,68.8,83.6,47.5,89.2
464,2014,68.3,83.4,46.7,89.0
464,2015,73.4,82.9,60.9,84.4
464,2016,66.6,74.3,55.8,77.0
464,2017,64.1,71.3,52.1,77.2
464,2018,67.7,72.4,58.8,77.9
464,2019,72.6,73.8,62.6,89.0
464,2020,68.4,79.0,54.7,80.5
464,2021,64.0,72.1,49.5,80.5
464,2022,60.5,58.0,48.9,84.2
464,2023,57.5,53.8,47.6,79.7
464,2024,51.8,48.0,40.9,75.8
464,2025,64.7,74.1,48.4,82.9
465,2012,54.6,51.7,58.4,55.3
465,2013,57.3,56.3,64.3,50.6
465,2014,56.7,55.4,60.3,54.6
465,2015,52.6,37.3,75.7,52.3
465,2016,46.8,33.8,63.4,50.4
465,2017,55.6,45.5,67.6,59.2
465,2018,50.7,46.0,58.1,50.3
465,2019,54.2,49.3,58.8,57.7
465,2020,53.1,55.7,52.8,48.6
465,2021,60.0,69.3,51.8,53.3
465,2022,60.1,65.3,52.7,59.7
465,2023,57.1,54.7,56.6,61.9
465,2024,54.4,48.2,57.5,61.7
465,2025,55.0,42.5,68.4,61.6
466,2012,42.5,35.0,59.0,36.2
466,2013,37.3,33.7,46.7,32.5
466,2014,39.3,38.6,44.5,34.2
466,2015,39.9,35.9,51.4,33.4
466,2016,33.9,29.1,44.6,29.6
466,2017,41.6,46.2,45.7,28.2
466,2018,30.3,25.7,41.6,25.1
466,2019,37.1,34.5,40.7,37.6
466,2020,29.8,23.2,39.8,29.5
466,2021,30.6,24.4,39.8,30.7
466,2022,36.6,30.6,43.7,39.0
466,2023,38.7,28.3,55.6,37.1
466,2024,39.5,31.3,51.2,40.4
466,2025,34.9,25.5,48.1,36.1
467,2012,40.6,48.9,43.8,28.1
467,2013,44.0,59.1,38.7,35.9
467,2014,40.5,54.6,35.9,32.6
467,2015,34.7,45.9,34.7,23.6
467,2016,40.0,48.3,39.0,33.1
468,2012,60.4,63.2,67.0,47.6
468,2013,58.3,58.7,63.7,50.9
468,2014,55.8,49.0,73.2,47.2
468,2015,55.9,55.9,66.7,43.1
468,2016,60.0,57.5,77.7,43.3
469,2012,40.5,33.9,55.6,34.2
469,2013,43.3,35.0,68.6,27.7
469,2014,46.9,36.8,69.3,38.3
469,2015,44.0,39.3,57.7,36.0
469,2016,46.2,43.0,61.8,33.3
469,2017,51.0,48.2,72.3,30.4
469,2018,44.5,44.7,61.7,23.6
469,2019,46.7,44.3,68.2,25.2
469,2020,43.9,41.3,65.5,22.6
469,2021,45.8,46.9,69.8,15.2
469,2022,45.0,41.3,65.3,27.4
469,2023,47.1,43.3,73.9,21.8
469,2024,45.9,42.6,70.0,23.0
469,2025,44.2,37.1,65.9,30.9
470,2012,53.1,70.7,37.4,53.6
470,2013,61.7,78.2,44.9,65.3
470,2014,56.4,67.2,41.3,65.4
470,2015,53.0,65.5,43.3,51.1
470,2016,62.5,69.2,58.3,60.0
470,2017,60.6,68.3,50.1,66.6
471,2012,41.8,49.9,39.2,37.3
471,2013,43.6,60.4,42.8,27.8
471,2014,40.8,50.7,42.5,28.5
471,2015,34.7,56.7,33.6,14.0
471,2016,33.6,52.2,31.0,18.6
471,2017,34.4,46.0,36.7,19.6
471,2018,30.9,39.2,31.1,22.2
471,2019,32.5,42.1,28.6,28.1
471,2020,34.5,49.2,29.9,25.9
471,2021,33.6,50.2,27.0,25.9
471,2022,34.4,51.3,27.4,26.9
471,2023,40.4,41.2,44.7,34.0
471,2024,36.8,42.6,36.3,31.8
471,2025,42.2,46.8,44.1,35.1
472,2012,58.8,34.2,49.1,74.5
472,2013,60.8,26.2,44.8,84.2
472,2014,65.8,41.1,50.0,85.2
472,2015,75.3,40.6,57.4,100.0
473,2012,66.4,71.8,81.9,38.6
473,2013,67.0,69.0,82.8,41.6
473,2014,65.4,60.0,83.8,42.4
473,2015,67.6,65.1,80.8,50.0
473,2016,62.9,75.8,70.9,40.3
473,2017,72.2,86.6,80.7,47.6
473,2018,68.6,74.8,75.2,53.7
473,2019,66.6,75.8,68.1,56.7
473,2020,76.8,73.6,89.0,61.2
473,2021,62.5,49.2,70.3,61.9
473,2022,68.4,56.9,81.9,57.6
473,2023,72.8,63.2,91.9,52.2
473,2024,61.6,54.0,76.2,46.1
473,2025,65.5,60.7,76.0,53.7
474,2012,66.2,86.3,55.4,60.6
474,2013,68.9,82.5,62.0,64.5
474,2014,69.6,83.2,68.3,57.8
474,2015,68.8,82.7,58.5,68.7
474,2016,70.5,76.2,66.5,70.2
474,2017,69.8,80.8,69.9,58.7
474,2018,61.3,80.3,54.2,51.9
474,2019,64.8,86.5,62.8,45.8
474,2020,65.4,85.7,64.0,47.1
474,2021,70.0,94.1,62.2,56.3
474,2022,66.9,92.9,62.8,46.2
474,2023,69.7,87.1,66.6,56.3
474,2024,69.5,87.2,62.7,60.8
474,2025,59.8,80.1,45.6,58.5
475,2012,52.8,71.5,31.5,69.3
475,2013,57.5,71.0,41.1,71.0
475,2014,51.0,66.9,32.4,65.5
475,2015,55.2,65.7,39.6,70.0
475,2016,54.1,69.5,31.7,75.0
475,2017,53.3,72.2,30.8,71.2
475,2018,55.2,71.0,38.8,66.7
475,2019,62.6,67.8,55.8,68.5
475,2020,59.0,72.2,47.6,65.2
475,2021,52.1,68.7,36.7,61.3
475,2022,55.0,74.4,47.2,50.4
475,2023,60.6,88.4,44.6,61.4
475,2024,63.5,87.5,42.0,75.9
475,2025,71.0,83.3,59.7,77.6
476,2012,50.2,52.0,29.7,67.2
476,2013,50.8,55.1,33.7,59.3
476,2014,49.7,52.9,34.7,58.2
476,2015,49.6,55.4,28.9,58.6
476,2016,52.4,60.2,25.2,63.8
476,2017,51.2,56.5,31.9,60.0
476,2018,49.4,61.2,15.8,59.2
476,2019,54.3,65.7,19.2,66.7
476,2020,54.4,67.8,17.4,64.6
476,2021,54.8,62.7,23.6,70.2
476,2022,55.6,67.7,25.8,61.3
476,2023,55.9,74.1,23.8,51.7
476,2024,54.6,74.7,22.5,46.6
476,2025,62.1,78.2,29.1,62.9
477,2012,54.6,64.4,46.1,58.0
477,2013,60.5,64.2,53.9,68.0
477,2014,60.7,60.2,57.0,68.0
477,2015,58.2,53.4,56.9,66.2
477,2016,59.6,50.4,63.5,63.7
477,2017,54.2,46.7,57.4,57.3
477,2018,57.1,58.5,56.7,56.3
477,2019,51.9,50.5,49.6,57.8
477,2020,58.2,61.5,55.0,60.2
477,2021,57.8,63.5,51.5,62.4
477,2022,47.6,42.7,53.0,43.6
477,2023,51.1,49.3,55.0,46.1
477,2024,45.5,43.3,46.3,46.6
477,2025,55.3,53.4,55.5,57.3
478,2012,52.0,69.7,48.1,39.4
478,2013,55.2,68.7,52.6,45.0
478,2014,55.3,64.8,53.9,47.6
478,2015,50.0,68.5,41.6,42.8
478,2016,47.1,67.3,41.3,34.8
478,2017,48.3,70.9,38.0,39.4
478,2018,47.3,68.6,37.8,38.8
479,2012,77.3,65.0,100.0,58.1
479,2013,80.5,71.3,100.0,62.3
479,2014,77.5,68.0,99.9,55.1
479,2015,81.8,81.8,100.0,52.6
479,2016,81.9,78.7,98.8,59.4
479,2017,81.3,78.3,96.5,61.3
479,2018,84.8,77.6,99.6,71.1
479,2019,86.7,87.0,95.8,71.8
479,2020,84.2,80.4,94.6,73.0
479,2021,74.4,72.5,79.5,68.8
479,2022,76.5,68.9,88.6,67.8
479,2023,79.9,76.4,92.0,65.3
479,2024,70.3,67.9,84.2,51.6
479,2025,71.7,67.4,86.8,53.5
480,2012,39.2,40.5,44.5,31.2
480,2013,47.1,56.3,42.6,33.2
480,2014,46.8,60.6,37.7,28.2
480,2015,46.4,47.8,55.5,34.6
480,2016,41.4,44.5,55.5,20.9
480,2017,49.7,54.3,57.6,32.6
480,2018,48.7,52.8,60.6,28.6
480,2019,50.9,61.0,48.3,33.2
480,2020,47.7,58.2,37.8,36.7
480,2021,37.6,49.0,21.9,30.6
480,2022,36.2,49.7,21.1,24.1
480,2023,47.4,59.6,45.2,25.4
480,2024,53.3,67.6,40.6,37.5
480,2025,60.6,77.2,50.9,37.3
481,2012,48.8,34.4,55.4,54.0
481,2013,47.4,31.9,54.3,53.7
481,2014,50.7,32.5,54.8,65.3
481,2015,52.8,40.5,55.5,62.5
481,2016,50.7,49.7,51.3,50.8
481,2017,53.6,45.9,63.7,44.7
481,2018,57.1,45.4,67.4,52.6
481,2019,60.4,46.2,75.0,51.2
481,2020,56.3,42.8,70.4,47.3
481,2021,57.8,44.5,73.4,45.6
481,2022,56.8,49.1,68.3,45.3
481,2023,53.6,54.0,59.2,43.0
481,2024,53.2,54.8,55.4,47.4
481,2025,55.9,62.8,51.4,55.6
482,2012,49.2,52.0,48.0,44.9
482,2013,51.7,58.6,46.0,43.6
482,2014,49.1,57.3,39.5,42.2
482,2015,58.3,64.0,53.9,51.2
482,2016,58.4,70.3,43.2,49.6
482,2017,61.6,63.9,58.3,60.3
482,2018,59.4,59.2,57.4,61.7
482,2019,60.4,57.7,60.4,65.8
482,2020,58.8,53.4,52.5,75.8
482,2021,59.6,62.1,46.7,67.6
482,2022,58.6,64.3,47.7,58.1
482,2023,54.8,61.5,38.7,57.4
482,2024,43.7,48.5,32.3,45.3
482,2025,56.0,67.2,44.4,45.0
483,2012,45.9,51.0,25.7,63.6
483,2013,47.7,51.3,34.3,58.8
483,2014,44.9,52.0,27.0,53.9
483,2015,45.2,46.5,37.9,52.9
483,2016,50.7,55.3,36.9,59.9
483,2017,49.9,52.7,41.6,55.5
483,2018,49.8,46.2,50.1,58.2
483,2019,43.3,38.1,44.1,55.1
483,2020,51.6,58.8,26.2,71.8
483,2021,47.8,52.5,24.7,70.8
483,2022,55.5,59.5,33.5,78.5
483,2023,50.4,57.1,17.7,82.7
483,2024,42.6,50.4,7.6,75.8
483,2025,45.4,45.3,23.0,79.3
484,2012,55.1,86.4,41.8,41.5
484,2013,47.7,74.9,37.8,33.6
484,2014,44.3,64.2,33.7,38.4
485,2012,42.5,34.9,52.8,47.5
485,2013,41.5,32.9,58.9,41.4
485,2014,44.0,41.4,47.8,45.6
485,2015,39.2,36.1,42.8,41.7
485,2016,43.3,32.0,60.5,48.8
485,2017,43.6,39.8,53.8,41.0
485,2018,39.4,33.0,52.7,39.0
485,2019,32.5,21.7,53.9,32.8
485,2020,41.9,33.8,55.6,44.3
485,2021,35.8,26.4,53.5,37.1
485,2022,42.0,33.2,52.8,48.9
485,2023,35.6,24.1,52.9,41.1
485,2024,31.8,20.4,53.1,33.3
485,2025,38.4,33.1,55.6,31.7
486,2012,49.7,43.6,37.7,77.3
486,2013,46.1,45.4,25.6,79.9
486,2014,45.6,44.4,26.7,77.5
486,2015,38.9,37.1,19.8,72.0
486,2016,46.7,42.6,33.5,73.5
486,2017,47.6,43.7,33.1,76.1
486,2018,48.2,44.1,32.3,79.5
486,2019,48.1,47.1,32.7,74.3
486,2020,51.5,50.7,29.6,87.8
486,2021,54.8,49.2,36.8,91.3
486,2022,53.0,58.2,26.7,88.0
486,2023,51.7,51.5,29.6,87.5
486,2024,55.9,58.5,35.4,85.0
486,2025,61.6,65.1,39.7,91.9
487,2012,56.9,78.0,43.2,49.4
487,2013,53.6,76.5,39.2,44.7
487,2014,53.1,72.0,40.4,46.9
487,2015,55.6,78.0,37.7,52.7
487,2016,51.4,70.7,36.5,48.4
487,2017,51.5,62.0,40.5,54.4
487,2018,51.4,67.2,35.5,54.6
487,2019,55.4,66.2,43.5,59.4
487,2020,57.2,66.7,40.7,70.5
487,2021,63.5,75.9,51.8,65.0
487,2022,64.5,81.3,52.0,60.9
487,2023,66.7,85.0,52.0,64.6
487,2024,68.2,76.1,71.0,52.5
487,2025,63.5,74.9,61.2,51.4
488,2012,45.1,48.0,48.3,36.2
488,2013,41.2,39.6,55.3,30.3
488,2014,42.8,41.1,63.6,25.4
488,2015,49.2,49.6,65.0,32.6
488,2016,47.0,45.4,56.1,41.3
488,2017,48.2,48.9,56.0,39.1
488,2018,47.6,45.6,57.4,41.9
488,2019,46.8,42.2,65.4,37.3
488,2020,49.3,49.3,59.7,39.0
488,2021,53.8,54.6,54.2,52.0
488,2022,54.9,57.5,55.5,49.0
488,2023,54.0,66.8,42.9,39.6
488,2024,48.0,58.7,41.0,33.4
488,2025,50.9,53.0,45.0,52.5
489,2012,33.7,41.4,28.3,33.9
489,2013,36.2,45.7,25.8,38.6
489,2014,41.6,49.7,37.4,40.9
489,2015,41.0,38.4,23.7,52.4
489,2016,36.6,42.2,16.5,46.4
489,2017,33.6,35.9,18.5,41.8
489,2018,34.4,44.1,34.0,30.7
489,2019,28.7,43.5,21.8,26.9
489,2020,36.7,45.6,35.8,33.7
489,2021,35.0,55.8,34.3,27.1
489,2022,41.8,59.6,28.1,42.9
489,2023,44.0,62.7,33.9,42.6
489,2024,40.4,57.0,20.5,45.8
489,2025,37.5,46.9,22.9,42.5
490,2012,34.7,57.0,20.9,34.0
490,2013,23.4,41.7,16.6,20.2
490,2014,35.9,56.7,35.6,27.7
490,2015,44.7,55.9,44.7,40.3
490,2016,33.6,43.4,29.0,32.4
490,2017,43.2,55.6,44.5,37.4
490,2018,43.9,64.2,44.6,35.4
490,2019,41.4,60.4,35.2,37.6
490,2020,47.7,71.4,44.2,40.3
490,2021,54.3,74.7,46.9,50.6
490,2022,43.7,66.1,35.8,39.4
490,2023,41.0,69.4,26.6,38.2
490,2024,38.4,66.5,34.8,29.3
490,2025,37.4,57.6,30.0,33.7
491,2012,45.4,55.4,35.4,51.3
491,2013,45.9,60.6,35.9,46.1
491,2014,39.5,53.9,30.1,39.3
491,2015,38.4,53.9,21.9,49.6
491,2016,40.7,50.1,32.2,44.9
491,2017,40.3,53.1,29.3,44.9
491,2018,41.8,49.8,33.7,46.9
491,2019,46.7,65.7,34.6,45.5
491,2020,52.3,74.4,37.9,51.6
491,2021,49.5,71.4,36.7,46.3
491,2022,49.4,68.7,36.3,49.7
491,2023,49.0,72.0,39.0,39.3
491,2024,58.4,79.6,46.9,53.6
491,2025,57.5,75.6,51.1,47.4
492,2012,59.1,59.2,45.1,75.6
492,2013,66.7,69.5,50.3,81.3
492,2014,69.7,71.6,45.6,95.2
492,2015,64.3,64.5,46.3,85.4
492,2016,62.6,60.1,44.5,88.7
492,2017,68.0,69.6,50.8,85.8
492,2018,71.3,68.7,65.6,82.7
492,2019,71.9,68.0,60.4,92.6
492,2020,65.0,64.3,48.7,86.0
492,2021,70.4,74.9,52.8,83.4
492,2022,70.1,68.3,53.4,93.3
493,2012,23.3,35.1,29.6,4.1
493,2013,25.6,20.4,37.1,12.7
493,2014,28.7,25.8,35.3,21.1
493,2015,24.5,21.9,31.9,15.7
493,2016,26.8,20.6,37.7,15.6
493,2017,28.4,15.0,43.4,17.0
494,2012,52.2,51.2,48.0,60.2
494,2013,48.6,49.4,45.0,53.2
494,2014,49.6,56.0,40.2,55.7
494,2015,58.1,68.8,50.8,54.9
494,2016,61.3,67.7,57.8,57.8
494,2017,63.6,72.9,59.2,57.6
494,2018,67.1,79.3,61.5,59.1
494,2019,62.6,77.6,53.0,56.9
495,2012,69.2,72.0,68.5,64.4
495,2013,68.4,68.2,66.0,71.0
495,2014,63.0,58.8,62.1,72.1
495,2015,64.9,66.3,56.2,70.8
495,2016,59.1,57.1,54.6,67.6
495,2017,59.6,52.9,61.8,70.8
495,2018,53.7,40.1,61.2,73.3
495,2019,58.2,44.9,59.9,83.1
495,2020,71.5,71.7,60.3,82.3
495,2021,66.1,61.7,60.3,80.8
495,2022,65.8,63.2,63.7,72.9
495,2023,66.9,67.1,61.7,71.7
495,2024,69.8,68.5,71.3,71.1
495,2025,66.3,63.7,65.3,72.5
496,2012,48.8,81.2,45.2,27.1
496,2013,51.3,78.9,49.8,30.4
496,2014,45.4,83.0,39.2,23.4
496,2015,48.6,88.3,42.5,24.6
496,2016,55.1,92.9,48.2,34.1
496,2017,50.0,86.6,42.7,30.6
496,2018,51.9,85.2,49.6,27.6
496,2019,54.2,82.5,52.7,32.8
496,2020,51.9,83.9,49.1,29.3
496,2021,52.0,90.5,51.5,20.8
497,2012,47.7,56.9,36.5,53.3
497,2013,49.2,64.3,36.8,50.8
497,2014,49.8,69.4,34.8,50.2
497,2015,43.2,63.2,26.1,45.9
498,2012,54.8,58.0,44.8,67.1
498,2013,65.2,62.5,55.2,82.4
498,2014,60.3,63.0,46.7,78.6
498,2015,58.8,63.2,47.8,71.5
498,2016,53.0,63.9,42.0,60.5
498,2017,50.1,55.3,39.6,61.4
498,2018,46.1,50.2,40.3,51.5
498,2019,50.2,50.0,41.7,63.1
498,2020,54.0,46.5,50.7,65.3
498,2021,55.6,49.0,50.5,68.9
498,2022,55.2,52.5,45.8,71.6
498,2023,58.6,60.9,45.9,75.9
498,2024,52.9,53.6,46.3,62.2
498,2025,56.2,56.0,47.2,69.9
499,2012,55.0,64.6,33.5,63.4
499,2013,55.5,61.0,39.0,66.6
499,2014,59.3,69.6,41.8,60.0
499,2015,57.9,63.7,45.3,62.1
499,2016,49.4,53.2,35.5,60.6
499,2017,59.8,71.8,44.6,52.4
499,2018,55.1,64.3,37.7,58.2
499,2019,54.4,67.1,31.1,57.8
499,2020,56.4,68.8,36.0,55.8
499,2021,68.6,83.2,41.6,72.4
499,2022,70.1,85.9,45.8,67.1
499,2023,69.2,78.8,43.1,84.6
499,2024,62.2,70.1,34.1,84.5
499,2025,55.0,63.4,25.8,77.6
500,2012,44.6,55.0,33.3,39.6
500,2013,53.4,68.4,44.1,37.5
500,2014,58.6,76.3,46.1,41.7
500,2015,59.8,81.0,51.6,31.3
500,2016,58.9,76.2,50.0,38.6
500,2017,64.3,84.8,48.0,47.0
500,2018,56.5,80.1,37.4,37.1
500,2019,54.6,75.6,38.2,36.6
500,2020,55.4,73.3,40.9,40.7
500,2021,58.7,83.6,39.1,37.5
500,2022,54.7,76.7,36.4,37.1
500,2023,49.0,65.0,27.1,46.5
500,2024,51.0,75.1,20.9,43.8
500,2025,55.4,80.7,23.3,48.5
501,2012,48.8,40.6,60.1,53.8
501,2013,54.6,48.7,60.5,60.4
501,2014,52.7,40.3,62.5,67.6
501,2015,56.1,45.3,62.6,71.1
501,2016,59.4,57.1,53.6,69.8
501,2017,54.4,44.9,57.7,70.0
501,2018,52.6,40.7,62.6,66.2
501,2019,52.4,47.9,54.1,59.9
501,2020,54.1,47.1,62.0,60.2
501,2021,60.9,60.0,65.0,58.7
501,2022,62.5,67.4,54.1,61.0
501,2023,68.4,77.0,68.8,50.9
501,2024,65.8,69.8,71.5,52.1
501,2025,68.3,76.8,70.3,49.2
502,2012,47.0,55.4,43.5,33.5
502,2013,44.3,54.6,36.2,31.8
502,2014,55.1,63.4,45.9,47.7
502,2015,48.2,61.4,31.8,38.0
502,2016,49.6,67.9,33.0,29.7
502,2017,48.2,65.4,36.7,25.5
502,2018,43.3,55.4,33.5,29.0
502,2019,48.9,64.8,38.0,27.9
502,2020,49.1,60.4,40.0,35.4
502,2021,47.9,57.7,39.7,36.6
502,2022,46.9,56.6,29.8,44.7
502,2023,47.0,54.5,34.7,44.3
503,2012,42.2,53.5,14.0,47.6
503,2013,43.8,60.4,3.3,51.2
503,2014,46.6,62.4,11.0,50.5
503,2015,45.3,55.5,17.1,53.2
503,2016,48.4,60.4,12.5,60.1
503,2017,49.3,64.7,5.9,61.8
503,2018,52.8,74.7,8.2,53.8
503,2019,49.6,67.4,13.5,50.1
503,2020,47.8,62.6,15.1,50.7
503,2021,43.2,49.4,25.7,48.4
503,2022,48.1,60.6,22.7,48.5
503,2023,52.4,67.0,21.6,54.1
503,2024,47.2,57.7,10.2,63.0
503,2025,44.5,55.6,6.6,60.2
504,2012,55.8,56.0,46.5,64.5
504,2013,57.4,60.6,51.4,56.9
504,2014,57.7,55.3,59.9,60.4
504,2015,57.9,56.0,55.3,64.2
504,2016,61.8,60.3,65.9,60.6
504,2017,65.6,66.2,60.5,69.6
504,2018,65.0,69.4,58.1,63.0
504,2019,67.0,73.6,52.0,68.7
504,2020,70.3,79.8,56.4,65.2
504,2021,64.0,69.8,52.5,63.7
504,2022,63.5,67.8,54.6,63.9
504,2023,65.5,71.1,56.2,63.5
504,2024,63.4,66.0,63.6,58.1
504,2025,62.5,60.0,68.0,61.9
505,2012,62.6,35.4,77.4,63.0
505,2013,67.5,51.9,78.8,63.6
505,2014,68.5,45.2,86.2,61.3
505,2015,69.6,50.3,89.8,55.4
505,2016,71.1,57.8,88.6,55.8
505,2017,68.4,47.8,88.1,55.9
505,2018,68.0,52.8,79.1,64.0
505,2019,67.0,54.6,78.6,59.9
505,2020,64.6,51.6,76.7,57.2
505,2021,67.6,48.1,79.1,66.6
505,2022,59.8,47.3,68.1,57.6
505,2023,65.0,50.4,72.8,65.3
505,2024,60.2,46.7,62.8,67.7
505,2025,65.9,49.5,79.1,59.7
506,2012,55.6,60.7,49.0,52.0
506,2013,56.0,65.5,44.9,48.2
506,2014,53.4,66.9,34.2,45.5
506,2015,54.6,64.8,36.9,51.7
506,2016,53.7,61.7,36.8,54.5
506,2017,53.1,64.9,39.9,42.7
506,2018,54.8,65.8,45.1,42.3
506,2019,62.0,72.1,52.2,51.6
506,2020,57.2,67.1,38.5,56.3
506,2021,61.7,68.4,50.3,59.6
506,2022,62.8,75.8,48.0,51.5
506,2023,58.7,66.8,44.6,56.7
506,2024,59.7,74.0,49.3,41.5
506,2025,55.9,69.1,49.4,36.0
507,2012,51.7,53.3,55.1,45.1
507,2013,55.4,55.5,59.2,51.2
507,2014,58.8,58.0,61.8,57.4
507,2015,55.3,55.9,54.9,54.6
507,2016,51.4,43.5,62.1,56.7
507,2017,51.9,48.6,59.1,51.3
507,2018,51.9,37.1,71.4,61.8
507,2019,54.9,48.6,67.9,54.3
507,2020,59.2,56.6,73.5,49.9
507,2021,52.2,46.9,68.5,46.6
507,2022,50.2,55.4,52.7,37.4
507,2023,50.5,53.0,54.7,41.3
507,2024,39.9,42.7,46.6,27.7
507,2025,50.9,54.5,48.5,46.2
508,2012,62.9,43.0,67.4,72.7
508,2013,64.7,38.9,78.8,65.0
508,2014,61.9,46.9,68.8,63.9
508,2015,63.5,51.2,72.9,59.7
508,2016,68.1,63.9,76.7,58.8
508,2017,58.1,48.9,63.8,57.3
508,2018,59.9,40.1,68.0,64.1
508,2019,63.6,39.3,70.3,73.7
508,2020,63.6,50.4,64.7,73.0
508,2021,60.7,58.4,56.2,69.5
508,2022,70.5,65.8,70.8,74.1
508,2023,69.9,44.2,75.8,82.6
508,2024,68.3,45.5,74.8,77.5
508,2025,72.4,60.1,65.5,93.1
509,2012,51.9,57.2,40.6,55.9
509,2013,56.6,66.5,34.9,64.8
509,2014,57.6,67.8,43.2,56.7
510,2012,37.3,27.1,48.2,46.7
510,2013,35.8,30.2,44.9,37.9
510,2014,36.7,37.5,34.3,37.5
510,2015,39.6,45.1,31.9,36.3
510,2016,40.2,40.7,38.5,41.0
510,2017,38.2,37.0,36.8,41.8
510,2018,42.0,41.6,39.2,45.5
511,2012,46.1,40.1,58.3,32.7
511,2013,47.6,37.7,65.0,29.7
511,2014,47.0,35.9,66.2,27.3
511,2015,51.6,39.1,69.8,34.7
511,2016,56.2,46.8,71.1,41.6
511,2017,52.9,46.5,67.7,36.1
511,2018,52.8,50.1,73.2,24.4
511,2019,58.2,52.2,80.8,29.4
511,2020,61.3,57.7,81.7,33.7
511,2021,60.3,53.0,79.9,37.1
511,2022,54.1,62.1,65.9,29.7
511,2023,52.8,61.9,65.5,26.1
511,2024,53.5,59.4,60.8,37.7
511,2025,53.2,58.8,62.8,34.0
512,2012,73.4,73.0,89.4,55.0
512,2013,73.5,70.5,91.4,57.3
512,2014,79.3,76.6,93.0,67.6
512,2015,77.5,81.4,83.5,63.1
513,2012,58.2,37.0,72.2,60.6
513,2013,60.6,36.4,82.7,55.4
513,2014,51.7,29.3,74.3,44.1
514,2012,47.2,57.9,51.2,40.6
514,2013,41.0,45.8,38.8,40.4
514,2014,42.5,39.0,43.8,43.2
514,2015,44.7,41.0,48.2,44.1
514,2016,44.4,47.5,48.3,40.8
514,2017,48.0,48.2,53.0,45.0
514,2018,47.3,50.6,47.9,45.7
514,2019,47.0,47.2,50.5,44.8
514,2020,47.1,41.9,52.2,46.1
514,2021,44.7,47.1,48.2,41.7
514,2022,55.3,60.6,56.7,52.3
514,2023,59.9,71.0,51.3,60.7
514,2024,58.8,67.7,53.7,58.4
514,2025,52.3,53.5,52.0,52.0
515,2012,38.1,38.5,32.7,45.9
515,2013,39.3,43.5,36.4,40.2
515,2014,40.9,39.2,42.8,39.4
515,2015,40.1,39.8,39.3,41.4
515,2016,43.8,39.0,45.8,44.8
515,2017,46.9,43.5,47.5,48.9
516,2012,60.5,43.6,76.8,71.3
516,2013,66.2,46.6,90.3,72.7
516,2014,66.1,47.1,76.8,87.6
516,2015,61.2,48.3,68.6,75.5
516,2016,65.0,49.5,73.5,82.5
516,2017,69.2,60.1,80.6,71.8
516,2018,66.7,49.3,81.1,80.6
516,2019,64.2,51.0,83.3,64.9
516,2020,69.5,58.4,86.0,69.6
516,2021,72.1,58.9,95.3,68.0
516,2022,71.4,58.2,91.0,71.5
516,2023,70.2,58.8,87.7,69.8
516,2024,70.3,58.1,87.5,71.5
516,2025,70.1,51.5,100.0,67.6
517,2012,50.2,38.6,57.7,50.3
517,2013,50.1,39.6,60.4,48.1
518,2012,54.4,53.0,44.6,60.8
518,2013,50.5,52.8,42.6,54.4
518,2014,42.6,51.8,37.8,41.9
518,2015,46.1,57.6,48.5,40.1
518,2016,47.4,50.3,50.1,44.7
518,2017,54.3,56.7,51.0,55.3
518,2018,51.7,48.3,55.7,50.7
518,2019,56.2,51.8,55.2,58.5
518,2020,53.0,51.8,49.3,55.7
518,2021,50.0,57.8,49.8,47.1
518,2022,53.6,56.5,58.1,49.8
518,2023,51.3,59.7,54.0,46.4
518,2024,54.7,69.7,59.5,45.9
518,2025,60.5,68.7,59.4,57.9
519,2012,54.5,53.8,40.4,63.2
519,2013,54.4,47.7,39.7,66.0
519,2014,51.6,65.9,33.9,56.4
519,2015,50.0,57.5,42.5,51.5
519,2016,51.5,42.9,51.6,54.9
519,2017,57.0,56.4,49.8,61.6
519,2018,57.7,63.1,53.2,58.3
519,2019,60.4,49.1,55.1,68.0
519,2020,60.4,51.0,54.0,68.0
519,2021,55.4,34.8,50.3,66.8
519,2022,59.5,38.0,63.1,65.9
519,2023,73.1,52.1,79.6,77.6
520,2012,40.8,62.3,19.3,19.4
520,2013,44.5,65.7,25.3,21.3
520,2014,43.7,63.5,27.6,20.3
520,2015,40.0,64.6,17.2,13.6
520,2016,46.8,76.7,13.4,20.2
520,2017,46.6,78.7,7.4,21.4
520,2018,52.7,84.1,10.5,32.2
520,2019,50.6,82.4,12.3,25.3
520,2020,45.1,75.4,4.7,24.9
520,2021,44.0,73.1,10.3,19.4
520,2022,40.2,60.1,12.9,27.7
520,2023,41.1,64.8,12.6,22.1
520,2024,44.4,70.5,12.5,24.1
520,2025,46.0,69.5,16.8,28.1
521,2012,46.2,36.9,49.5,51.1
521,2013,50.4,47.7,55.4,46.4
521,2014,56.5,50.3,64.9,51.6
521,2015,56.0,49.6,60.4,56.5
521,2016,59.1,57.6,58.5,61.4
521,2017,53.7,45.6,49.3,67.8
521,2018,52.4,39.1,52.9,65.1
521,2019,55.7,44.3,64.5,55.5
521,2020,50.7,45.5,62.2,40.5
521,2021,51.9,32.5,73.1,43.1
521,2022,52.4,38.6,68.0,45.3
521,2023,47.4,44.9,53.9,41.3
521,2024,42.3,33.0,50.0,41.4
521,2025,37.9,36.3,39.3,37.5
522,2012,43.6,43.9,50.9,31.5
522,2013,49.8,43.5,68.2,29.2
523,2012,45.5,41.4,43.2,52.5
523,2013,37.4,34.8,40.5,34.8
523,2014,37.7,43.5,36.4,34.7
523,2015,41.5,36.7,41.7,45.2
523,2016,42.9,42.8,38.9,49.0
523,2017,40.1,34.3,37.6,48.7
523,2018,50.0,40.4,49.4,58.8
523,2019,51.4,46.3,49.4,58.5
523,2020,50.5,36.1,48.3,65.8
524,2012,63.3,68.7,43.4,92.6
524,2013,67.9,74.2,46.4,98.9
524,2014,74.3,91.2,53.5,91.3
524,2015,77.4,93.8,59.4,90.3
524,2016,77.4,92.1,60.1,90.9
524,2017,70.4,90.8,49.2,84.2
524,2018,67.4,84.4,40.2,96.0
524,2019,73.3,85.1,50.5,100.0
524,2020,73.5,97.1,43.1,100.0
524,2021,73.2,96.1,43.0,100.0
524,2022,69.6,84.6,43.8,98.2
524,2023,70.6,78.5,49.0,100.0
524,2024,75.6,81.7,58.0,100.0
524,2025,78.3,85.9,61.2,100.0
525,2012,45.8,40.0,35.4,54.4
525,2013,48.2,48.3,26.2,61.3
525,2014,53.8,44.3,22.9,76.2
525,2015,49.4,51.5,27.0,62.1
525,2016,58.2,52.3,38.8,72.3
525,2017,58.1,46.4,45.6,70.2
525,2018,51.8,42.9,39.2,62.9
525,2019,54.5,44.9,34.9,70.1
525,2020,50.3,44.8,31.5,63.7
525,2021,55.9,51.8,37.9,68.3
525,2022,53.9,57.1,44.8,58.0
525,2023,53.5,58.3,48.2,54.7
526,2012,51.2,56.9,40.5,62.4
526,2013,46.1,56.6,34.3,55.2
526,2014,46.5,58.1,32.7,57.6
526,2015,50.5,60.7,45.5,49.5
526,2016,52.4,66.6,40.4,58.6
526,2017,56.4,66.4,43.5,67.4
526,2018,58.0,67.5,50.8,60.9
526,2019,64.2,79.2,49.5,73.9
526,2020,65.7,71.8,55.3,76.2
526,2021,59.1,68.5,50.8,63.6
526,2022,57.5,62.9,43.5,73.9
526,2023,58.0,70.3,39.0,76.2
526,2024,55.5,67.0,37.5,73.0
526,2025,56.8,64.0,37.6,79.6
527,2012,51.1,48.6,55.0,52.1
527,2013,48.4,45.3,55.8,47.3
527,2014,49.6,47.9,58.9,43.8
527,2015,51.2,43.2,65.0,53.4
527,2016,46.0,36.5,57.8,53.1
527,2017,45.0,28.7,60.9,61.9
527,2018,41.8,23.7,62.7,56.9
527,2019,45.0,27.2,79.1,46.6
527,2020,43.4,29.4,67.6,47.4
527,2021,52.6,41.5,69.8,57.8
527,2022,51.6,39.7,67.9,58.9
527,2023,51.5,41.9,62.0,60.2
527,2024,55.3,44.1,66.1,66.9
527,2025,47.5,40.2,56.9,52.8
528,2012,40.9,63.3,36.0,34.8
528,2013,39.0,60.6,30.5,35.5
528,2014,40.5,64.0,30.8,37.0
528,2015,46.1,57.2,38.8,46.1
529,2012,56.7,67.9,41.9,54.3
529,2013,62.0,78.5,50.5,45.9
529,2014,57.2,76.2,42.7,40.3
529,2015,55.0,76.1,40.2,34.8
529,2016,50.4,63.8,42.9,35.1
529,2017,53.2,67.6,41.7,41.1
529,2018,55.4,63.2,50.0,47.9
529,2019,54.5,61.5,42.5,56.4
529,2020,55.9,71.9,33.2,54.4
529,2021,56.4,71.7,34.4,55.2
529,2022,49.4,62.2,28.8,51.1
529,2023,50.1,58.6,32.8,55.4
529,2024,52.2,60.6,34.7,58.2
529,2025,54.8,63.1,41.3,56.2
530,2012,41.1,13.9,50.2,56.2
530,2013,41.6,1.8,59.0,58.2
530,2014,46.4,9.3,69.7,52.5
531,2012,48.3,32.9,61.5,46.6
531,2013,54.8,20.4,63.8,63.1
531,2014,57.0,32.8,63.5,62.8
531,2015,51.8,30.6,69.1,49.8
531,2016,48.9,38.6,68.3,41.3
531,2017,54.3,41.8,65.6,52.6
531,2018,58.7,49.5,58.6,62.4
531,2019,57.3,40.5,60.9,61.9
531,2020,57.3,37.9,63.7,61.3
531,2021,58.5,34.0,72.8,59.7
531,2022,58.0,39.8,66.1,60.5
532,2012,43.2,51.1,42.8,37.3
532,2013,46.5,46.7,47.8,44.3
532,2014,48.2,48.5,49.8,45.7
532,2015,42.9,45.0,52.3,26.9
532,2016,44.7,45.3,47.4,40.1
532,2017,46.6,41.7,58.4,32.9
532,2018,49.4,52.4,55.4,38.0
532,2019,52.7,63.6,51.2,45.9
532,2020,50.8,69.0,41.7,49.4
532,2021,46.1,59.6,38.4,46.3
532,2022,38.7,45.0,37.6,35.1
532,2023,36.1,45.1,33.2,33.0
532,2024,37.1,44.7,31.5,39.2
532,2025,36.4,50.5,28.9,36.0
533,2012,61.4,64.7,57.1,65.0
533,2013,66.2,64.9,62.4,72.9
533,2014,63.2,69.8,57.9,65.5
533,2015,60.1,61.4,53.5,69.0
533,2016,46.6,58.0,42.3,43.5
533,2017,55.4,61.2,53.5,53.4
533,2018,58.0,59.2,58.3,56.6
533,2019,63.0,60.0,64.0,64.1
533,2020,57.3,63.4,57.3,52.3
533,2021,56.4,58.2,62.8,45.3
533,2022,56.4,59.4,65.8,39.8
533,2023,61.3,65.7,67.1,49.0
533,2024,59.3,66.8,57.7,55.4
533,2025,62.3,69.9,60.9,58.2
534,2012,47.0,43.8,43.1,57.5
534,2013,55.6,67.0,36.7,51.7
534,2014,47.1,49.6,36.0,53.2
534,2015,47.3,46.4,43.4,53.2
534,2016,46.3,46.5,42.7,49.4
534,2017,40.5,32.8,35.0,61.3
534,2018,46.4,39.1,40.5,66.7
534,2019,54.5,54.6,47.7,61.2
534,2020,57.2,58.5,53.0,58.7
534,2021,56.3,62.1,41.8,59.2
534,2022,51.5,49.8,51.4,55.0
534,2023,57.1,56.7,53.4,61.7
534,2024,58.5,61.8,55.9,54.5
534,2025,59.0,61.6,64.3,48.5
535,2012,62.8,74.2,65.8,37.2
535,2013,61.0,70.5,65.4,37.4
535,2014,61.4,70.7,63.1,41.3
535,2015,67.4,80.8,71.2,37.0
535,2016,75.5,91.9,73.2,45.0
535,2017,68.4,73.7,76.2,50.0
536,2012,36.2,35.5,8.5,53.1
536,2013,42.8,33.6,16.6,62.3
536,2014,40.0,33.0,10.1,60.7
536,2015,43.0,32.3,8.0,68.3
536,2016,45.6,39.2,21.7,62.4
536,2017,48.4,40.0,29.2,63.3
536,2018,47.9,35.0,23.4,67.7
536,2019,44.1,34.2,23.0,60.8
536,2020,40.9,42.0,17.0,54.8
536,2021,40.2,39.5,12.7,56.9
536,2022,44.9,43.3,17.9,61.8
536,2023,42.8,42.5,16.8,58.5
536,2024,46.9,48.6,13.5,66.3
536,2025,45.2,51.3,17.3,59.6
537,2012,46.8,42.0,37.3,66.8
537,2013,52.6,45.4,49.6,69.1
537,2014,53.1,47.4,47.6,69.9
537,2015,55.5,49.8,55.0,66.3
537,2016,54.4,50.0,54.3,62.6
537,2017,52.8,53.1,44.7,62.1
537,2018,50.8,59.3,37.3,51.7
537,2019,51.7,53.0,45.6,56.7
537,2020,51.9,49.6,48.7,59.9
537,2021,48.8,54.2,41.7,47.6
537,2022,49.4,55.1,43.1,46.6
537,2023,51.9,53.5,51.1,49.8
537,2024,45.2,47.2,35.6,53.3
537,2025,53.0,56.8,46.9,53.6
538,2012,82.8,77.3,93.9,82.9
538,2013,80.2,71.2,100.0,78.5
538,2014,78.5,70.0,100.0,74.1
538,2015,80.2,74.0,100.0,72.9
538,2016,76.4,70.2,100.0,65.0
538,2017,77.6,76.8,93.6,63.3
538,2018,69.8,70.2,84.7,54.0
538,2019,62.6,58.0,86.5,47.8
538,2020,70.5,69.4,80.5,62.8
538,2021,62.4,54.3,85.8,55.4
538,2022,68.4,67.8,78.3,59.5
538,2023,66.5,60.6,81.8,62.9
538,2024,64.7,62.6,77.1,56.6
538,2025,73.9,73.5,92.2,56.3
539,2012,58.2,59.2,57.5,58.3
539,2013,57.3,60.2,54.2,59.4
539,2014,60.8,61.5,58.1,64.2
539,2015,63.6,62.2,66.6,60.3
539,2016,55.4,58.0,48.5,63.6
539,2017,58.8,64.3,48.2,70.1
539,2018,61.6,63.8,56.6,67.1
539,2019,63.3,68.3,56.3,69.5
539,2020,61.6,69.8,54.6,65.1
539,2021,61.5,69.6,55.4,64.0
539,2022,58.0,61.8,61.2,49.9
539,2023,63.9,69.1,63.6,60.0
539,2024,60.5,66.0,58.0,59.8
539,2025,65.0,63.3,64.1,67.6
540,2012,60.9,78.2,48.9,59.5
540,2013,65.0,78.3,56.9,62.4
540,2014,68.1,91.2,56.8,60.2
540,2015,70.2,97.3,59.3,57.6
540,2016,62.8,88.4,49.9,54.4
540,2017,78.5,100.0,68.3,70.7
540,2018,72.2,87.1,59.1,74.7
540,2019,65.2,73.2,56.3,69.2
540,2020,75.5,85.9,68.8,74.1
540,2021,75.5,80.0,65.6,84.2
540,2022,68.8,80.4,53.9,77.2
540,2023,68.0,82.5,58.2,66.7
540,2024,65.8,78.1,54.3,68.8
540,2025,68.1,75.8,61.2,69.7
541,2012,61.1,57.7,60.3,68.1
541,2013,59.4,56.3,54.3,70.9
541,2014,52.4,44.8,47.0,72.5
542,2012,53.8,50.9,61.7,51.9
542,2013,42.9,36.9,60.4,37.6
542,2014,41.3,40.4,62.8,21.7
542,2015,44.0,47.9,58.3,22.1
542,2016,44.5,45.7,64.0,22.6
542,2017,48.1,46.9,67.2,31.3
542,2018,51.6,52.1,60.2,41.9
542,2019,53.1,55.7,58.9,42.2
542,2020,56.2,56.3,68.1,44.0
542,2021,62.8,71.3,65.0,43.5
542,2022,50.0,56.6,53.0,34.0
542,2023,56.4,65.1,56.0,39.3
542,2024,46.3,49.6,52.2,33.7
542,2025,55.6,59.2,59.2,44.7
543,2012,49.5,47.7,73.7,28.9
543,2013,52.2,50.1,72.7,35.9
543,2014,51.2,48.6,76.8,30.9
543,2015,47.6,37.5,77.7,37.9
543,2016,53.3,53.1,72.2,34.9
544,2012,41.5,31.5,24.6,55.7
544,2013,43.1,33.1,25.9,57.5
544,2014,43.8,36.4,36.9,50.8
544,2015,42.4,6.5,41.6,57.3
544,2016,43.2,8.6,34.6,62.1
544,2017,48.5,18.7,37.7,66.9
544,2018,49.7,17.8,50.0,62.3
544,2019,47.2,21.7,36.8,63.7
544,2020,48.4,33.9,38.8,60.0
544,2021,52.9,45.8,39.8,63.6
544,2022,45.5,43.0,35.4,52.6
544,2023,43.0,45.2,24.5,53.3
544,2024,40.0,43.0,16.5,52.8
545,2012,57.4,52.8,59.2,64.6
545,2013,58.8,56.6,64.3,57.7
545,2014,62.4,60.4,65.4,63.2
545,2015,65.7,69.2,61.6,62.7
545,2016,66.2,74.6,56.0,59.6
545,2017,62.9,66.7,55.9,62.2
545,2018,58.8,55.9,57.8,65.5
545,2019,58.7,53.3,64.8,63.5
545,2020,60.2,56.3,66.2,62.2
545,2021,58.9,53.3,59.6,69.3
545,2022,63.0,59.4,58.5,74.6
545,2023,55.7,53.6,50.1,65.6
545,2024,53.4,47.4,49.9,68.8
545,2025,59.4,57.5,49.5,73.0
546,2012,52.1,80.5,47.3,43.7
546,2013,54.5,79.7,49.1,47.7
546,2014,55.4,80.5,52.9,46.9
546,2015,56.3,70.1,41.5,59.7
546,2016,65.6,87.4,54.4,63.5
546,2017,65.5,91.0,57.8,59.9
546,2018,58.4,81.7,49.2,54.5
546,2019,59.2,76.2,58.0,53.1
546,2020,55.8,79.1,49.3,50.4
546,2021,54.1,79.9,49.7,46.5
546,2022,51.8,78.7,42.0,46.9
546,2023,50.0,73.8,41.1,45.8
546,2024,53.7,77.9,49.7,46.5
546,2025,53.3,74.6,56.2,43.0
547,2012,68.3,69.5,70.1,63.7
547,2013,65.1,57.5,70.6,67.1
547,2014,71.7,68.0,81.6,61.0
547,2015,69.0,64.3,78.2,60.9
547,2016,71.0,62.7,79.2,69.4
547,2017,72.1,64.7,83.6,63.9
547,2018,69.1,60.8,80.6,62.2
547,2019,76.2,65.5,88.2,71.8
547,2020,83.9,76.2,95.0,76.9
548,2012,50.8,24.5,58.5,61.0
548,2013,49.0,22.7,55.7,60.7
548,2014,48.9,19.2,57.9,60.2
548,2015,50.7,31.7,50.5,66.8
549,2012,64.8,56.6,56.2,73.2
549,2013,60.0,59.5,49.5,66.4
549,2014,57.8,56.9,46.7,64.8
549,2015,59.5,61.3,46.6,66.6
549,2016,56.1,56.9,42.8,63.8
549,2017,54.3,62.9,34.7,62.7
549,2018,55.5,61.4,36.0,64.9
550,2012,43.2,42.6,40.3,47.5
550,2013,43.0,46.7,45.0,36.7
550,2014,45.7,45.3,53.2,36.0
550,2015,44.3,46.4,48.6,36.6
550,2016,48.2,56.1,51.2,36.3
550,2017,46.0,54.5,49.0,33.4
550,2018,42.8,55.6,37.4,37.2
550,2019,37.9,47.5,34.4,33.1
550,2020,43.0,51.7,32.2,48.8
550,2021,39.1,40.4,31.0,48.5
550,2022,43.4,45.9,45.6,37.8
550,2023,34.4,35.9,35.0,32.1
550,2024,36.4,43.6,34.2,32.0
550,2025,37.5,45.4,29.0,40.9
551,2012,56.2,51.5,51.6,70.2
551,2013,63.3,61.2,54.0,76.7
551,2014,65.8,64.8,56.6,77.2
551,2015,62.5,59.2,54.5,77.1
551,2016,60.0,64.6,42.9,67.7
551,2017,62.3,60.3,53.9,74.7
551,2018,62.6,59.4,56.6,75.1
551,2019,60.6,61.0,52.6,67.8
551,2020,60.3,62.7,52.5,63.2
551,2021,63.6,75.6,44.7,58.3
551,2022,61.9,70.9,46.1,59.6
551,2023,60.3,67.2,48.3,58.4
551,2024,63.0,73.2,49.7,56.1
551,2025,63.6,75.1,51.4,52.6
552,2012,42.2,34.2,61.3,38.9
552,2013,41.8,34.8,52.0,45.6
552,2014,35.9,23.5,52.5,44.2
552,2015,38.8,32.3,50.1,40.6
552,2016,40.2,29.8,50.5,50.8
552,2017,39.5,22.9,61.2,51.0
552,2018,43.1,32.8,54.3,52.5
552,2019,42.1,26.1,60.7,55.5
552,2020,42.6,26.5,62.7,54.8
552,2021,44.7,31.2,60.1,56.2
553,2012,61.8,60.2,72.9,54.0
553,2013,57.0,52.3,65.1,58.3
553,2014,50.9,49.5,55.9,48.7
553,2015,53.8,51.1,58.4,54.6
553,2016,59.6,63.8,52.0,58.8
553,2017,56.9,60.1,55.0,52.4
553,2018,58.6,62.4,55.6,54.2
553,2019,57.5,55.5,52.7,66.4
553,2020,56.6,54.0,59.9,58.4
553,2021,57.5,59.9,60.7,49.5
553,2022,61.0,67.1,67.6,42.2
553,2023,67.7,78.2,65.9,48.4
553,2024,63.0,68.5,70.1,44.9
553,2025,61.8,62.8,68.7,52.8
554,2012,45.1,44.1,61.3,23.3
554,2013,53.8,52.4,67.8,36.1
554,2014,47.0,42.4,69.6,24.4
554,2015,48.5,44.0,78.1,15.5
554,2016,44.8,42.2,72.5,9.5
554,2017,57.5,54.5,81.5,28.8
554,2018,60.6,52.8,79.9,51.0
554,2019,53.7,40.9,81.2,44.3
554,2020,51.4,43.4,70.5,42.9
554,2021,64.0,54.9,84.9,55.5
554,2022,63.8,52.0,91.4,51.8
554,2023,61.6,53.9,79.9,53.6
554,2024,57.3,51.2,78.5,40.8
554,2025,62.1,61.1,76.9,42.6
555,2012,66.2,71.7,54.0,67.4
555,2013,64.1,74.6,40.7,66.6
555,2014,61.0,69.3,44.7,60.6
555,2015,64.0,73.3,43.4,66.1
555,2016,54.9,55.1,50.1,59.4
556,2012,33.0,38.9,28.4,25.9
556,2013,24.4,27.4,25.7,17.2
556,2014,26.4,27.1,30.5,21.0
556,2015,25.0,23.7,27.0,25.8
556,2016,12.0,8.3,17.3,14.1
556,2017,19.8,12.5,23.2,31.2
556,2018,26.5,24.8,29.9,26.6
556,2019,35.8,36.6,28.0,42.1
556,2020,26.8,23.5,24.2,36.2
556,2021,25.3,22.7,24.5,31.4
556,2022,24.8,20.3,27.9,30.7
556,2023,32.4,34.6,36.6,23.7
556,2024,30.8,36.7,24.3,25.4
556,2025,36.8,40.9,32.4,32.9
557,2012,33.2,14.8,29.3,54.3
557,2013,21.3,16.6,8.6,44.2
557,2014,26.9,14.4,17.8,51.1
557,2015,30.8,27.9,22.2,46.2
557,2016,32.2,26.8,25.7,46.4
557,2017,22.3,18.7,18.6,31.0
557,2018,25.2,16.9,24.3,33.4
557,2019,18.1,13.3,14.1,28.0
557,2020,25.3,16.3,20.1,40.5
557,2021,25.7,19.3,28.1,27.4
557,2022,27.2,16.2,25.0,39.7
557,2023,21.4,18.4,16.6,31.0
557,2024,20.4,14.7,14.0,34.9
557,2025,34.6,24.5,30.1,49.9
558,2012,53.4,49.1,62.2,53.1
558,2013,54.5,53.9,63.2,47.0
558,2014,53.8,53.9,58.7,48.5
558,2015,60.5,62.2,67.9,49.7
558,2016,59.3,61.2,67.9,47.0
558,2017,62.5,64.2,71.3,50.2
558,2018,60.6,59.3,70.3,53.6
558,2019,57.2,53.4,72.1,49.9
558,2020,63.3,68.3,69.5,47.2
558,2021,63.8,68.8,64.4,53.2
558,2022,68.6,73.1,71.6,56.8
558,2023,66.0,68.1,69.3,58.3
558,2024,66.6,66.5,71.5,62.0
558,2025,58.4,57.0,62.0,57.7
559,2012,62.8,62.4,46.7,79.9
559,2013,66.0,65.6,52.7,80.2
559,2014,70.5,77.6,51.6,75.1
559,2015,61.6,60.6,44.6,80.8
559,2016,60.5,52.3,59.8,77.6
559,2017,57.0,51.4,42.1,83.1
559,2018,61.4,61.6,39.0,83.4
559,2019,62.8,58.4,48.2,86.1
560,2012,63.9,64.1,60.3,67.1
560,2013,64.9,63.5,60.2,72.6
560,2014,68.7,65.8,59.2,84.0
560,2015,66.9,63.8,64.6,75.4
560,2016,73.6,73.5,77.8,69.6
560,2017,75.1,84.1,71.5,60.7
560,2018,75.6,78.8,76.2,68.4
560,2019,74.2,72.9,81.3,69.7
560,2020,76.0,74.2,79.5,76.1
560,2021,72.3,62.7,84.6,79.1
560,2022,74.5,69.2,80.6,78.9
560,2023,74.0,63.9,78.9,89.4
560,2024,67.6,59.7,70.9,80.3
560,2025,73.4,72.9,72.6,75.4
561,2012,35.4,38.7,33.1,34.5
561,2013,33.5,42.5,34.4,19.6
561,2014,35.1,35.5,40.8,25.4
561,2015,34.8,50.7,21.8,33.4
561,2016,37.8,52.8,24.0,38.7
561,2017,31.2,49.6,13.6,33.5
561,2018,29.3,38.6,19.2,32.6
561,2019,34.9,44.6,26.9,34.3
561,2020,34.2,42.2,21.6,43.1
561,2021,40.6,49.6,26.8,49.9
561,2022,41.2,52.3,24.0,53.0
561,2023,37.2,44.5,24.0,48.3
561,2024,31.7,40.3,19.1,39.8
561,2025,30.2,32.4,19.4,44.5
562,2012,59.0,62.4,60.2,51.5
562,2013,55.6,64.9,53.2,41.8
562,2014,55.6,61.0,53.8,47.9
562,2015,67.0,75.7,64.7,53.9
562,2016,64.9,64.2,71.4,58.3
562,2017,63.2,60.7,69.1,60.6
562,2018,65.5,59.9,76.6,62.2
562,2019,61.2,60.5,63.5,59.5
562,2020,58.6,61.0,55.3,58.3
562,2021,60.2,55.4,56.9,72.8
562,2022,54.7,57.7,54.1,50.1
562,2023,51.1,54.2,51.7,44.7
562,2024,49.4,54.4,54.1,34.7
562,2025,45.0,44.8,45.6,44.8
563,2012,69.6,69.0,56.6,77.6
563,2013,73.3,62.8,59.2,86.0
563,2014,69.8,62.2,60.3,78.5
563,2015,72.1,63.2,64.3,80.3
563,2016,73.3,75.0,62.8,79.0
563,2017,65.0,75.5,56.2,66.0
564,2012,46.4,54.1,43.6,45.0
564,2013,47.7,57.0,45.4,45.3
564,2014,46.0,50.4,32.3,52.5
564,2015,42.5,53.9,24.6,48.7
564,2016,42.2,55.3,25.2,47.2
564,2017,38.8,46.3,26.9,42.9
564,2018,51.5,55.3,40.7,56.5
564,2019,57.9,52.7,42.0,69.6
564,2020,52.2,50.9,37.4,61.6
564,2021,56.1,56.6,36.5,67.6
564,2022,59.7,60.1,43.8,69.0
564,2023,61.6,66.4,51.5,65.7
564,2024,50.2,57.9,43.0,51.5
564,2025,52.5,61.8,29.1,62.8
565,2012,49.6,35.2,63.5,64.6
565,2013,52.4,39.8,62.7,67.2
565,2014,55.2,44.5,63.5,68.5
566,2012,30.1,25.7,31.7,38.9
566,2013,25.2,21.3,27.1,32.2
566,2014,27.9,19.1,36.3,37.2
566,2015,26.0,19.7,28.0,38.7
566,2016,25.2,21.6,26.8,31.6
567,2012,42.5,45.2,45.1,39.8
567,2013,42.3,45.0,43.2,40.6
567,2014,46.8,49.3,42.7,48.3
567,2015,48.6,46.6,48.9,49.2
567,2016,48.4,48.6,52.7,45.8
567,2017,47.1,32.7,49.3,51.5
568,2012,51.5,36.3,68.2,65.1
568,2013,47.6,26.3,70.4,67.6
568,2014,52.2,31.2,74.6,71.6
568,2015,55.8,36.4,76.3,74.1
568,2016,58.9,40.3,80.2,74.9
568,2017,54.0,35.5,66.5,78.5
568,2018,61.8,50.1,65.5,81.6
568,2019,61.4,43.7,70.6,87.6
568,2020,68.4,55.3,81.8,81.2
568,2021,66.5,55.2,75.6,80.1
568,2022,68.1,62.7,68.2,78.7
568,2023,70.4,68.2,65.5,79.9
568,2024,61.6,54.4,66.6,70.8
568,2025,63.5,61.6,58.6,72.2
569,2012,31.1,53.7,7.4,37.3
569,2013,31.7,47.0,14.1,38.4
569,2014,33.9,54.7,15.2,34.7
569,2015,29.4,48.5,8.3,36.3
569,2016,30.7,45.5,17.1,31.8
569,2017,25.5,46.0,3.9,31.2
569,2018,25.9,52.1,4.5,23.3
569,2019,33.4,51.4,15.5,36.9
569,2020,39.6,64.0,14.8,45.1
569,2021,44.6,70.1,22.4,44.4
569,2022,40.1,68.3,10.6,48.0
569,2023,36.1,53.3,14.7,46.3
569,2024,44.4,70.1,17.0,52.1
569,2025,50.3,77.9,26.2,50.2
570,2012,73.8,58.3,87.8,72.9
570,2013,73.2,56.6,84.5,78.4
570,2014,71.7,58.7,86.5,66.1
570,2015,61.9,50.5,77.0,53.8
570,2016,61.9,51.7,73.5,57.7
570,2017,65.2,51.8,81.7,57.4
570,2018,68.2,59.6,83.4,55.9
570,2019,62.1,58.2,72.6,50.8
570,2020,71.0,61.6,89.9,54.1
570,2021,74.1,68.4,88.4,59.2
570,2022,70.4,67.3,83.0,54.5
570,2023,63.7,54.0,79.4,52.0
570,2024,62.7,53.4,81.4,45.9
570,2025,70.7,62.9,81.1,65.0
571,2012,61.9,55.7,50.2,83.8
571,2013,69.6,61.6,61.0,89.2
571,2014,68.9,56.2,66.5,84.8
571,2015,62.6,52.9,62.6,72.2
571,2016,61.1,56.2,55.9,72.8
571,2017,68.9,61.8,66.3,79.5
571,2018,59.2,58.2,51.8,70.0
571,2019,64.5,53.9,57.3,84.7
571,2020,63.7,46.5,49.4,99.9
571,2021,66.3,53.0,54.7,95.0
571,2022,68.8,62.8,57.9,89.3
571,2023,67.1,69.1,50.3,87.6
571,2024,66.4,62.2,52.3,89.3
571,2025,63.7,60.3,49.4,86.3
572,2012,64.5,58.1,64.1,77.6
572,2013,65.5,65.0,61.5,70.5
572,2014,60.6,50.5,61.8,79.5
572,2015,62.7,50.8,59.9,89.4
572,2016,64.6,60.8,51.0,85.6
573,2012,52.6,51.1,53.9,52.1
573,2013,49.0,50.1,49.6,46.8
573,2014,52.0,53.3,51.8,50.7
573,2015,47.5,47.9,51.0,40.6
573,2016,43.1,38.3,44.7,46.1
573,2017,43.6,42.5,48.3,36.5
573,2018,49.2,56.3,51.8,36.1
573,2019,54.9,62.3,57.3,41.7
573,2020,52.1,54.0,62.0,31.9
573,2021,54.0,53.7,63.4,37.5
573,2022,50.6,64.2,54.0,28.2
573,2023,50.4,69.7,48.1,31.3
573,2024,53.2,67.4,52.4,37.7
573,2025,60.3,67.5,63.8,45.5
574,2012,35.9,23.0,31.9,74.3
574,2013,37.4,27.5,30.4,72.7
574,2014,40.5,32.4,31.9,73.8
574,2015,43.3,36.7,31.2,77.8
574,2016,47.1,45.8,36.6,66.0
574,2017,44.6,38.1,41.6,65.4
574,2018,48.5,45.6,40.1,68.3
574,2019,42.7,41.0,31.8,63.4
574,2020,50.2,41.2,49.0,74.4
574,2021,46.7,36.7,45.5,73.6
574,2022,33.3,19.3,36.6,63.4
574,2023,33.0,13.2,40.7,70.7
574,2024,38.3,24.6,34.5,78.4
574,2025,48.0,34.8,52.1,74.6
575,2012,52.3,38.0,52.1,69.8
575,2013,53.2,42.8,57.8,57.5
575,2014,56.7,41.0,65.1,60.6
575,2015,54.9,35.6,63.6,62.5
575,2016,55.3,37.6,65.4,58.3
575,2017,53.2,42.5,60.8,52.3
575,2018,53.1,46.3,59.2,50.3
575,2019,50.6,46.0,47.9,61.0
576,2012,37.2,63.3,20.2,2.2
576,2013,46.9,71.9,20.1,23.8
576,2014,35.7,58.2,17.5,8.8
576,2015,28.0,45.9,11.6,8.4
576,2016,37.6,55.8,22.9,15.8
576,2017,36.3,59.4,23.1,3.2
577,2012,35.3,38.2,37.8,27.2
577,2013,29.2,33.9,25.9,29.3
577,2014,36.1,36.3,32.7,42.0
577,2015,45.6,47.1,52.0,32.1
577,2016,37.5,35.8,45.2,25.5
577,2017,32.8,30.2,40.7,21.5
577,2018,24.7,34.3,14.5,31.4
577,2019,27.6,43.2,18.5,25.4
577,2020,39.7,53.4,34.3,33.0
578,2012,78.8,58.4,93.5,83.7
578,2013,79.9,57.0,93.4,90.5
578,2014,76.8,50.9,86.8,97.0
578,2015,77.4,45.9,92.2,98.0
578,2016,78.3,50.9,88.8,99.8
578,2017,75.6,55.5,84.8,89.1
578,2018,68.0,50.6,75.0,81.3
578,2019,71.2,48.9,80.7,87.2
578,2020,80.0,63.9,86.9,91.4
578,2021,62.6,47.0,68.9,74.4
578,2022,67.7,45.0,77.6,83.7
578,2023,82.1,54.2,99.4,93.5
578,2024,77.4,53.9,92.8,85.6
578,2025,68.6,47.7,88.0,66.7
579,2012,78.6,70.9,97.4,69.9
579,2013,69.1,52.8,100.0,61.3
579,2014,75.6,63.5,100.0,68.3
579,2015,76.8,63.8,100.0,72.5
579,2016,77.1,72.2,94.2,65.3
579,2017,78.7,73.6,100.0,62.2
579,2018,76.6,71.2,93.5,66.0
579,2019,71.8,63.1,96.6,57.5
580,2012,66.8,57.1,80.4,70.6
580,2013,63.9,50.0,77.0,78.8
580,2014,67.6,55.7,82.4,75.2
580,2015,68.0,55.1,79.3,83.1
580,2016,71.8,63.7,80.2,79.7
580,2017,65.2,61.5,66.9,72.1
580,2018,65.8,63.2,68.5,68.3
580,2019,62.4,50.1,73.4,76.8
580,2020,59.7,43.7,79.2,70.5
580,2021,64.1,55.9,82.7,56.5
580,2022,60.8,51.9,80.0,54.5
580,2023,66.4,54.8,89.7,60.5
580,2024,65.6,62.5,80.9,50.2
580,2025,61.1,60.2,75.3,41.9
581,2012,32.8,30.9,59.1,10.4
581,2013,32.4,40.3,38.1,11.0
581,2014,32.2,36.3,39.1,17.3
581,2015,31.6,38.0,38.3,11.9
581,2016,30.4,30.7,43.0,17.0
581,2017,27.0,28.7,38.2,12.4
581,2018,27.2,34.5,33.1,6.9
581,2019,32.5,36.5,47.0,10.1
581,2020,40.4,53.7,47.6,6.7
581,2021,38.8,52.3,45.3,5.3
581,2022,42.2,58.0,41.5,11.1
581,2023,43.6,56.0,46.6,15.8
581,2024,42.0,52.9,48.4,13.8
581,2025,44.0,55.6,48.0,16.7
582,2012,36.8,23.2,40.9,49.1
582,2013,36.5,32.8,37.5,40.2
582,2014,39.1,32.9,46.8,35.6
582,2015,37.1,25.4,48.1,36.0
582,2016,38.6,28.2,52.3,31.1
582,2017,38.9,20.1,56.4,37.1
582,2018,43.1,29.3,57.7,39.2
582,2019,39.0,24.7,44.4,50.4
582,2020,49.7,34.2,56.7,60.2
582,2021,47.9,32.9,56.0,56.0
582,2022,47.0,30.9,55.7,55.8
582,2023,45.8,37.1,47.5,55.3
582,2024,43.9,28.7,46.6,60.7
582,2025,42.8,27.1,59.1,38.9
583,2012,36.7,24.3,51.8,46.5
583,2013,38.6,26.0,54.1,48.2
583,2014,42.7,32.7,61.0,44.2
583,2015,40.8,34.4,50.6,44.0
583,2016,45.4,37.6,54.5,52.0
583,2017,43.5,38.5,56.3,40.6
583,2018,38.5,28.1,55.3,42.5
583,2019,38.9,28.4,52.7,46.1
583,2020,43.9,33.7,57.5,50.7
583,2021,49.6,44.9,59.8,48.6
583,2022,50.3,46.1,71.7,37.2
583,2023,42.9,35.6,65.4,35.1
583,2024,50.2,47.2,64.8,41.8
583,2025,47.8,44.3,62.5,39.9
584,2012,49.5,34.4,61.4,67.9
584,2013,48.1,35.8,53.5,67.3
584,2014,54.1,40.9,67.4,67.2
584,2015,56.0,47.8,69.7,58.9
584,2016,48.8,40.4,53.7,60.9
584,2017,51.5,42.9,56.4,63.8
584,2018,49.9,47.1,47.0,58.5
584,2019,59.0,61.3,50.3,63.3
584,2020,52.8,48.7,58.6,55.4
584,2021,53.3,51.3,56.7,54.0
584,2022,62.4,56.4,63.7,73.3
584,2023,62.0,56.2,64.1,71.7
584,2024,52.2,50.7,53.6,53.9
584,2025,59.5,56.8,55.5,68.8
585,2012,39.4,48.8,20.3,39.7
585,2013,43.6,54.9,25.0,39.7
585,2014,43.0,54.2,25.5,38.2
585,2015,43.8,57.3,23.9,36.6
585,2016,37.4,44.6,22.0,38.3
585,2017,37.8,44.8,19.3,42.3
585,2018,38.4,46.3,17.9,43.0
585,2019,41.3,41.1,31.5,51.5
585,2020,35.1,37.9,19.2,45.3
585,2021,34.4,35.7,26.0,40.1
585,2022,42.5,51.1,26.1,41.8
585,2023,50.9,61.5,26.8,53.8
586,2012,74.1,83.0,67.3,63.2
586,2013,68.4,81.8,62.4,47.7
586,2014,64.8,71.5,66.4,50.0
586,2015,61.3,68.2,61.0,47.7
586,2016,67.6,72.5,62.6,62.9
586,2017,70.6,76.3,68.1,61.7
587,2012,37.0,35.8,32.7,43.6
587,2013,32.4,31.3,26.3,40.8
588,2012,41.8,66.2,23.1,37.5
588,2013,47.7,70.0,31.8,42.1
588,2014,45.4,66.2,35.9,31.3
588,2015,42.2,67.0,23.5,37.6
588,2016,45.8,75.3,23.3,40.6
588,2017,46.8,80.7,21.2,40.2
588,2018,46.6,76.9,23.7,40.8
588,2019,54.2,95.6,18.7,52.9
588,2020,55.7,95.8,22.9,51.9
588,2021,53.5,83.4,32.7,45.1
588,2022,47.7,78.9,21.0,46.7
588,2023,48.8,77.0,28.4,42.0
588,2024,45.7,71.0,31.1,33.5
588,2025,44.2,71.9,22.5,40.2
589,2012,48.8,23.7,64.9,74.6
589,2013,50.4,27.8,72.1,64.9
589,2014,61.0,38.5,88.4,68.8
589,2015,52.3,25.4,78.0,69.8
589,2016,56.7,34.1,75.3,75.1
589,2017,50.7,29.0,68.1,69.0
589,2018,57.2,30.3,75.7,83.4
589,2019,55.7,27.9,73.9,83.9
589,2020,49.4,21.6,67.7,77.6
589,2021,59.2,33.5,77.5,83.7
589,2022,55.7,28.5,75.0,81.4
589,2023,55.3,26.4,79.5,78.4
589,2024,57.8,28.0,80.0,84.9
589,2025,60.9,38.2,77.3,82.2
590,2012,65.5,50.3,58.1,98.6
590,2013,64.6,48.2,56.9,100.0
590,2014,67.3,42.7,68.3,100.0
590,2015,73.5,57.8,70.7,100.0
590,2016,73.9,66.4,64.2,100.0
590,2017,72.2,64.1,62.0,100.0
590,2018,75.6,73.4,62.3,100.0
590,2019,79.4,73.6,71.7,100.0
590,2020,76.2,70.4,66.4,100.0
590,2021,76.9,66.0,72.9,98.7
590,2022,82.6,76.0,80.0,96.2
590,2023,80.6,74.2,84.1,84.1
590,2024,80.7,72.4,79.6,94.2
590,2025,83.5,79.4,79.9,94.9
591,2012,63.8,66.5,51.8,70.3
591,2013,55.9,55.4,44.3,68.6
591,2014,52.2,51.0,43.0,64.0
591,2015,53.5,54.4,38.9,66.2
591,2016,56.7,55.5,52.3,63.4
591,2017,57.0,54.9,56.4,62.0
591,2018,70.4,72.2,64.3,73.0
591,2019,68.8,69.6,69.5,66.6
591,2020,69.3,74.7,59.6,68.1
591,2021,63.5,71.1,51.7,60.0
591,2022,59.4,61.5,56.5,58.3
591,2023,57.3,56.3,55.7,60.9
591,2024,59.2,59.0,61.7,57.3
591,2025,68.8,71.6,75.2,56.9
592,2012,41.3,10.6,56.1,79.0
592,2013,43.2,14.6,58.1,76.9
592,2014,41.6,18.1,50.2,73.6
592,2015,44.2,24.3,52.4,70.1
592,2016,38.3,13.0,51.7,67.8
592,2017,34.1,2.4,60.4,59.8
592,2018,43.0,8.0,81.3,60.2
592,2019,45.2,14.0,77.5,62.6
592,2020,44.1,10.9,72.5,69.8
592,2021,43.1,14.3,66.5,66.8
592,2022,47.1,24.0,57.7,76.1
592,2023,46.0,24.8,55.2,73.3
592,2024,46.2,19.6,62.2,75.0
592,2025,44.7,22.7,52.5,75.0
593,2012,78.8,76.3,69.1,85.7
593,2013,74.7,74.3,59.5,83.9
593,2014,80.5,74.3,55.3,98.1
593,2015,76.4,74.4,56.8,88.9
593,2016,74.0,67.1,60.5,84.9
593,2017,70.9,54.3,58.5,85.0
593,2018,83.2,66.5,71.2,97.0
593,2019,82.4,65.6,71.0,96.0
593,2020,85.0,70.8,69.4,100.0
593,2021,86.2,72.1,72.6,100.0
593,2022,82.5,77.6,69.1,92.5
593,2023,77.8,66.1,68.5,88.1
593,2024,79.3,79.1,73.9,82.6
593,2025,71.5,78.3,70.0,69.7
594,2012,64.0,65.7,69.0,52.5
594,2013,64.3,63.0,67.7,62.3
594,2014,67.8,69.5,71.8,57.8
594,2015,68.2,68.0,76.7,56.0
594,2016,67.3,64.1,83.4,51.0
594,2017,66.1,68.4,75.3,46.3
594,2018,67.7,70.7,73.1,52.1
594,2019,62.0,56.6,78.5,50.9
594,2020,61.0,56.7,86.4,33.5
594,2021,62.1,62.4,77.0,38.9
594,2022,80.8,90.9,84.7,49.6
594,2023,70.3,77.9,83.8,31.0
594,2024,66.0,62.1,85.7,46.3
594,2025,73.7,74.6,85.8,53.5
595,2012,52.8,49.7,67.9,43.9
595,2013,58.4,61.3,63.4,47.8
595,2014,60.7,63.6,58.8,56.7
595,2015,52.0,54.7,55.3,43.5
595,2016,47.8,51.5,40.6,47.6
595,2017,52.1,55.6,47.9,49.2
595,2018,54.4,61.6,48.2,46.2
595,2019,49.2,52.4,48.1,43.9
595,2020,54.8,53.2,55.0,57.8
595,2021,48.2,51.0,45.9,45.1
595,2022,50.3,56.8,50.8,36.8
595,2023,59.1,64.6,64.4,42.7
595,2024,61.6,64.4,58.5,59.3
595,2025,66.8,73.4,66.7,53.6
596,2012,63.0,71.4,67.5,42.5
596,2013,58.0,66.8,56.2,44.3
596,2014,63.3,76.6,56.2,47.9
596,2015,59.2,65.6,60.6,46.2
596,2016,69.9,79.2,69.4,53.8
596,2017,73.2,85.7,64.8,60.6
596,2018,74.3,88.6,67.8,56.4
596,2019,73.2,90.4,67.7,48.8
596,2020,70.3,86.1,69.1,43.4
596,2021,72.0,91.5,66.6,43.3
596,2022,68.6,85.9,65.5,41.2
596,2023,71.6,80.9,77.2,48.0
596,2024,69.8,73.6,79.3,51.5
596,2025,74.3,79.5,85.0,52.0
597,2012,51.4,47.5,58.6,49.9
597,2013,49.3,46.4,58.1,44.1
597,2014,46.9,45.4,55.3,39.6
597,2015,47.2,53.8,50.0,31.8
597,2016,44.5,42.4,64.7,24.2
597,2017,45.1,38.2,72.6,24.7
597,2018,54.7,47.1,78.0,40.6
597,2019,55.0,55.7,62.3,45.0
597,2020,56.1,62.4,56.3,44.5
597,2021,53.6,61.7,53.8,38.9
597,2022,57.6,59.6,65.5,44.5
597,2023,65.4,72.5,74.0,42.1
597,2024,62.3,65.9,76.7,38.4
597,2025,58.6,54.3,79.2,41.7
598,2012,55.3,50.9,49.6,67.2
598,2013,55.2,50.4,54.3,61.1
598,2014,54.5,47.1,57.3,58.1
598,2015,56.6,49.7,60.4,58.4
598,2016,63.0,62.2,61.6,65.5
598,2017,59.8,57.7,62.0,58.8
598,2018,59.0,65.6,56.8,55.2
598,2019,56.0,60.4,58.4,48.5
598,2020,62.3,61.8,62.5,62.6
598,2021,66.8,60.0,70.9,68.1
598,2022,66.3,66.0,76.1,53.4
598,2023,63.9,64.9,72.1,51.9
598,2024,56.1,54.4,55.4,58.7
598,2025,55.1,50.1,51.6,64.8
599,2012,61.2,61.5,66.7,53.9
599,2013,63.2,64.5,66.9,56.5
599,2014,63.6,64.8,60.4,65.3
599,2015,61.7,60.0,54.7,73.1
599,2016,63.0,66.3,50.2,72.6
599,2017,68.2,75.0,65.1,59.5
599,2018,65.3,71.3,58.5,62.7
599,2019,65.2,72.3,62.8,55.1
599,2020,61.8,57.5,67.4,62.8
599,2021,67.6,64.3,69.3,71.7
599,2022,68.0,71.7,66.5,63.3
599,2023,66.3,71.0,63.7,60.9
599,2024,62.5,62.8,67.2,56.4
599,2025,67.2,65.1,77.2,59.1
600,2012,61.3,56.4,75.3,54.9
600,2013,62.6,74.3,73.6,51.3
600,2014,63.3,73.8,77.1,50.8
600,2015,64.2,67.6,82.6,51.8
600,2016,60.2,66.5,78.3,46.9
600,2017,61.3,63.4,81.3,48.4
600,2018,62.6,50.3,81.9,55.9
600,2019,70.2,58.9,87.2,64.6
600,2020,69.6,67.9,82.1,62.7
600,2021,70.6,62.5,89.8,62.4
600,2022,68.7,63.9,81.0,63.2
600,2023,63.7,58.3,73.0,60.2
600,2024,66.6,57.6,88.7,56.9
601,2012,49.2,51.2,53.1,41.4
601,2013,51.1,52.1,54.3,45.9
601,2014,45.2,46.0,52.6,36.2
601,2015,54.8,50.7,64.1,53.9
602,2012,52.4,26.7,68.7,52.9
602,2013,56.5,40.2,73.9,52.6
602,2014,58.1,38.9,66.1,60.9
602,2015,49.8,17.4,66.8,52.6
603,2012,58.2,46.4,54.7,65.0
603,2013,65.7,45.2,63.3,75.3
603,2014,62.1,41.5,59.8,71.7
603,2015,66.5,50.4,61.4,76.0
604,2012,41.4,35.5,19.5,56.9
604,2013,42.5,28.1,17.1,63.5
604,2014,42.2,33.8,19.8,59.0
604,2015,41.4,37.5,22.3,54.4
604,2016,49.2,48.6,23.2,65.1
604,2017,55.8,48.2,39.7,68.5
604,2018,58.7,55.6,40.1,71.1
604,2019,53.2,51.5,32.8,66.2
604,2020,52.2,56.3,33.8,61.6
604,2021,50.5,54.3,21.7,66.3
604,2022,51.6,56.3,19.9,68.7
604,2023,54.7,54.9,32.0,68.2
604,2024,55.2,60.8,32.5,66.6
604,2025,55.9,61.8,26.1,71.5
605,2012,71.6,75.9,71.4,66.7
605,2013,74.5,84.3,76.0,60.1
605,2014,68.7,78.7,73.0,49.1
605,2015,80.0,77.0,93.9,58.7
605,2016,76.8,79.8,90.1,49.2
605,2017,66.8,76.9,72.7,44.0
605,2018,63.5,67.0,65.7,55.5
605,2019,52.2,55.1,61.9,31.3
605,2020,61.8,71.0,67.4,40.8
605,2021,54.2,63.4,58.4,35.5
605,2022,53.0,61.8,55.9,37.3
605,2023,57.7,68.6,62.6,35.8
605,2024,49.0,61.8,50.3,31.2
605,2025,60.5,73.6,68.6,30.2
606,2012,46.3,64.3,52.4,20.2
606,2013,43.6,54.4,56.0,16.2
606,2014,43.0,52.1,50.7,23.6
606,2015,45.7,59.7,46.0,31.4
606,2016,43.5,62.0,41.1,28.3
606,2017,48.3,73.7,46.1,25.8
606,2018,50.8,74.5,51.3,26.3
606,2019,46.8,61.1,51.9,25.8
606,2020,48.0,55.5,54.7,31.5
606,2021,47.2,51.8,55.8,31.3
606,2022,53.5,64.5,52.9,43.3
606,2023,55.9,64.5,61.6,39.8
606,2024,53.9,61.0,60.0,38.7
606,2025,54.3,66.2,58.8,36.4
607,2012,68.7,63.4,68.1,77.1
607,2013,71.2,59.2,78.9,75.8
607,2014,72.4,61.2,76.8,81.2
607,2015,74.9,59.3,83.2,83.6
607,2016,73.7,53.8,80.0,91.4
607,2017,73.9,51.4,90.4,78.8
607,2018,74.9,53.1,89.3,82.4
607,2019,77.5,58.2,85.8,91.3
607,2020,76.1,55.5,86.2,88.7
607,2021,77.1,57.2,83.5,94.8
607,2022,73.6,56.1,79.6,88.6
607,2023,74.7,52.4,88.1,84.6
607,2024,72.4,58.2,80.5,79.4
607,2025,67.5,46.2,77.5,81.5
608,2012,72.6,73.1,86.4,50.8
608,2013,72.3,69.6,91.5,50.2
608,2014,79.8,79.8,100.0,49.4
608,2015,72.5,73.4,90.8,42.6
608,2016,81.4,87.4,88.0,56.6
608,2017,84.4,91.5,90.8,57.3
608,2018,82.2,88.1,89.6,56.5
608,2019,85.9,89.7,100.0,55.3
608,2020,82.4,85.1,100.0,49.0
608,2021,89.0,95.6,100.0,56.1
608,2022,79.9,76.7,100.0,57.8
608,2023,78.5,69.1,100.0,69.8
608,2024,73.0,63.3,96.3,62.3
608,2025,82.1,76.4,100.0,69.7
609,2012,69.4,78.6,65.9,65.0
609,2013,68.3,84.9,61.5,60.8
609,2014,69.3,87.0,57.5,67.2
609,2015,69.5,79.7,57.6,75.2
609,2016,67.3,84.2,57.1,63.9
609,2017,67.3,81.3,58.2,65.4
609,2018,65.1,78.7,63.9,53.0
609,2019,71.2,87.5,65.4,62.7
609,2020,69.7,83.3,62.5,65.8
609,2021,73.2,87.3,69.0,64.6
609,2022,58.2,77.1,51.0,48.9
609,2023,54.7,79.4,38.5,51.7
609,2024,57.1,85.3,33.5,60.3
609,2025,58.6,84.0,40.7,56.9
610,2012,66.8,81.2,70.8,58.6
610,2013,63.9,79.7,66.6,55.9
610,2014,73.2,79.8,82.0,65.2
610,2015,63.8,69.7,66.7,59.6
610,2016,68.6,69.2,77.2,63.3
610,2017,71.6,56.2,77.3,74.4
610,2018,74.2,70.3,78.2,73.4
610,2019,78.3,75.3,87.8,73.8
610,2020,78.0,78.3,87.9,71.9
610,2021,73.7,80.1,81.4,66.5
610,2022,70.4,74.1,84.1,60.8
610,2023,65.2,65.7,74.7,59.4
610,2024,63.4,60.0,70.4,60.6
610,2025,63.2,47.3,78.4,60.4
611,2012,49.5,53.1,38.1,53.6
611,2013,60.2,64.0,48.5,64.2
611,2014,58.5,61.6,44.3,66.6
611,2015,55.5,60.8,40.4,59.9
611,2016,58.3,66.8,43.3,56.3
611,2017,57.0,68.0,43.5,48.6
611,2018,61.4,78.6,39.5,48.7
611,2019,54.0,67.0,35.1,46.8
611,2020,52.8,66.4,33.1,45.1
611,2021,53.8,63.9,34.6,52.7
611,2022,56.2,66.0,31.0,61.7
611,2023,55.7,66.6,26.9,62.8
611,2024,59.5,74.1,30.5,59.3
611,2025,57.0,71.8,33.5,51.0
612,2012,40.4,52.4,39.7,11.7
612,2013,40.4,52.1,32.4,23.0
612,2014,36.8,45.9,30.2,24.2
612,2015,40.2,44.5,40.1,29.8
612,2016,39.2,44.7,40.2,23.7
612,2017,38.6,47.2,37.9,18.4
612,2018,35.8,41.9,42.7,10.2
612,2019,33.4,40.5,43.9,0.0
612,2020,39.2,55.2,38.7,0.0
612,2021,43.9,62.7,38.2,5.3
612,2022,45.4,60.7,49.3,1.2
612,2023,44.7,61.5,46.1,0.8
613,2012,44.6,27.4,66.3,33.9
613,2013,43.3,33.3,56.4,36.3
613,2014,46.9,39.2,66.4,26.3
613,2015,45.1,41.9,59.8,26.2
613,2016,42.7,42.7,57.8,18.7
613,2017,50.4,46.4,63.1,35.8
613,2018,49.8,47.9,53.6,46.2
613,2019,46.8,39.4,56.8,41.2
613,2020,53.2,45.6,66.9,42.1
613,2021,49.7,40.8,66.9,34.7
613,2022,50.4,37.5,70.2,36.8
613,2023,47.4,35.0,70.6,27.6
613,2024,49.9,43.9,67.3,30.5
613,2025,46.4,43.8,59.5,29.0
614,2012,56.2,61.2,54.5,54.5
614,2013,61.9,64.2,61.1,61.2
614,2014,63.1,61.7,54.3,77.5
614,2015,58.5,65.9,47.0,69.6
614,2016,59.7,70.2,51.5,63.4
614,2017,60.7,65.6,55.6,64.4
614,2018,62.7,73.4,55.4,64.6
614,2019,56.0,66.1,43.8,65.9
614,2020,60.1,68.5,50.2,67.9
614,2021,60.8,62.5,52.6,71.6
614,2022,58.3,62.4,52.1,64.1
614,2023,57.9,69.0,40.9,74.3
614,2024,59.3,69.9,46.2,70.0
614,2025,57.2,66.4,45.5,67.0
615,2012,62.7,67.1,67.2,49.6
615,2013,58.0,60.6,62.9,47.7
615,2014,55.3,62.3,66.9,29.7
615,2015,61.1,70.3,62.1,41.7
615,2016,56.3,62.8,50.5,49.2
615,2017,54.3,55.5,54.5,51.8
615,2018,60.6,57.1,68.6,59.4
615,2019,60.6,60.7,61.2,59.9
615,2020,56.3,50.5,56.5,67.7
615,2021,54.4,53.3,56.0,55.2
615,2022,59.6,59.1,60.8,59.4
615,2023,59.2,60.8,57.5,57.8
615,2024,54.1,56.7,54.1,49.0
615,2025,54.6,55.2,64.3,43.9
616,2012,68.0,71.6,58.8,77.8
616,2013,68.7,73.9,60.5,74.7
616,2014,68.1,84.6,54.4,66.9
617,2012,59.7,93.1,37.8,59.2
617,2013,65.6,96.4,49.3,58.0
617,2014,62.0,100.0,38.0,59.4
617,2015,59.9,94.5,37.8,58.3
617,2016,62.4,98.8,37.0,64.5
617,2017,67.2,95.3,47.1,69.8
617,2018,64.7,92.0,45.1,67.1
617,2019,63.2,83.8,43.4,74.3
617,2020,60.4,77.2,46.3,65.7
617,2021,60.4,78.7,43.2,69.6
617,2022,56.9,90.4,36.3,53.7
617,2023,59.2,83.5,41.8,61.5
617,2024,57.9,82.6,40.1,60.3
617,2025,52.6,84.4,34.3,47.2
618,2012,57.4,64.8,56.9,44.5
618,2013,63.4,80.7,50.5,47.6
618,2014,63.7,81.6,55.9,40.8
618,2015,65.4,90.2,53.3,35.3
618,2016,63.1,88.1,51.4,32.2
618,2017,66.0,91.4,60.3,27.1
618,2018,67.0,93.1,59.4,29.3
618,2019,70.7,94.7,68.6,30.1
618,2020,65.8,88.9,63.4,27.1
618,2021,67.3,92.0,66.1,24.2
618,2022,64.2,79.5,71.9,27.6
618,2023,63.9,73.8,69.4,39.3
618,2024,64.9,78.7,64.6,40.4
618,2025,65.0,75.9,73.7,34.9
619,2012,44.2,49.7,42.5,35.1
619,2013,47.6,52.3,46.0,39.6
619,2014,45.3,51.3,49.5,29.0
619,2015,48.8,58.1,48.3,30.6
619,2016,46.4,57.0,45.1,26.5
619,2017,46.6,62.1,30.8,31.5
619,2018,52.7,68.7,38.6,34.8
619,2019,52.1,71.8,34.4,30.3
619,2020,56.6,73.8,43.3,35.6
619,2021,58.6,70.1,52.8,41.4
619,2022,57.1,65.2,54.6,43.4
619,2023,61.4,71.4,56.0,46.7
619,2024,65.0,78.2,57.7,46.0
619,2025,62.4,72.8,53.0,51.1
620,2012,36.0,37.5,21.7,47.5
620,2013,36.2,30.4,34.8,49.4
620,2014,39.6,35.6,33.9,53.3
620,2015,33.8,26.7,28.3,53.5
620,2016,28.2,17.5,29.1,48.5
620,2017,29.7,17.5,37.1,46.8
621,2012,70.9,90.0,63.0,68.0
621,2013,65.2,83.8,75.7,51.4
621,2014,66.2,87.7,64.5,58.6
621,2015,54.4,85.7,52.4,43.0
621,2016,55.1,77.2,61.8,42.3
621,2017,59.8,87.0,65.7,45.4
621,2018,66.7,84.5,72.4,56.1
621,2019,62.1,84.9,62.6,52.7
621,2020,65.6,78.0,74.9,55.0
621,2021,64.4,87.3,66.7,53.8
621,2022,68.0,97.1,70.6,54.9
621,2023,70.0,90.2,76.4,58.1
621,2024,66.8,86.2,67.1,58.8
621,2025,64.3,74.0,63.7,60.8
622,2012,44.3,52.2,55.5,14.5
622,2013,46.5,54.0,60.3,12.7
623,2012,70.7,58.1,71.0,82.9
623,2013,78.1,58.0,84.0,90.2
623,2014,75.0,62.5,81.2,79.3
623,2015,71.7,52.6,74.3,87.3
623,2016,65.9,55.8,61.1,82.5
623,2017,72.3,60.6,72.3,83.9
623,2018,69.9,65.1,66.0,80.0
623,2019,75.6,76.7,78.3,70.8
623,2020,74.1,71.4,75.8,74.4
623,2021,76.3,70.6,69.8,90.8
623,2022,78.2,84.2,66.7,87.5
623,2023,78.3,88.8,65.9,84.2
623,2024,75.4,86.2,65.3,77.9
623,2025,68.3,78.5,59.9,69.3
624,2012,68.8,64.7,67.4,78.2
624,2013,66.5,64.8,64.3,72.0
624,2014,67.9,63.5,71.7,72.9
624,2015,65.4,56.7,76.6,71.8
624,2016,64.3,55.4,64.7,81.8
624,2017,66.6,55.9,74.5,80.0
624,2018,61.4,45.8,69.9,84.0
624,2019,61.0,42.6,65.4,93.2
624,2020,64.7,46.3,72.4,93.7
624,2021,66.2,48.0,76.6,92.0
624,2022,62.2,43.6,66.2,95.3
624,2023,66.2,51.3,71.5,90.9
624,2024,62.4,54.6,64.1,76.4
624,2025,63.1,45.6,85.6,75.7
625,2012,45.7,39.2,46.9,57.6
625,2013,49.1,46.7,50.5,52.4
625,2014,51.9,48.3,59.8,51.1
625,2015,46.5,38.0,57.6,52.3
625,2016,51.0,47.9,51.8,56.5
625,2017,55.9,54.5,62.4,52.3
625,2018,52.4,53.8,55.1,47.1
625,2019,52.7,48.4,61.3,52.7
625,2020,50.3,44.4,49.4,62.9
625,2021,53.7,51.3,53.4,58.9
625,2022,56.9,56.2,49.0,66.2
625,2023,60.0,61.8,54.6,62.0
625,2024,50.6,49.3,56.1,47.6
625,2025,56.9,58.4,56.5,54.3
626,2012,49.0,56.0,51.7,32.3
626,2013,53.5,57.6,61.7,37.1
626,2014,55.8,60.0,56.2,47.1
626,2015,47.8,52.5,48.4,37.8
626,2016,50.9,51.4,57.4,43.6
626,2017,55.4,64.1,58.5,34.9
626,2018,56.4,69.2,58.1,29.2
626,2019,60.0,71.4,65.0,32.4
626,2020,61.2,72.1,63.7,36.9
626,2021,57.0,64.5,59.9,38.9
626,2022,49.2,52.6,56.7,35.1
626,2023,50.5,57.6,60.5,26.2
626,2024,53.4,66.2,55.1,26.0
626,2025,49.4,63.3,47.1,24.0
627,2012,41.5,27.1,70.4,32.6
627,2013,44.1,26.0,77.8,36.1
627,2014,48.2,31.4,77.9,43.0
627,2015,46.4,33.7,68.9,42.3
627,2016,53.5,44.0,70.4,50.3
627,2017,55.0,42.1,73.7,55.6
627,2018,56.4,49.5,73.7,48.2
627,2019,55.0,49.8,78.2,36.7
627,2020,53.9,45.1,80.4,37.9
627,2021,54.1,46.0,76.4,41.8
627,2022,50.4,45.7,68.3,37.2
627,2023,46.2,38.3,63.6,39.5
627,2024,50.7,36.1,75.1,47.6
627,2025,51.3,45.9,61.5,48.9
628,2012,76.4,61.5,83.6,78.1
628,2013,60.7,52.0,69.8,54.2
628,2014,58.4,51.2,74.7,39.9
628,2015,61.2,52.9,75.0,47.4
628,2016,53.8,54.9,62.3,40.2
628,2017,66.1,63.9,73.4,56.9
628,2018,65.7,64.5,70.5,59.5
628,2019,62.8,70.5,62.7,56.6
628,2020,74.0,66.0,82.6,67.8
628,2021,67.8,52.1,77.1,67.1
628,2022,67.7,49.2,77.3,68.7
628,2023,75.7,59.4,83.9,76.9
628,2024,66.1,52.4,68.3,74.2
628,2025,74.8,47.6,87.6,78.2
629,2012,58.8,79.2,47.2,53.9
629,2013,55.4,74.4,44.0,51.7
629,2014,55.0,74.0,37.5,59.5
629,2015,55.0,74.5,42.6,52.1
629,2016,57.0,81.6,40.6,54.1
629,2017,60.8,83.0,40.5,65.6
629,2018,56.6,80.5,38.5,57.0
629,2019,54.8,73.0,36.0,61.7
629,2020,58.7,85.3,37.4,60.5
629,2021,58.4,85.2,31.3,67.6
629,2022,59.6,89.3,35.1,62.6
629,2023,59.5,96.9,30.5,60.9
629,2024,61.1,95.7,34.0,62.6
629,2025,60.1,96.7,31.8,61.2
630,2012,51.6,51.3,52.2,51.1
630,2013,54.5,59.9,53.1,49.1
630,2014,56.2,60.0,52.0,57.8
630,2015,59.6,64.0,54.0,62.2
630,2016,55.6,58.8,50.1,60.0
630,2017,53.9,50.8,47.9,68.0
630,2018,55.2,53.2,56.5,55.8
630,2019,57.6,62.4,51.2,61.2
630,2020,55.2,68.8,43.3,55.0
630,2021,58.0,65.7,49.7,60.7
630,2022,61.2,67.2,58.1,57.6
630,2023,57.1,65.3,56.3,46.9
630,2024,56.7,75.6,52.5,37.1
630,2025,57.0,71.5,49.9,47.9
631,2012,38.9,54.5,30.9,37.4
631,2013,34.3,46.2,21.6,37.2
631,2014,33.2,46.7,14.8,38.9
631,2015,39.1,42.1,26.6,45.4
632,2012,75.3,91.3,32.8,85.7
632,2013,83.8,98.0,47.4,91.8
632,2014,80.7,94.2,45.2,89.1
632,2015,84.4,100.0,55.2,82.3
632,2016,81.8,100.0,47.8,79.2
632,2017,69.0,88.1,30.6,69.3
632,2018,64.4,83.0,25.4,66.2
632,2019,63.4,75.3,38.0,65.1
632,2020,64.2,71.7,42.8,70.8
632,2021,65.9,70.7,38.3,83.8
632,2022,65.4,72.4,37.9,78.8
633,2012,36.5,49.4,30.6,13.2
633,2013,35.7,45.2,32.1,17.2
633,2014,33.7,38.5,35.5,19.2
633,2015,32.0,36.4,33.8,18.2
633,2016,31.0,39.0,24.8,20.4
633,2017,33.7,45.8,23.3,19.2
633,2018,37.1,42.4,41.5,17.3
633,2019,34.7,35.7,39.9,24.2
633,2020,40.8,49.6,41.7,17.6
633,2021,39.0,52.8,34.0,12.1
633,2022,38.6,48.5,36.1,17.6
633,2023,42.8,55.2,33.5,25.9
633,2024,46.5,54.8,45.0,28.1
633,2025,52.1,63.0,46.5,33.1
634,2012,33.2,48.4,20.0,40.5
634,2013,28.9,39.1,17.4,37.8
634,2014,29.3,41.4,19.4,34.0
634,2015,33.1,44.7,28.6,30.3
634,2016,31.4,34.5,32.8,26.6
634,2017,29.8,33.2,31.1,25.0
634,2018,37.6,43.2,41.0,27.9
634,2019,32.0,38.2,29.7,30.4
634,2020,29.6,38.3,22.7,32.7
634,2021,32.0,43.6,28.3,27.9
634,2022,39.2,46.7,39.5,32.4
634,2023,39.3,44.3,43.2,29.2
634,2024,42.9,41.4,50.2,33.3
634,2025,44.8,55.0,48.2,31.3
635,2012,50.3,53.1,55.1,39.7
635,2013,56.2,53.0,63.1,53.8
635,2014,56.1,55.7,58.4,53.9
635,2015,58.8,63.5,60.1,48.8
635,2016,64.7,67.9,68.0,55.1
635,2017,64.6,67.3,72.7,50.0
635,2018,65.9,67.0,76.6,50.9
635,2019,65.8,69.8,72.8,50.3
635,2020,66.7,69.1,77.1,49.9
635,2021,61.3,65.3,69.5,44.4
635,2022,57.1,54.9,66.1,50.1
635,2023,53.1,50.8,64.1,43.9
635,2024,50.4,43.4,69.7,39.7
635,2025,58.2,54.0,72.0,49.0
636,2012,48.3,72.2,12.1,48.7
636,2013,57.2,89.2,10.3,55.9
636,2014,61.9,87.6,27.0,57.5
636,2015,65.4,88.1,34.0,62.2
636,2016,62.7,82.4,33.1,62.7
636,2017,60.7,84.6,28.2,56.7
637,2012,61.6,53.1,77.6,43.2
637,2013,66.1,52.7,84.5,48.9
637,2014,69.0,52.2,92.5,46.8
637,2015,65.8,57.3,84.3,42.5
637,2016,63.1,62.3,73.2,45.8
637,2017,62.4,65.0,71.0,44.0
637,2018,60.0,56.3,72.2,42.4
637,2019,59.0,53.3,71.2,43.9
637,2020,59.8,56.9,67.5,49.6
637,2021,64.4,67.0,73.1,45.6
638,2012,69.1,73.2,56.8,74.8
638,2013,66.9,84.4,48.4,71.0
638,2014,65.6,83.9,45.4,70.5
638,2015,68.7,71.4,47.1,80.5
638,2016,67.3,73.5,57.0,71.0
638,2017,71.8,81.0,67.0,71.0
638,2018,74.3,65.6,68.2,81.4
638,2019,72.1,62.6,61.8,82.1
638,2020,67.5,65.8,55.0,75.6
638,2021,66.4,64.7,50.8,76.4
638,2022,68.2,68.6,54.1,76.4
638,2023,68.9,65.7,64.7,72.7
638,2024,66.3,67.6,59.8,69.6
638,2025,65.7,70.5,60.1,67.2
639,2012,54.7,54.3,59.8,47.2
639,2013,60.6,60.2,72.8,41.7
639,2014,62.2,56.8,72.5,53.1
639,2015,52.1,53.8,53.8,47.1
639,2016,48.3,52.7,44.6,48.2
639,2017,46.8,46.8,53.8,35.6
639,2018,54.6,52.4,58.1,52.0
639,2019,55.7,53.8,62.6,47.2
639,2020,53.8,51.8,61.7,44.1
639,2021,59.5,56.4,68.0,50.3
639,2022,61.6,56.1,72.6,51.6
639,2023,55.3,53.8,64.8,42.3
639,2024,58.0,57.0,63.3,51.1
639,2025,49.9,45.8,59.9,39.7
640,2012,36.6,40.5,28.1,44.7
640,2013,34.2,35.7,26.7,44.0
640,2014,29.2,36.0,11.8,47.4
640,2015,31.2,46.1,7.7,47.9
640,2016,38.3,44.2,25.1,51.2
640,2017,35.1,45.2,16.2,51.1
640,2018,38.2,51.6,25.2,40.1
640,2019,33.9,47.2,24.5,30.3
640,2020,32.2,45.2,24.7,25.8
640,2021,32.0,43.7,25.6,25.9
640,2022,42.8,54.2,36.3,37.4
640,2023,49.6,58.1,38.4,55.5
640,2024,54.4,58.1,47.7,60.1
640,2025,46.4,51.9,38.0,52.0
641,2012,66.4,69.2,50.2,88.3
641,2013,64.6,64.6,51.2,85.9
641,2014,62.9,62.5,55.5,75.3
641,2015,61.0,58.2,52.3,78.9
641,2016,60.1,61.1,48.3,77.5
641,2017,58.2,57.6,47.6,76.2
641,2018,65.1,63.8,52.1,87.7
641,2019,74.7,73.1,65.9,91.2
641,2020,69.5,66.6,58.6,90.9
641,2021,70.7,72.6,58.0,88.2
641,2022,67.4,65.9,59.5,82.2
641,2023,74.5,69.4,67.7,92.5
641,2024,73.0,69.4,65.3,90.3
641,2025,62.3,57.6,54.7,81.1
642,2012,59.2,37.4,78.6,83.4
642,2013,51.2,27.9,76.6,72.5
642,2014,50.3,24.3,75.0,77.6
642,2015,53.5,34.3,75.1,70.2
642,2016,50.3,26.4,77.8,70.6
642,2017,50.5,21.9,85.2,73.0
642,2018,57.9,33.3,88.1,77.0
642,2019,56.4,28.2,90.2,79.2
642,2020,58.0,35.2,83.5,78.2
642,2021,60.1,30.4,89.8,89.9
642,2022,63.6,39.8,83.0,91.8
642,2023,58.5,38.9,73.7,82.6
642,2024,55.0,33.1,69.6,84.2
642,2025,53.0,28.6,66.7,88.0
643,2012,59.8,53.3,68.6,64.2
643,2013,56.2,41.6,76.1,65.7
643,2014,56.4,49.6,65.6,60.8
643,2015,63.8,61.9,64.4,66.9
643,2016,62.4,58.5,62.0,70.7
643,2017,65.5,65.0,64.1,67.9
643,2018,68.1,62.1,73.2,74.9
643,2019,61.6,55.2,66.6,69.2
643,2020,65.0,65.0,61.4,68.7
643,2021,63.9,64.7,69.3,57.0
643,2022,67.4,67.2,70.9,64.3
643,2023,68.4,68.1,73.5,63.8
643,2024,64.7,66.0,61.8,65.1
643,2025,65.8,60.8,64.7,76.9
644,2012,34.6,44.6,30.2,19.0
644,2013,37.4,51.9,32.9,13.1
644,2014,41.1,57.9,36.2,12.5
644,2015,36.1,45.1,34.4,19.7
644,2016,36.5,47.2,32.5,19.1
644,2017,32.6,38.2,39.3,14.9
644,2018,29.5,31.2,38.2,17.3
644,2019,39.6,44.9,42.9,25.8
644,2020,38.3,48.7,34.3,21.7
644,2021,48.1,56.0,48.3,32.2
644,2022,48.6,54.7,49.0,36.1
644,2023,38.3,39.5,37.5,36.8
644,2024,44.2,44.7,46.3,41.2
644,2025,46.4,51.3,49.1,33.9
645,2012,59.6,60.2,68.9,53.7
645,2013,59.2,64.3,66.2,52.9
645,2014,56.1,60.1,59.0,52.8
645,2015,55.1,60.7,60.9,49.3
645,2016,60.0,63.5,59.8,58.8
645,2017,59.2,57.9,57.4,60.7
645,2018,63.3,71.0,58.8,63.0
645,2019,62.3,59.2,53.6,68.7
645,2020,57.3,53.1,53.3,61.3
645,2021,58.8,58.7,53.2,62.2
645,2022,62.5,66.4,66.3,58.6
645,2023,59.4,66.9,63.7,53.8
645,2024,62.4,65.9,59.6,62.7
645,2025,60.4,69.7,54.3,60.3
646,2012,64.4,69.2,52.5,66.5
646,2013,58.8,57.1,55.8,65.3
646,2014,60.1,63.8,50.0,62.8
646,2015,55.5,56.1,49.1,60.7
646,2016,61.0,58.0,61.4,66.5
646,2017,64.5,63.6,58.6,72.3
646,2018,66.1,73.9,45.5,71.2
646,2019,59.8,62.9,47.8,65.5
646,2020,63.0,64.9,55.4,67.0
646,2021,63.3,71.1,48.1,62.9
646,2022,52.1,54.2,38.8,61.2
646,2023,50.9,54.6,37.6,56.9
646,2024,51.4,55.3,37.0,58.1
646,2025,61.8,64.0,47.9,71.2
647,2012,41.1,38.8,60.9,17.2
647,2013,40.8,37.1,61.4,19.3
647,2014,50.9,50.8,72.7,18.5
647,2015,47.8,44.6,73.4,17.4
647,2016,43.5,37.8,73.7,12.4
648,2012,59.7,71.9,46.9,53.2
648,2013,62.5,74.9,52.5,52.3
648,2014,62.5,75.9,38.9,66.7
648,2015,68.8,87.0,41.0,69.5
648,2016,63.8,84.8,38.4,56.6
648,2017,67.7,86.9,45.0,60.5
648,2018,65.5,80.1,47.9,60.5
648,2019,62.9,73.9,50.5,58.0
648,2020,57.0,61.1,52.9,54.4
648,2021,56.9,61.8,53.0,52.6
648,2022,62.5,66.6,55.9,62.9
648,2023,59.7,67.2,53.6,53.4
648,2024,60.8,77.3,53.4,40.0
648,2025,60.1,85.0,46.3,32.0
649,2012,43.6,37.3,49.6,47.9
649,2013,35.1,23.4,43.8,45.8
649,2014,34.9,18.6,52.7,42.7
649,2015,36.0,31.4,35.8,44.6
649,2016,31.2,27.9,29.2,39.7
649,2017,34.0,27.7,26.0,54.8
649,2018,32.0,24.1,27.0,52.1
649,2019,45.1,47.0,40.2,47.7
649,2020,44.6,49.8,40.0,40.8
649,2021,42.8,48.8,34.6,42.0
649,2022,43.4,48.8,40.1,37.6
649,2023,40.5,48.4,32.9,35.5
649,2024,41.5,53.0,29.1,35.8
649,2025,46.0,60.0,33.3,36.2
650,2012,49.1,66.5,30.4,54.6
650,2013,48.5,65.4,27.7,58.3
650,2014,45.6,64.7,20.6,58.8
650,2015,43.7,58.7,18.0,63.8
650,2016,44.0,56.4,20.6,64.2
650,2017,47.6,58.2,27.8,64.6
650,2018,42.5,51.0,26.4,56.3
650,2019,40.3,46.7,22.1,60.5
650,2020,46.3,54.8,25.3,68.1
650,2021,47.7,56.8,28.0,66.4
650,2022,51.5,59.9,32.9,69.4
650,2023,48.6,54.7,34.9,62.1
650,2024,43.0,47.8,33.5,51.3
650,2025,43.7,54.5,27.9,53.7
651,2012,56.8,55.3,28.3,88.1
651,2013,52.5,51.2,28.0,79.5
651,2014,59.3,49.6,45.3,92.6
651,2015,60.1,54.7,53.0,77.9
651,2016,62.4,59.7,39.2,91.2
651,2017,65.8,63.9,42.1,93.1
651,2018,59.2,58.6,31.4,88.0
651,2019,60.0,55.1,40.5,89.5
651,2020,62.3,62.7,35.5,88.2
651,2021,66.1,65.0,41.2,93.1
651,2022,68.9,69.4,47.4,89.3
651,2023,70.7,70.2,48.2,94.1
651,2024,70.1,66.3,50.3,97.7
651,2025,67.0,58.7,50.5,100.0
652,2012,64.1,63.8,63.3,65.4
652,2013,60.7,51.7,67.4,68.7
652,2014,43.9,37.0,48.5,50.7
652,2015,42.8,36.6,49.7,45.8
652,2016,50.1,46.4,57.6,47.6
652,2017,51.1,45.8,49.4,62.5
652,2018,56.9,56.0,51.9,64.7
653,2012,42.3,43.8,41.3,40.2
653,2013,36.2,37.4,32.2,37.8
653,2014,39.6,41.8,29.0,45.7
653,2015,45.9,47.9,35.8,52.1
653,2016,47.3,47.8,34.1,59.4
653,2017,46.6,44.5,34.4,62.9
653,2018,47.0,38.7,49.5,61.0
653,2019,47.0,40.3,44.6,62.9
653,2020,40.3,32.9,37.1,58.2
653,2021,36.4,30.0,24.1,61.7
653,2022,39.8,37.8,27.4,56.2
653,2023,44.8,48.8,32.0,49.4
653,2024,45.0,48.8,43.4,38.8
653,2025,42.9,48.5,40.7,34.0
654,2012,29.0,19.2,24.9,59.4
654,2013,28.0,16.3,18.5,71.6
654,2014,23.3,10.0,17.2,65.8
654,2015,30.4,20.9,23.9,63.7
654,2016,31.6,20.8,31.1,59.2
654,2017,31.1,24.2,25.4,57.1
654,2018,30.1,27.2,20.0,52.5
654,2019,26.2,22.9,13.2,54.2
654,2020,31.9,27.6,20.3,60.1
654,2021,40.2,38.3,28.6,62.3
654,2022,41.2,43.3,24.3,61.3
654,2023,41.3,35.6,32.8,68.2
654,2024,41.3,35.8,32.4,68.2
654,2025,37.9,27.4,37.0,65.5
655,2012,60.4,52.0,75.4,48.2
655,2013,60.8,57.6,73.2,45.6
655,2014,58.5,50.7,76.7,40.3
655,2015,57.0,44.0,75.1,46.2
656,2012,73.6,74.5,85.3,55.4
656,2013,69.1,71.6,81.7,48.0
656,2014,73.1,72.9,86.0,53.8
656,2015,68.5,67.3,84.6,45.2
656,2016,67.2,66.8,75.3,55.3
656,2017,68.8,64.2,78.3,58.3
656,2018,65.7,60.6,79.6,49.0
656,2019,72.6,78.2,77.3,60.8
656,2020,68.4,70.6,67.1,68.4
657,2012,59.6,26.8,79.8,65.3
657,2013,59.8,32.3,76.5,65.0
657,2014,55.8,26.0,74.7,60.3
657,2015,62.1,33.9,79.4,67.3
657,2016,71.1,44.8,91.3,70.6
657,2017,65.3,30.0,83.5,76.2
657,2018,63.6,34.2,78.1,73.8
657,2019,56.9,39.2,68.4,59.1
657,2020,55.4,37.3,59.4,68.3
657,2021,58.3,33.8,64.3,74.8
657,2022,63.9,36.6,70.8,82.0
657,2023,65.8,43.3,76.8,73.6
657,2024,59.8,41.6,69.2,65.5
657,2025,63.9,48.4,68.8,72.9
658,2012,73.2,81.0,60.7,70.0
658,2013,71.2,80.0,61.9,62.7
658,2014,69.8,82.4,50.2,64.1
658,2015,73.3,90.7,48.4,63.5
658,2016,68.4,83.8,40.1,66.0
658,2017,69.6,81.6,51.0,64.3
658,2018,74.5,85.5,52.7,74.2
658,2019,73.5,81.5,54.6,76.5
658,2020,79.0,85.4,73.0,72.1
658,2021,81.4,84.2,73.6,83.4
658,2022,86.0,94.8,67.8,86.8
658,2023,83.5,95.2,65.3,78.4
658,2024,79.8,88.6,58.4,83.5
658,2025,79.9,85.6,64.8,83.5
659,2012,47.7,52.2,31.3,60.9
659,2013,48.0,51.8,25.6,72.2
660,2012,48.4,43.3,51.0,48.9
660,2013,46.5,41.0,44.6,49.8
660,2014,44.5,42.4,45.2,44.9
660,2015,47.8,42.4,55.9,45.0
660,2016,49.5,35.3,57.4,50.5
660,2017,56.9,45.6,66.8,55.5
660,2018,56.4,42.5,69.9,53.9
660,2019,52.3,36.4,60.5,53.7
660,2020,53.6,45.1,45.6,61.7
660,2021,45.6,40.3,52.1,43.8
660,2022,48.9,39.4,67.7,41.4
660,2023,54.5,50.9,65.9,49.1
660,2024,55.1,49.4,64.8,51.5
660,2025,54.8,42.8,60.0,56.4
661,2012,71.1,75.1,72.9,68.4
661,2013,83.0,78.1,70.9,92.3
661,2014,77.5,64.7,60.3,93.0
661,2015,80.4,75.3,68.3,89.6
661,2016,63.0,58.1,60.1,66.6
661,2017,55.0,57.7,54.4,54.3
661,2018,58.4,74.2,60.9,50.5
661,2019,60.5,57.6,62.4,60.6
661,2020,60.4,69.0,70.9,50.7
661,2021,58.1,70.5,71.8,45.0
661,2022,66.4,74.9,81.9,53.6
661,2023,59.5,87.5,64.6,45.2
661,2024,66.8,97.2,81.0,46.1
661,2025,68.1,93.7,70.9,56.2
662,2012,44.3,44.1,37.1,57.5
662,2013,46.3,44.7,38.9,61.7
662,2014,41.5,46.2,31.7,53.5
662,2015,44.2,50.6,32.2,58.3
662,2016,45.6,41.6,41.3,58.3
662,2017,43.5,43.5,33.2,62.1
662,2018,42.9,47.6,28.8,62.5
662,2019,46.0,37.7,37.8,70.9
662,2020,44.1,36.0,37.8,65.3
662,2021,44.1,38.7,39.3,59.1
662,2022,42.1,35.6,37.0,59.1
662,2023,44.4,36.6,38.5,64.5
662,2024,45.7,45.5,37.1,61.4
662,2025,41.7,46.9,30.5,55.7
663,2012,46.4,48.9,62.4,20.4
663,2013,48.4,51.9,60.5,27.5
663,2014,39.3,42.5,52.8,16.4
663,2015,44.3,38.6,60.5,24.8
663,2016,41.7,44.6,62.3,8.4
663,2017,44.5,43.6,62.9,17.5
663,2018,48.1,46.0,66.5,22.1
663,2019,50.0,50.7,63.5,29.2
663,2020,49.7,44.6,67.9,26.6
663,2021,47.8,46.0,63.9,25.2
663,2022,57.4,36.8,82.2,37.4
664,2012,36.8,46.7,70.7,12.6
664,2013,37.9,43.6,63.9,20.0
664,2014,43.1,43.9,73.3,24.6
664,2015,43.7,51.7,61.4,29.9
664,2016,44.4,54.6,67.2,26.6
664,2017,43.2,59.5,67.2,22.2
664,2018,43.6,56.0,76.7,18.7
664,2019,44.2,52.7,74.6,22.6
664,2020,46.5,58.8,81.1,20.9
664,2021,45.6,62.7,80.1,18.1
664,2022,46.6,61.5,79.0,21.3
664,2023,52.5,63.0,89.7,26.0
664,2024,48.0,65.6,76.5,23.8
664,2025,39.0,55.5,77.7,9.1
665,2012,55.4,53.2,53.8,57.2
665,2013,52.2,55.3,46.0,54.7
665,2014,56.9,56.6,48.3,62.1
665,2015,54.9,48.2,61.7,53.5
665,2016,56.3,59.0,59.6,53.2
665,2017,53.8,67.9,49.5,50.8
665,2018,52.5,54.9,55.8,49.5
665,2019,54.7,53.0,58.1,53.4
665,2020,57.4,60.3,54.8,57.7
665,2021,60.4,61.2,59.6,60.6
665,2022,59.6,53.9,62.8,59.9
665,2023,60.4,60.1,62.5,59.3
666,2012,48.5,65.2,44.6,35.6
666,2013,46.8,61.8,41.1,39.0
666,2014,46.7,64.8,39.5,38.1
666,2015,47.9,64.8,42.4,37.6
666,2016,47.0,65.7,40.9,35.7
666,2017,53.1,60.3,47.2,55.1
666,2018,53.7,62.1,47.8,54.1
666,2019,60.0,76.9,49.0,59.7
666,2020,53.4,81.6,39.1,45.4
666,2021,50.7,69.3,42.4,43.3
666,2022,57.6,78.8,50.4,45.3
666,2023,58.8,80.1,53.4,42.8
666,2024,58.9,77.4,57.0,40.0
666,2025,58.6,80.2,54.0,41.1
667,2012,45.8,37.4,57.6,34.6
667,2013,44.5,32.8,60.2,30.2
667,2014,41.9,40.6,54.4,21.1
667,2015,40.3,40.1,45.7,30.9
667,2016,44.0,35.1,55.0,34.9
667,2017,44.8,30.1,58.7,37.5
667,2018,47.5,34.0,59.4,42.2
667,2019,44.4,29.8,58.0,37.4
667,2020,38.0,19.1,50.2,38.7
667,2021,39.2,28.1,49.9,33.3
667,2022,45.0,27.8,61.4,36.2
667,2023,44.8,27.3,64.6,30.3
667,2024,42.8,21.1,62.8,32.7
667,2025,43.7,27.8,60.1,33.3
668,2012,55.4,45.5,44.3,86.3
668,2013,57.1,48.0,48.0,84.5
668,2014,59.8,59.8,36.6,83.1
668,2015,67.2,71.0,38.7,88.3
668,2016,64.4,65.4,34.3,92.7
668,2017,63.6,55.0,50.5,93.9
668,2018,68.1,71.0,51.5,79.0
668,2019,66.5,62.4,52.3,89.0
668,2020,57.7,54.7,37.8,83.5
668,2021,50.7,45.4,44.0,68.0
668,2022,58.5,58.1,50.4,67.3
668,2023,53.8,45.3,63.2,61.2
668,2024,51.2,43.6,59.5,58.0
668,2025,52.4,45.8,56.6,61.3
669,2012,51.0,60.8,41.7,40.5
669,2013,39.9,48.1,30.2,33.1
670,2012,66.6,79.3,48.0,62.8
670,2013,66.9,70.5,53.8,77.5
670,2014,66.7,75.3,49.1,71.5
670,2015,60.0,71.4,40.0,61.7
670,2016,61.3,77.2,43.3,48.5
670,2017,58.4,77.6,32.9,48.6
670,2018,53.9,65.7,34.3,53.9
670,2019,55.5,62.1,40.4,61.7
670,2020,57.5,69.1,38.3,57.3
670,2021,61.7,70.8,50.5,55.9
670,2022,62.2,73.9,46.1,57.1
670,2023,61.4,66.9,54.0,58.8
670,2024,63.2,71.6,55.6,53.5
670,2025,72.8,84.2,66.4,53.8
671,2012,54.8,45.5,58.4,56.4
671,2013,51.1,49.0,46.9,54.4
671,2014,48.1,41.7,44.1,53.0
671,2015,38.6,42.3,25.0,45.3
671,2016,27.4,46.3,13.5,28.2
671,2017,38.1,45.4,18.0,47.3
671,2018,40.6,44.1,19.8,51.6
671,2019,44.9,38.7,21.4,61.5
671,2020,47.0,41.0,29.1,60.1
671,2021,45.1,33.0,36.3,55.2
671,2022,41.6,29.7,36.0,49.7
671,2023,40.1,29.6,32.9,48.7
671,2024,36.2,27.0,39.2,38.0
671,2025,44.7,44.1,43.5,45.6
672,2012,48.4,33.0,63.3,46.0
672,2013,48.9,46.4,58.2,37.5
672,2014,51.3,50.3,60.6,37.8
672,2015,45.8,50.1,47.4,37.3
672,2016,46.2,42.5,53.8,39.3
672,2017,47.2,44.3,58.0,34.1
672,2018,47.3,46.3,59.1,29.7
672,2019,46.2,50.2,59.9,18.6
672,2020,53.9,57.2,70.5,22.6
672,2021,52.5,52.9,67.7,27.6
672,2022,51.1,57.9,61.2,25.3
672,2023,49.1,51.9,62.3,24.1
672,2024,45.4,45.4,62.1,18.6
672,2025,45.3,50.1,55.2,22.7
673,2012,67.8,65.4,75.9,57.5
673,2013,62.0,71.6,65.3,48.9
673,2014,77.4,82.8,83.3,64.2
673,2015,74.9,78.3,85.4,56.2
673,2016,78.6,85.4,84.5,64.0
673,2017,77.8,77.1,81.6,72.7
673,2018,87.2,85.9,91.9,81.2
673,2019,83.7,79.5,92.2,74.5
673,2020,82.7,81.1,91.1,71.4
673,2021,88.3,84.5,98.4,76.3
673,2022,83.0,78.6,89.1,77.6
673,2023,79.0,76.1,79.4,80.7
673,2024,71.2,69.8,71.4,72.2
673,2025,75.0,72.1,70.6,84.0
674,2012,56.7,71.9,46.1,56.9
674,2013,51.5,63.9,40.0,53.4
674,2014,55.4,65.3,55.2,51.6
674,2015,62.9,72.8,62.0,59.4
674,2016,62.3,76.1,58.7,58.9
674,2017,68.8,85.5,72.9,59.6
674,2018,58.4,77.0,63.8,47.7
674,2019,61.0,71.6,56.1,59.8
674,2020,63.2,71.8,57.9,62.9
674,2021,61.8,63.8,52.8,66.5
674,2022,62.1,86.4,54.4,57.0
674,2023,69.6,78.7,61.2,70.9
674,2024,67.0,69.9,57.8,71.3
675,2012,52.5,76.0,42.2,22.7
675,2013,49.6,74.2,43.4,12.6
675,2014,51.0,73.5,47.9,14.4
675,2015,47.6,67.9,46.6,12.3
675,2016,40.5,55.7,39.4,14.3
675,2017,41.1,56.6,39.1,15.7
675,2018,53.4,70.4,52.1,24.2
675,2019,54.5,83.8,47.9,9.6
675,2020,55.1,87.1,39.2,16.7
675,2021,56.6,80.0,47.7,25.1
675,2022,62.8,95.3,52.3,16.9
675,2023,59.3,93.0,45.2,15.4
675,2024,57.8,87.0,47.7,17.5
675,2025,58.6,89.6,47.8,15.9
676,2012,63.7,91.1,60.0,41.2
676,2013,64.9,84.9,65.9,43.6
676,2014,71.2,84.3,82.3,43.2
676,2015,66.4,76.1,81.3,36.9
676,2016,69.3,85.3,72.2,49.3
676,2017,65.1,81.6,72.2,39.2
676,2018,60.1,69.8,67.7,40.2
676,2019,64.3,71.1,76.4,41.5
676,2020,62.8,76.1,71.5,37.9
676,2021,64.0,77.4,76.6,33.7
676,2022,64.4,71.8,81.0,34.9
676,2023,64.3,66.3,84.7,35.2
676,2024,60.8,70.7,76.6,30.0
676,2025,65.3,82.9,69.1,42.5
677,2012,60.7,58.6,52.5,76.7
677,2013,57.0,59.4,48.5,67.3
678,2012,67.0,88.5,50.9,47.7
678,2013,63.0,84.1,54.8,34.9
678,2014,66.0,82.2,53.8,51.6
678,2015,68.9,81.7,58.6,58.4
678,2016,65.7,68.1,64.7,62.7
678,2017,62.2,65.0,60.4,59.5
678,2018,60.0,68.6,47.1,59.8
678,2019,64.5,79.9,46.2,58.9
678,2020,66.0,80.7,58.3,48.9
678,2021,65.6,82.8,55.8,46.4
678,2022,64.2,81.6,47.8,52.5
678,2023,64.6,87.5,42.8,49.6
678,2024,56.3,70.0,43.8,46.5
678,2025,60.3,73.8,53.4,44.1
679,2012,58.5,71.7,43.4,62.2
679,2013,56.6,70.7,52.0,53.7
679,2014,59.3,63.2,42.3,68.0
679,2015,58.6,66.9,35.4,69.3
679,2016,53.1,59.9,32.7,62.7
679,2017,55.1,66.3,27.2,67.3
679,2018,58.8,62.3,24.4,78.0
679,2019,54.6,68.7,18.7,70.5
679,2020,55.4,53.3,23.3,75.6
679,2021,59.0,62.7,26.7,76.9
679,2022,54.2,50.3,30.5,70.0
679,2023,54.3,51.9,33.3,67.8
679,2024,52.9,52.6,27.7,68.2
679,2025,67.4,59.5,43.7,84.8
680,2012,46.3,11.1,78.9,38.1
680,2013,43.3,11.7,75.3,32.2
680,2014,42.4,15.8,80.0,18.9
680,2015,40.4,11.4,69.9,29.9
680,2016,49.9,30.0,70.7,42.1
680,2017,53.9,32.3,76.7,45.2
680,2018,51.6,29.9,74.0,43.5
680,2019,53.4,22.8,84.7,42.2
680,2020,56.5,32.7,82.5,45.6
680,2021,51.2,22.3,75.4,47.8
680,2022,57.8,20.4,92.0,49.5
680,2023,53.6,18.0,84.7,47.8
680,2024,55.5,22.0,88.3,45.3
680,2025,48.0,14.6,79.2,39.8
681,2012,57.6,66.0,35.5,62.9
681,2013,54.1,67.7,25.9,55.0
681,2014,55.0,67.6,26.0,58.8
681,2015,57.1,74.5,22.2,57.2
681,2016,60.2,76.1,34.3,54.1
681,2017,62.4,73.3,45.6,57.5
681,2018,59.8,67.9,44.8,58.7
681,2019,54.9,59.0,33.9,67.8
681,2020,65.2,70.2,50.4,70.2
681,2021,63.8,67.4,51.9,68.4
681,2022,54.8,64.1,27.7,63.2
681,2023,46.3,55.8,25.7,47.9
681,2024,45.8,61.6,17.8,42.2
681,2025,60.7,78.3,29.3,56.9
682,2012,41.3,43.5,67.3,10.8
682,2013,45.8,47.7,70.7,17.0
682,2014,42.4,43.1,66.9,16.3
682,2015,44.8,42.0,73.1,22.3
682,2016,42.9,39.4,77.4,15.5
682,2017,46.0,45.2,79.9,13.7
682,2018,44.8,44.5,72.0,18.2
682,2019,41.8,42.9,63.4,17.9
682,2020,41.8,40.1,62.1,24.8
682,2021,43.4,41.3,63.0,28.1
682,2022,47.5,49.4,66.2,25.0
682,2023,47.9,53.6,71.4,13.0
682,2024,47.8,53.3,71.4,13.4
682,2025,43.8,49.9,62.3,13.0
683,2012,69.4,75.8,66.4,67.1
683,2013,67.8,65.2,62.5,77.4
683,2014,63.1,63.3,65.2,60.1
683,2015,64.3,59.0,71.9,59.6
683,2016,68.1,59.8,73.9,68.7
683,2017,56.3,65.9,58.2,44.3
683,2018,53.2,55.4,48.6,57.0
683,2019,52.6,61.3,48.9,48.8
683,2020,50.2,57.7,45.4,49.2
683,2021,46.4,49.0,44.6,46.1
684,2012,73.8,71.7,68.0,88.0
684,2013,74.4,69.0,74.2,88.4
684,2014,71.8,70.5,67.3,81.7
684,2015,78.0,78.0,66.6,95.1
684,2016,77.3,74.9,76.0,85.3
684,2017,76.6,75.3,70.3,89.5
684,2018,71.9,67.8,72.6,81.2
684,2019,69.7,63.8,70.9,82.5
684,2020,71.2,71.0,73.5,68.5
684,2021,75.9,81.3,72.5,67.5
684,2022,81.5,87.1,73.7,79.3
684,2023,80.4,85.5,72.7,79.3
684,2024,80.8,86.8,70.5,81.3
684,2025,80.2,83.5,76.2,77.9
685,2012,55.8,48.6,78.7,39.6
685,2013,52.7,45.8,71.3,42.1
685,2014,33.1,26.0,51.8,23.0
685,2015,35.0,26.1,48.8,36.5
685,2016,51.1,39.8,69.9,51.0
685,2017,48.8,36.8,69.0,48.4
685,2018,47.0,35.6,68.6,43.0
685,2019,46.3,35.4,61.0,51.4
685,2020,59.7,46.9,82.3,57.7
685,2021,52.5,43.8,68.0,51.0
686,2012,57.0,38.5,48.7,69.4
686,2013,48.0,42.0,39.5,55.6
686,2014,47.3,52.0,34.2,53.3
686,2015,50.2,45.0,36.6,60.5
686,2016,49.5,55.1,34.0,56.6
686,2017,59.7,53.7,46.8,69.8
686,2018,67.9,59.2,57.0,78.0
686,2019,68.7,50.5,59.1,81.7
686,2020,67.6,61.0,54.2,78.2
686,2021,65.6,55.3,62.4,71.7
686,2022,64.0,48.4,58.9,73.3
686,2023,66.8,41.4,61.8,80.0
686,2024,62.4,36.1,66.1,70.6
686,2025,63.2,31.6,57.6,79.2
687,2012,14.2,0.1,22.5,20.6
687,2013,20.1,0.0,33.4,26.9
687,2014,19.7,6.7,29.1,23.0
687,2015,18.3,8.9,22.7,24.3
687,2016,17.9,7.4,26.0,19.7
687,2017,21.0,6.2,32.2,23.6
687,2018,21.0,0.0,36.7,25.4
687,2019,28.9,4.5,48.4,32.0
687,2020,36.6,19.2,51.7,36.8
687,2021,35.3,20.0,49.8,33.5
687,2022,32.0,16.4,47.2,29.7
687,2023,28.5,7.6,44.2,32.6
687,2024,25.6,0.0,46.6,28.0
687,2025,26.7,0.0,47.3,31.2
688,2012,70.6,85.9,54.7,74.0
688,2013,70.3,88.1,60.7,69.0
689,2012,58.9,65.7,55.3,56.9
689,2013,50.5,56.9,44.6,51.9
689,2014,53.0,49.7,59.5,47.7
689,2015,54.7,54.1,58.3,50.4
689,2016,57.1,57.8,63.3,48.3
689,2017,57.7,65.4,59.7,47.3
689,2018,61.5,60.9,67.8,53.6
689,2019,59.8,56.1,68.4,52.0
689,2020,64.3,60.6,71.4,58.5
689,2021,65.7,63.1,73.7,57.5
689,2022,62.9,53.8,68.1,65.0
689,2023,63.5,53.0,71.7,63.1
689,2024,59.2,43.8,68.1,62.9
689,2025,62.0,57.5,65.1,62.3
690,2012,57.9,56.6,50.5,72.6
690,2013,56.6,54.3,45.9,78.5
690,2014,58.0,67.4,43.4,73.0
690,2015,60.2,61.8,50.2,76.3
690,2016,58.1,56.8,52.5,69.7
690,2017,59.2,50.1,56.5,74.8
690,2018,63.8,65.5,57.7,72.9
690,2019,70.2,80.7,64.5,67.9
690,2020,65.6,76.1,52.6,76.6
690,2021,65.8,72.1,52.6,82.0
690,2022,67.3,72.5,52.0,88.7
690,2023,66.7,68.0,60.7,76.1
690,2024,62.3,65.0,57.8,67.2
690,2025,65.0,70.2,53.3,79.7
691,2012,38.1,47.5,33.7,26.4
691,2013,38.9,49.1,30.2,31.1
691,2014,39.4,55.8,25.4,26.6
691,2015,37.2,55.4,16.5,29.4
691,2016,41.3,58.9,28.6,24.8
691,2017,36.9,53.3,22.7,24.6
691,2018,37.3,50.4,21.1,33.3
691,2019,35.8,44.4,24.1,34.2
691,2020,40.6,46.0,30.3,43.2
691,2021,37.8,49.0,28.9,28.3
691,2022,43.8,61.8,29.2,29.1
691,2023,37.4,49.2,22.8,33.5
691,2024,38.6,52.7,26.8,27.4
691,2025,40.4,53.3,31.6,27.6
692,2012,67.8,69.0,62.6,74.6
692,2013,72.4,79.5,58.6,84.6
693,2012,61.3,43.9,75.8,75.4
693,2013,59.6,41.6,75.8,72.4
694,2012,48.2,52.7,42.6,44.6
694,2013,54.0,56.6,49.9,52.7
695,2012,30.7,33.4,46.4,9.5
695,2013,32.7,31.2,45.9,22.4
695,2014,26.8,30.3,35.5,11.0
695,2015,32.7,40.2,40.6,9.7
695,2016,30.8,40.0,37.0,6.0
695,2017,34.4,48.0,34.5,7.2
695,2018,37.0,48.8,37.4,13.1
695,2019,39.4,48.2,41.9,19.1
695,2020,41.6,49.8,44.9,22.0
695,2021,36.2,38.3,44.0,24.3
695,2022,38.9,44.8,47.1,19.1
695,2023,37.6,42.5,53.3,12.0
695,2024,37.3,42.2,58.5,6.4
695,2025,36.6,38.2,57.1,12.7
696,2012,63.2,70.2,65.5,47.0
696,2013,62.0,65.0,67.8,50.1
696,2014,64.0,74.2,56.7,50.7
696,2015,66.3,70.1,78.0,47.0
696,2016,61.8,72.9,63.5,38.1
696,2017,66.2,86.5,54.5,37.3
696,2018,71.2,83.6,68.0,49.8
696,2019,64.9,79.7,52.1,48.2
696,2020,69.1,82.4,65.3,46.4
696,2021,62.9,67.9,68.4,47.2
696,2022,60.4,64.2,69.7,43.7
696,2023,63.4,64.3,71.0,54.0
696,2024,52.6,56.8,59.6,37.2
696,2025,63.4,75.3,66.5,36.5
697,2012,37.2,6.8,47.1,54.4
697,2013,42.6,2.5,55.3,65.8
698,2012,73.3,90.5,59.6,71.0
698,2013,74.6,100.0,48.6,80.8
699,2012,46.8,27.8,52.6,53.8
699,2013,46.8,24.2,59.1,47.1
699,2014,47.4,26.1,51.2,59.5
699,2015,50.4,23.2,62.6,54.7
699,2016,52.4,21.3,68.1,54.8
699,2017,51.3,25.4,64.8,52.5
699,2018,49.6,30.9,59.4,50.5
699,2019,53.2,32.6,64.6,53.3
699,2020,50.4,39.4,53.5,55.0
699,2021,53.8,40.8,57.2,59.7
699,2022,55.6,44.7,54.8,65.8
699,2023,50.8,44.5,50.7,56.2
699,2024,46.4,44.9,38.9,58.8
699,2025,49.6,45.0,44.4,61.3
700,2012,59.9,62.1,60.8,56.5
700,2013,61.3,58.5,65.7,58.2
700,2014,58.8,56.7,60.3,59.0
700,2015,57.5,56.7,66.8,46.0
700,2016,58.1,58.2,60.1,55.2
700,2017,59.9,63.5,56.7,60.5
700,2018,68.0,69.0,61.2,75.9
700,2019,60.9,62.7,54.9,67.0
700,2020,56.9,63.1,53.0,55.8
700,2021,58.1,65.5,53.8,56.3
700,2022,52.8,61.8,49.5,48.1
700,2023,59.1,68.9,54.3,55.6
700,2024,51.7,59.6,45.7,51.7
700,2025,57.6,55.9,59.1,57.3
701,2012,64.4,54.5,64.4,78.2
701,2013,63.8,49.5,63.0,84.9
701,2014,66.7,51.7,67.1,87.0
701,2015,64.3,44.4,67.1,87.8
701,2016,74.6,55.4,81.1,91.2
701,2017,72.5,48.1,86.0,84.9
701,2018,69.2,41.7,81.5,87.9
701,2019,68.1,46.4,76.9,84.3
701,2020,68.5,47.7,73.6,89.4
701,2021,71.3,48.6,79.5,90.0
701,2022,70.4,44.5,81.4,88.9
701,2023,67.8,43.1,75.9,89.6
701,2024,64.4,34.1,77.6,85.7
701,2025,57.8,38.0,63.8,76.0
702,2012,43.7,55.5,34.1,46.8
702,2013,45.9,48.8,46.0,42.2
702,2014,36.4,41.2,30.7,40.7
703,2012,39.7,26.5,52.1,38.2
703,2013,42.7,36.2,50.5,39.5
703,2014,43.6,25.9,61.0,40.7
703,2015,42.7,25.2,59.8,39.9
703,2016,43.8,24.9,62.3,40.7
703,2017,46.6,26.4,63.8,47.4
703,2018,41.7,23.8,59.5,38.3
703,2019,45.6,31.4,61.6,39.8
703,2020,43.0,26.4,62.5,35.2
703,2021,41.9,29.8,51.4,43.5
703,2022,39.9,35.7,50.5,28.8
703,2023,43.9,42.3,48.1,39.6
703,2024,47.5,41.9,60.9,34.0
703,2025,44.6,44.1,48.0,39.9
704,2012,59.9,29.5,79.4,56.1
704,2013,61.6,37.8,80.0,53.8
704,2014,50.0,32.8,70.3,33.9
704,2015,54.1,25.5,73.4,48.9
704,2016,60.3,34.6,74.4,60.6
704,2017,58.2,33.5,72.1,57.8
704,2018,50.8,19.7,70.7,46.8
704,2019,43.4,14.6,53.6,52.2
704,2020,42.9,15.7,63.8,34.2
704,2021,42.1,12.0,66.2,31.0
704,2022,54.1,19.9,78.5,46.0
704,2023,55.2,19.9,76.4,52.8
704,2024,63.6,28.5,87.1,57.7
704,2025,58.0,28.2,73.2,60.1
705,2012,59.8,67.8,54.9,56.5
705,2013,40.8,49.2,35.9,36.8
705,2014,48.0,55.7,41.6,47.5
705,2015,47.3,55.6,39.2,48.6
705,2016,43.2,55.8,26.4,52.6
705,2017,46.0,60.9,31.8,47.9
705,2018,55.1,68.5,45.7,51.3
706,2012,35.6,54.4,25.9,29.9
706,2013,38.1,64.3,24.8,29.7
706,2014,37.7,61.3,31.6,22.2
706,2015,40.3,60.5,38.0,23.2
706,2016,39.9,58.1,32.8,31.2
706,2017,49.9,61.4,45.5,44.4
706,2018,49.4,66.5,42.2,41.8
706,2019,46.8,59.9,38.3,44.9
706,2020,53.3,69.2,46.5,46.4
706,2021,55.9,71.5,57.0,38.9
706,2022,53.0,65.6,57.1,34.9
706,2023,44.9,54.9,44.0,36.1
706,2024,45.7,48.8,39.8,50.5
706,2025,46.0,51.2,38.7,50.5
707,2012,42.0,38.9,52.2,38.2
707,2013,40.6,38.9,48.0,36.6
707,2014,42.0,36.9,58.3,35.7
707,2015,41.6,35.2,51.7,44.1
707,2016,42.7,35.3,57.2,42.9
707,2017,44.5,35.4,60.0,47.3
707,2018,47.9,46.0,49.9,49.8
707,2019,48.3,46.6,56.3,43.6
707,2020,48.0,43.3,56.3,49.3
707,2021,55.9,58.8,56.9,49.1
707,2022,49.6,46.0,60.1,46.1
707,2023,52.6,51.2,61.7,46.1
707,2024,50.9,53.6,59.1,37.3
707,2025,48.0,45.0,68.8,33.0
708,2012,55.0,77.0,52.9,47.5
708,2013,49.9,74.4,45.9,42.5
708,2014,52.5,80.8,47.6,44.2
708,2015,59.0,78.6,60.1,50.4
708,2016,51.9,79.6,49.9,42.0
708,2017,51.1,81.9,45.1,42.3
709,2012,46.3,45.0,52.0,41.9
709,2013,46.4,49.4,52.2,33.9
709,2014,50.6,54.0,52.7,42.1
709,2015,58.3,63.8,61.0,45.1
709,2016,55.9,58.2,62.5,43.8
709,2017,57.2,64.9,57.6,42.8
709,2018,52.6,59.7,55.3,36.7
709,2019,56.8,63.4,52.3,50.2
709,2020,52.3,60.7,53.4,35.7
709,2021,52.1,56.9,58.2,36.2
709,2022,48.9,47.7,59.5,38.3
709,2023,48.5,46.2,62.9,35.2
709,2024,47.7,50.3,56.7,32.3
709,2025,54.3,52.5,66.4,42.9
710,2012,44.0,49.9,38.5,47.4
710,2013,47.4,61.6,42.8,42.6
710,2014,42.7,54.3,36.2,42.8
710,2015,44.7,51.6,38.4,48.3
710,2016,47.5,60.3,32.5,59.3
710,2017,44.7,53.5,37.3,48.6
710,2018,44.8,54.6,36.5,49.1
710,2019,47.2,58.3,38.2,51.3
710,2020,51.2,58.9,38.2,64.3
710,2021,51.6,65.2,38.5,60.0
710,2022,52.0,67.9,35.3,63.8
710,2023,49.3,63.4,35.5,58.3
710,2024,55.8,71.9,44.3,59.5
711,2012,79.0,80.7,78.8,77.4
711,2013,76.4,81.2,71.4,78.2
711,2014,78.0,79.2,65.6,93.3
711,2015,80.5,82.5,72.3,89.5
711,2016,73.8,81.6,60.1,84.4
711,2017,76.2,78.1,67.7,85.8
711,2018,78.2,93.4,74.7,67.6
711,2019,71.8,78.7,70.2,67.1
711,2020,71.7,83.2,67.7,65.6
711,2021,73.3,79.3,68.6,73.6
711,2022,71.8,80.6,63.8,73.7
711,2023,74.1,80.7,68.0,75.6
711,2024,73.0,82.3,75.0,61.1
711,2025,70.2,77.9,68.6,64.5
712,2012,85.8,73.5,100.0,74.6
712,2013,88.7,82.5,98.7,78.9
712,2014,85.4,82.2,92.3,77.7
712,2015,87.1,83.3,93.1,81.3
712,2016,90.8,85.4,97.4,85.4
712,2017,82.2,71.9,87.4,83.0
712,2018,68.7,65.3,71.4,67.6
712,2019,75.7,75.7,73.5,79.1
713,2012,60.8,54.4,70.9,50.2
713,2013,59.7,52.8,69.1,51.0
713,2014,61.2,57.1,75.2,41.0
713,2015,59.7,53.9,71.7,45.0
713,2016,58.5,54.2,65.0,51.9
713,2017,53.2,49.0,63.6,39.5
713,2018,53.5,53.0,59.7,43.1
713,2019,65.7,70.7,73.3,46.1
713,2020,63.2,64.2,72.1,45.9
713,2021,54.7,55.8,64.8,35.3
713,2022,62.0,62.5,69.9,47.2
713,2023,61.9,63.7,68.8,47.2
713,2024,62.4,64.0,72.8,41.7
713,2025,59.3,69.3,66.1,34.9
714,2012,49.8,54.7,67.8,10.6
714,2013,52.8,60.8,65.2,14.4
714,2014,52.9,57.1,57.5,35.4
714,2015,56.2,64.8,64.3,22.4
714,2016,52.6,59.0,68.5,12.7
714,2017,49.1,52.9,66.1,14.3
714,2018,47.0,51.2,60.9,15.5
715,2012,28.5,27.8,49.9,4.2
715,2013,25.1,23.3,47.4,1.6
715,2014,28.9,29.0,48.7,4.9
715,2015,32.6,31.4,59.3,2.6
715,2016,32.4,33.3,58.0,0.1
715,2017,28.8,31.9,44.8,4.0
715,2018,29.6,31.5,47.5,4.7
715,2019,34.8,46.1,46.8,0.0
715,2020,33.7,41.9,49.5,0.0
716,2012,43.4,39.0,35.4,62.5
716,2013,44.6,34.7,39.9,66.0
716,2014,41.6,35.4,38.0,56.0
716,2015,38.4,35.8,34.2,48.7
716,2016,42.4,33.0,41.9,56.4
716,2017,40.4,29.0,36.2,63.2
716,2018,42.9,36.8,38.2,58.8
716,2019,43.9,39.1,42.9,52.1
716,2020,49.4,44.6,48.2,57.9
716,2021,51.9,48.8,49.3,60.5
716,2022,52.0,42.1,50.4,68.6
716,2023,55.5,50.2,56.9,60.6
716,2024,54.9,54.0,52.0,60.7
716,2025,59.4,64.7,54.3,60.2
717,2012,50.7,35.7,75.1,56.3
717,2013,53.6,37.8,73.9,64.7
717,2014,55.6,43.9,65.2,69.6
717,2015,53.6,41.8,68.3,62.3
717,2016,53.7,36.2,83.6,58.9
717,2017,50.7,36.4,72.4,57.7
717,2018,56.0,41.6,81.2,59.8
717,2019,58.0,44.0,90.8,53.4
717,2020,61.8,51.7,87.2,56.6
717,2021,64.2,60.2,70.7,65.9
717,2022,56.0,52.2,59.0,60.7
717,2023,58.3,58.6,52.6,63.4
717,2024,57.5,52.6,62.3,62.5
717,2025,56.9,46.2,74.3,60.9
718,2012,61.3,71.4,46.4,61.0
718,2013,60.9,73.9,41.6,60.5
718,2014,61.9,73.2,45.5,61.3
718,2015,58.2,66.0,42.9,62.5
718,2016,56.1,60.3,41.5,66.1
718,2017,54.5,49.6,44.5,75.3
718,2018,56.8,60.7,38.8,71.5
718,2019,64.2,72.2,50.8,65.8
718,2020,67.4,73.4,62.2,62.9
718,2021,70.4,75.2,61.9,72.0
718,2022,70.2,75.8,65.3,65.9
718,2023,69.6,84.1,58.4,56.8
718,2024,61.3,72.5,53.5,50.5
718,2025,62.4,72.5,51.2,57.6
719,2012,59.9,64.8,46.6,72.8
719,2013,64.5,70.4,57.3,68.3
719,2014,64.9,68.9,58.3,69.7
719,2015,68.6,79.1,55.0,76.4
719,2016,62.6,76.1,46.3,70.9
719,2017,64.8,72.8,49.3,77.4
719,2018,63.5,70.1,49.1,76.1
719,2019,67.8,74.3,44.9,92.0
719,2020,70.7,73.2,50.1,95.7
719,2021,60.3,61.2,42.5,83.1
719,2022,66.1,65.8,47.6,91.0
719,2023,64.3,60.9,54.4,80.8
719,2024,66.0,63.4,56.9,80.9
719,2025,63.1,64.1,58.3,68.5
720,2012,50.3,37.0,77.7,49.4
720,2013,52.7,42.0,69.0,57.7
720,2014,53.5,34.4,73.6,71.7
720,2015,53.6,37.4,68.3,71.2
720,2016,58.7,47.6,72.9,66.8
720,2017,56.8,47.6,70.1,61.7
720,2018,54.1,47.4,61.6,60.0
720,2019,54.5,47.7,70.2,52.4
720,2020,50.2,40.5,67.3,52.5
720,2021,46.5,34.5,69.3,47.6
720,2022,50.8,39.1,64.7,60.2
720,2023,51.6,42.3,59.0,62.6
720,2024,56.6,45.4,66.4,69.4
720,2025,58.8,46.9,77.3,64.0
721,2012,43.6,35.0,65.3,38.9
721,2013,40.1,35.4,49.1,40.5
721,2014,42.0,32.2,53.6,50.2
721,2015,47.0,34.4,61.6,57.4
721,2016,47.7,36.4,72.5,45.4
721,2017,44.8,28.8,76.4,45.0
721,2018,44.4,29.8,72.9,45.1
721,2019,34.5,20.8,58.9,37.5
721,2020,41.1,22.2,75.0,44.9
721,2021,48.1,34.7,73.9,49.1
721,2022,46.4,32.5,71.9,48.7
721,2023,46.1,30.5,70.8,52.5
721,2024,44.2,29.4,62.8,55.2
721,2025,47.1,25.6,70.9,66.2
722,2012,58.3,61.4,32.4,78.0
722,2013,67.8,75.2,36.3,84.7
722,2014,61.5,65.8,31.3,83.1
722,2015,62.6,68.4,38.9,74.7
722,2016,56.2,60.7,37.6,65.6
722,2017,60.0,64.1,29.9,81.7
722,2018,64.4,72.6,31.8,80.6
722,2019,66.1,75.1,41.7,72.5
722,2020,64.6,65.7,44.3,82.6
722,2021,68.0,72.1,46.3,81.3
722,2022,79.0,83.8,54.4,94.2
722,2023,73.5,79.4,47.1,88.2
722,2024,74.5,87.2,33.2,90.5
722,2025,68.8,71.7,33.1,98.6
723,2012,68.5,51.0,79.0,70.6
723,2013,64.5,49.7,65.4,80.8
723,2014,70.7,54.2,77.6,78.1
723,2015,76.6,67.2,80.9,80.1
723,2016,71.9,56.7,81.7,72.6
723,2017,64.7,44.2,74.8,71.3
723,2018,71.3,57.9,80.2,71.5
723,2019,76.7,61.3,85.4,79.6
724,2012,45.2,49.7,52.8,38.8
724,2013,56.6,62.8,69.3,46.6
724,2014,53.8,65.3,63.6,43.3
724,2015,51.2,57.5,62.5,41.8
724,2016,43.7,48.8,58.6,32.8
724,2017,47.6,55.8,56.9,38.7
724,2018,47.4,57.7,58.7,36.5
724,2019,42.5,55.7,53.6,30.6
724,2020,40.3,55.6,60.8,21.9
724,2021,41.1,59.4,62.6,20.9
724,2022,46.9,53.1,68.7,31.4
724,2023,50.1,64.4,76.4,28.5
724,2024,52.0,59.5,77.2,33.9
724,2025,50.8,65.5,66.2,35.7
725,2012,41.6,16.1,41.8,71.9
725,2013,43.1,25.5,38.9,71.6
725,2014,47.8,34.4,43.6,71.4
725,2015,49.2,37.9,46.4,67.8
725,2016,45.2,32.5,42.7,65.0
725,2017,38.3,27.2,32.3,62.6
725,2018,46.9,28.5,43.6,75.1
725,2019,48.5,20.3,48.4,82.7
725,2020,53.1,31.3,50.9,83.3
725,2021,50.4,41.2,42.2,76.3
725,2022,50.8,34.2,50.1,71.9
725,2023,46.4,32.4,39.2,76.3
725,2024,50.5,35.2,47.9,73.5
725,2025,41.6,32.8,35.6,62.9
726,2012,56.8,63.6,64.6,49.3
726,2013,58.5,70.6,65.7,49.3
726,2014,60.3,68.5,69.4,51.6
726,2015,58.9,63.9,67.0,52.1
726,2016,62.0,62.0,74.2,54.6
726,2017,65.7,67.7,76.6,58.3
726,2018,66.3,64.2,74.1,62.5
726,2019,66.4,63.0,76.6,61.7
726,2020,64.2,52.5,71.3,64.7
726,2021,59.1,54.4,63.7,58.2
726,2022,66.0,67.5,63.3,67.1
726,2023,69.7,72.4,64.1,71.9
726,2024,72.9,76.1,74.0,71.0
726,2025,75.7,88.2,79.1,68.7
727,2012,52.4,57.8,52.8,49.9
727,2013,50.8,45.5,49.9,53.4
727,2014,42.0,38.5,46.5,40.8
727,2015,47.2,55.1,38.9,49.0
727,2016,50.1,56.2,49.3,48.1
727,2017,44.5,53.2,48.1,38.9
727,2018,49.7,52.4,52.9,46.6
727,2019,56.4,50.3,62.6,55.1
727,2020,56.8,50.7,60.4,57.1
727,2021,60.3,56.7,55.8,64.4
727,2022,58.5,58.0,53.2,61.9
727,2023,54.8,64.0,50.8,53.6
727,2024,58.4,63.7,56.0,57.8
727,2025,53.2,57.1,46.1,56.0
728,2012,62.3,63.7,61.6,61.6
728,2013,62.9,63.8,64.6,58.9
728,2014,57.4,59.5,59.6,50.8
728,2015,58.2,60.4,62.1,49.0
728,2016,60.8,66.4,59.6,54.8
728,2017,58.1,68.5,48.9,58.2
728,2018,57.9,67.9,47.4,60.8
728,2019,53.1,62.0,35.0,69.5
729,2012,60.3,56.9,41.0,86.5
729,2013,63.0,65.3,38.6,83.0
729,2014,57.4,57.3,34.2,80.8
729,2015,58.6,59.4,36.7,78.9
729,2016,59.2,58.7,37.4,82.1
729,2017,59.8,59.4,41.5,78.7
729,2018,62.2,61.2,43.8,82.6
729,2019,60.7,55.5,51.8,80.1
729,2020,64.0,63.2,50.2,79.2
729,2021,62.6,54.3,53.0,88.7
729,2022,60.0,59.1,44.6,77.2
729,2023,62.8,64.8,44.0,77.8
729,2024,67.8,73.2,40.3,84.6
729,2025,72.0,79.7,46.2,82.4
730,2012,49.7,58.7,43.7,36.2
730,2013,48.4,55.5,39.8,43.4
730,2014,49.8,57.7,38.2,47.6
730,2015,47.4,54.3,32.0,53.1
730,2016,45.4,50.0,36.2,47.9
730,2017,47.1,47.1,42.3,54.3
730,2018,56.0,56.9,54.1,56.8
730,2019,51.6,45.0,63.4,50.4
730,2020,56.0,59.4,53.3,51.6
730,2021,62.9,68.1,60.1,54.1
730,2022,57.3,59.9,56.6,51.9
730,2023,58.9,71.1,47.5,45.5
730,2024,55.5,64.0,40.4,56.9
730,2025,57.2,60.6,48.3,62.2
731,2012,48.3,40.2,42.8,54.8
731,2013,52.3,48.0,38.1,62.5
731,2014,53.3,51.3,42.2,60.7
731,2015,55.1,65.2,46.8,56.1
731,2016,50.0,53.7,50.7,48.0
731,2017,56.3,55.2,54.5,57.8
731,2018,53.8,53.6,54.4,53.6
731,2019,53.8,53.2,53.4,54.2
731,2020,53.1,49.3,51.2,55.7
731,2021,54.2,44.9,42.9,64.6
731,2022,52.2,49.8,36.7,62.4
731,2023,51.1,48.7,36.3,60.9
731,2024,53.8,44.3,40.3,65.8
731,2025,48.8,50.4,40.5,53.2
732,2012,49.0,58.0,49.8,45.0
732,2013,52.2,54.2,55.6,49.4
732,2014,45.9,38.6,49.2,46.8
732,2015,48.0,45.4,47.3,49.4
732,2016,44.3,55.9,48.8,36.9
732,2017,49.2,60.3,58.4,39.2
732,2018,47.2,60.5,60.2,34.0
732,2019,46.2,59.8,64.6,29.8
732,2020,45.0,51.3,60.0,33.5
732,2021,46.2,56.9,51.8,38.6
732,2022,42.2,57.0,44.7,34.7
732,2023,44.4,50.1,56.3,35.0
732,2024,50.7,55.2,62.6,41.7
732,2025,48.3,56.7,54.0,41.6
733,2012,34.2,33.5,42.8,27.2
733,2013,35.0,29.9,42.3,37.8
733,2014,40.7,33.9,45.7,49.4
733,2015,41.2,35.9,47.0,45.9
733,2016,42.1,42.6,35.6,47.4
733,2017,37.3,36.9,38.1,37.2
733,2018,37.0,34.1,43.4,36.2
733,2019,35.6,31.8,50.6,28.3
733,2020,35.2,26.1,57.7,30.8
733,2021,35.3,31.5,48.6,29.5
733,2022,40.4,33.9,57.2,36.6
733,2023,39.6,30.1,58.5,39.6
733,2024,41.0,36.9,51.6,38.5
733,2025,46.3,41.5,59.4,42.8
734,2012,47.9,55.7,40.6,52.3
734,2013,31.3,36.5,24.0,37.9
734,2014,40.9,48.4,29.7,51.6
734,2015,47.1,64.4,35.2,50.4
734,2016,53.9,63.8,44.7,59.3
734,2017,49.3,71.0,36.0,51.3
734,2018,49.4,57.1,41.8,54.5
734,2019,43.8,54.0,27.8,59.4
734,2020,59.6,78.7,45.1,65.5
734,2021,59.0,76.0,48.3,61.0
734,2022,62.9,85.3,55.6,55.3
734,2023,59.5,84.7,46.8,57.7
734,2024,58.2,74.2,42.7,68.0
734,2025,47.8,58.1,39.2,52.1
735,2012,31.7,36.5,15.4,48.6
735,2013,42.5,32.6,32.9,65.1
735,2014,45.0,47.9,30.2,61.9
735,2015,42.9,33.8,31.3,67.4
735,2016,48.1,33.7,48.8,61.7
735,2017,39.6,28.3,33.3,59.2
735,2018,42.6,36.1,30.6,65.2
735,2019,33.1,25.3,21.7,56.0
735,2020,33.7,33.8,23.3,47.6
735,2021,22.7,27.2,11.5,33.0
735,2022,31.4,28.7,20.5,48.6
735,2023,27.4,22.5,13.3,51.1
735,2024,30.9,21.2,27.1,45.6
735,2025,39.5,40.0,30.6,51.0
736,2012,48.5,46.1,48.6,52.6
736,2013,56.9,61.7,50.9,55.6
736,2014,62.4,63.7,64.6,57.5
736,2015,53.9,57.9,50.7,50.7
736,2016,49.3,44.2,49.7,57.9
736,2017,50.5,41.7,51.8,64.9
736,2018,52.3,48.5,50.6,61.3
736,2019,51.1,48.7,49.1,57.7
736,2020,64.3,59.3,68.1,68.7
736,2021,51.2,48.5,58.1,47.7
736,2022,61.9,57.5,70.2,59.9
736,2023,68.4,64.8,80.5,60.4
736,2024,65.1,62.4,70.5,63.5
736,2025,62.4,58.0,67.4,64.4
737,2012,84.0,78.2,82.6,94.3
737,2013,80.2,81.2,75.1,86.9
737,2014,85.6,78.0,87.1,93.7
737,2015,89.9,79.6,94.7,96.5
737,2016,84.9,75.7,84.6,98.3
737,2017,75.8,71.4,73.0,86.3
737,2018,77.5,76.3,71.2,89.2
737,2019,84.5,91.0,77.1,87.3
737,2020,85.4,89.1,82.2,85.2
737,2021,82.7,88.5,78.4,81.4
737,2022,73.8,89.9,60.2,73.0
737,2023,73.4,89.2,54.6,81.5
737,2024,74.0,80.1,62.6,83.5
737,2025,85.3,100.0,70.4,88.6
738,2012,54.2,52.9,35.7,85.4
738,2013,54.1,55.3,29.0,88.9
738,2014,59.2,59.0,32.4,100.0
738,2015,57.6,50.9,41.3,98.8
738,2016,60.4,56.0,41.2,100.0
738,2017,56.1,52.7,38.3,91.3
738,2018,56.6,51.2,48.0,82.8
738,2019,61.1,62.7,40.7,87.7
738,2020,64.4,67.8,43.4,87.3
738,2021,54.2,55.1,34.2,81.8
738,2022,51.1,48.5,32.9,84.9
738,2023,53.8,53.9,32.6,85.1
738,2024,55.0,54.0,30.4,94.4
738,2025,57.8,59.3,33.8,89.8
739,2012,41.6,56.5,18.0,39.7
739,2013,47.6,71.7,16.6,33.6
739,2014,50.8,73.9,18.5,41.5
739,2015,44.4,60.5,20.2,40.7
739,2016,48.8,70.0,21.5,36.6
739,2017,41.5,60.7,18.5,28.1
739,2018,46.2,69.3,16.1,33.6
740,2012,53.6,64.1,39.3,47.0
740,2013,57.0,67.7,43.4,49.1
740,2014,51.2,58.7,40.5,47.1
740,2015,57.0,67.1,40.1,53.9
740,2016,54.2,62.1,36.4,56.0
740,2017,60.7,68.6,43.6,62.1
740,2018,57.2,66.7,47.6,48.0
740,2019,60.4,74.4,50.7,42.3
740,2020,55.9,64.8,50.0,44.0
740,2021,55.4,60.4,51.2,49.4
740,2022,58.4,62.4,55.7,52.9
740,2023,52.7,58.4,46.3,47.8
741,2012,64.0,78.6,54.5,58.6
741,2013,65.4,87.1,48.1,62.9
741,2014,65.1,79.8,54.0,62.2
741,2015,65.2,82.7,54.8,57.3
741,2016,65.1,77.5,53.8,65.7
741,2017,59.0,64.6,46.9,70.6
741,2018,53.2,56.9,40.1,69.0
741,2019,60.8,66.1,48.3,73.5
741,2020,66.5,71.5,61.0,68.2
741,2021,63.0,68.7,60.1,59.5
741,2022,69.4,78.4,64.0,65.6
741,2023,77.2,86.3,73.6,70.3
741,2024,74.6,84.7,72.0,64.6
741,2025,68.3,74.4,66.1,63.1
742,2012,63.1,74.1,51.7,66.1
742,2013,63.3,69.0,49.6,77.3
742,2014,60.4,68.6,48.1,68.5
742,2015,61.8,67.3,57.0,61.6
742,2016,61.5,68.0,61.2,52.8
742,2017,63.4,76.9,57.9,53.2
742,2018,69.6,81.0,69.4,53.9
742,2019,70.6,89.9,58.8,62.6
742,2020,67.8,81.3,62.1,58.1
742,2021,74.9,84.0,75.2,61.5
742,2022,72.5,83.9,61.0,75.0
742,2023,75.5,94.5,62.4,69.8
742,2024,74.0,96.3,68.2,52.2
742,2025,73.8,94.3,65.0,59.3
743,2012,52.8,67.6,35.9,40.2
743,2013,48.0,58.0,33.1,42.8
743,2014,44.9,54.7,30.9,39.3
743,2015,40.8,48.8,33.8,31.7
744,2012,63.6,53.2,82.0,42.9
744,2013,61.9,61.3,70.0,47.9
744,2014,61.5,55.6,73.8,46.3
744,2015,57.2,56.3,73.3,29.1
745,2012,37.5,62.4,34.3,16.8
745,2013,41.1,57.9,38.8,27.3
745,2014,45.9,62.5,46.0,29.3
745,2015,46.9,66.5,46.4,28.0
745,2016,43.5,75.1,42.7,13.1
745,2017,45.7,70.5,46.9,19.2
745,2018,47.4,75.2,53.3,11.7
745,2019,42.8,66.2,51.6,7.7
745,2020,52.5,78.4,60.7,15.6
745,2021,50.5,85.3,46.7,20.8
745,2022,46.9,67.6,52.7,18.6
745,2023,45.2,53.2,57.2,21.3
745,2024,42.4,64.0,47.5,13.9
745,2025,47.3,60.8,55.9,22.5
746,2012,53.4,51.3,62.2,40.1
746,2013,53.4,62.8,61.9,27.0
746,2014,55.7,54.7,70.6,29.9
746,2015,48.6,48.8,63.8,21.2
746,2016,50.4,46.3,70.7,18.7
746,2017,49.7,46.6,65.3,25.4
746,2018,54.4,62.9,62.0,30.4
746,2019,53.6,58.3,63.2,30.6
746,2020,56.1,55.6,64.9,41.0
746,2021,57.8,56.4,68.3,40.5
746,2022,62.1,60.7,69.4,50.5
747,2012,54.6,52.3,67.9,40.3
747,2013,54.6,54.8,62.7,41.8
747,2014,54.2,48.6,71.9,41.7
747,2015,46.2,36.8,62.9,44.6
747,2016,50.7,46.1,65.1,40.4
747,2017,48.6,31.1,75.9,51.4
747,2018,52.4,44.9,68.4,47.4
747,2019,46.4,34.9,67.4,43.4
747,2020,49.5,43.5,68.7,35.6
747,2021,54.8,50.5,72.8,38.4
747,2022,56.1,48.9,79.4,39.3
747,2023,62.7,56.7,82.1,48.5
747,2024,61.7,58.1,81.2,41.3
747,2025,63.0,54.5,85.3,51.0
748,2012,51.0,66.7,39.3,53.3
748,2013,47.4,60.4,32.1,59.5
748,2014,48.8,62.5,34.2,58.7
748,2015,45.3,71.2,22.9,54.4
748,2016,46.7,69.8,26.2,55.7
748,2017,53.0,74.9,35.6,57.9
748,2018,48.8,64.2,33.2,58.3
748,2019,50.4,69.8,29.1,65.5
748,2020,47.3,64.4,29.4,59.2
748,2021,47.3,64.4,31.1,56.1
748,2022,48.7,50.7,40.1,61.9
748,2023,49.9,52.1,38.4,68.0
748,2024,55.7,58.9,44.7,71.6
749,2012,42.0,21.9,71.1,48.5
749,2013,23.7,1.7,54.9,32.0
749,2014,25.5,2.0,61.6,30.2
749,2015,38.0,21.1,71.3,30.4
749,2016,37.0,15.6,74.0,35.0
749,2017,31.3,5.2,71.6,36.0
749,2018,29.9,0.6,64.2,51.9
749,2019,29.5,3.8,59.0,49.3
749,2020,27.2,8.4,48.1,42.9
749,2021,32.6,16.7,48.7,48.3
749,2022,37.4,23.7,44.7,60.6
749,2023,36.9,20.5,50.0,58.3
749,2024,42.5,31.5,49.0,60.1
749,2025,39.4,28.3,46.7,56.2
750,2012,51.9,34.6,66.4,46.6
750,2013,48.1,31.5,57.8,50.7
750,2014,50.6,32.9,64.5,46.8
750,2015,49.7,33.5,66.0,39.7
750,2016,49.7,25.5,69.8,42.7
750,2017,52.8,32.3,74.9,37.7
750,2018,54.7,35.0,76.3,39.3
750,2019,59.9,50.4,77.1,40.3
750,2020,55.1,45.5,71.8,36.6
750,2021,54.7,36.7,78.6,33.3
750,2022,51.1,29.3,73.7,36.6
750,2023,52.4,30.4,72.8,42.1
750,2024,52.5,21.3,80.9,38.8
750,2025,49.7,26.1,73.2,35.6
751,2012,57.9,55.5,70.3,45.1
751,2013,59.5,53.1,73.1,55.3
751,2014,65.8,56.6,79.4,68.3
752,2012,47.1,44.7,40.2,63.4
752,2013,42.0,37.4,43.5,51.1
752,2014,45.8,38.2,49.0,59.8
752,2015,48.3,43.7,50.2,56.8
752,2016,48.2,45.3,43.7,62.0
752,2017,46.1,36.9,51.1,61.6
752,2018,43.8,35.5,45.5,62.2
752,2019,46.4,39.5,49.7,58.5
752,2020,50.3,51.4,42.4,59.3
752,2021,57.3,60.7,41.6,72.5
752,2022,60.7,64.6,48.0,69.9
752,2023,58.2,59.4,42.0,79.5
752,2024,56.5,60.2,39.9,72.1
752,2025,55.1,56.1,41.1,73.8
753,2012,53.2,76.3,43.3,43.4
753,2013,55.3,77.8,44.5,47.9
753,2014,59.8,80.8,53.3,46.3
753,2015,60.7,82.5,51.3,51.3
753,2016,54.2,81.4,39.0,48.8
754,2012,72.2,77.6,67.2,66.3
754,2013,69.0,78.0,57.4,64.1
754,2014,68.4,77.0,55.3,66.6
754,2015,67.6,71.8,54.7,76.2
754,2016,71.4,77.8,60.3,71.8
754,2017,73.9,81.2,62.6,72.6
754,2018,72.3,72.5,71.7,72.7
754,2019,70.4,71.5,60.9,82.1
754,2020,70.4,69.1,63.7,83.6
755,2012,65.8,51.7,69.1,72.5
755,2013,65.0,53.6,67.3,71.1
755,2014,63.7,43.8,72.9,66.4
755,2015,70.5,61.3,71.5,76.6
755,2016,63.0,48.2,64.2,73.5
755,2017,67.6,51.1,65.6,84.2
755,2018,72.3,60.4,72.6,81.9
755,2019,76.2,56.3,84.0,81.0
755,2020,72.8,66.5,77.4,71.3
755,2021,68.5,57.8,75.8,66.6
755,2022,71.6,64.3,74.7,73.0
755,2023,69.9,50.2,73.8,80.4
755,2024,71.4,52.9,77.3,78.0
755,2025,65.6,56.9,69.3,67.2
756,2012,22.1,21.5,7.8,41.8
756,2013,22.9,32.6,8.4,32.6
756,2014,21.2,34.4,0.7,35.5
756,2015,18.8,21.6,5.7,33.6
756,2016,21.6,20.0,13.7,33.9
756,2017,24.1,20.0,12.7,43.4
756,2018,27.9,31.5,16.0,40.2
756,2019,28.0,30.4,21.2,34.6
756,2020,27.9,23.5,20.4,42.2
756,2021,29.8,27.0,18.2,48.1
757,2012,43.9,51.7,23.9,53.8
757,2013,46.5,52.2,31.0,54.7
757,2014,37.4,46.5,17.0,45.5
757,2015,47.9,57.2,33.3,48.8
757,2016,46.4,59.5,27.7,45.2
757,2017,53.5,72.8,28.9,48.1
757,2018,53.0,68.5,23.8,60.3
757,2019,55.1,65.7,30.8,65.1
757,2020,51.8,59.6,31.2,62.3
757,2021,52.7,58.1,37.8,60.9
757,2022,53.7,55.4,40.8,66.1
757,2023,53.1,63.1,35.7,56.0
757,2024,52.9,62.3,33.7,58.9
757,2025,52.3,71.3,27.7,47.8
758,2012,49.7,49.7,49.0,51.0
758,2013,46.8,48.8,49.8,39.2
758,2014,43.5,51.3,46.7,27.6
759,2012,59.2,49.9,56.6,71.8
759,2013,54.7,48.6,55.7,59.4
759,2014,53.6,39.6,58.2,61.3
759,2015,51.8,35.0,62.7,53.9
759,2016,50.5,40.9,54.8,54.4
759,2017,50.9,39.9,53.4,58.5
759,2018,50.7,41.5,56.7,51.9
759,2019,47.9,28.9,58.5,52.7
759,2020,54.8,43.9,64.1,53.4
759,2021,62.0,61.7,64.3,59.4
759,2022,60.4,54.9,65.0,59.9
759,2023,65.9,55.5,77.6,60.6
759,2024,61.6,52.4,68.1,62.0
759,2025,62.5,55.5,66.0,64.8
760,2012,40.4,43.9,23.0,67.6
760,2013,40.4,52.8,23.2,56.3
760,2014,36.1,47.2,23.3,46.0
760,2015,33.6,35.4,20.3,55.4
760,2016,34.1,41.2,26.0,40.1
760,2017,39.7,42.6,36.9,41.1
760,2018,36.1,45.3,21.7,51.1
760,2019,35.6,52.0,12.7,57.0
760,2020,37.9,54.7,18.1,53.3
760,2021,37.2,60.2,13.0,53.3
761,2012,36.9,39.1,38.3,31.0
761,2013,38.2,42.6,39.0,28.4
761,2014,42.3,56.5,27.2,29.0
761,2015,36.4,40.9,37.1,26.5
761,2016,37.9,44.6,37.5,24.9
761,2017,41.2,45.5,45.6,28.4
761,2018,38.7,46.1,32.1,30.6
761,2019,44.0,54.0,28.7,39.2
761,2020,43.2,50.1,28.1,44.5
761,2021,43.5,51.1,32.5,39.2
761,2022,45.4,55.2,31.4,39.8
761,2023,45.9,56.2,33.5,37.8
761,2024,50.1,66.0,26.0,42.3
761,2025,49.2,64.1,24.1,44.5
762,2012,48.0,49.9,45.2,46.8
762,2013,47.7,53.6,37.8,45.8
762,2014,57.4,68.7,46.6,45.7
762,2015,60.6,75.7,49.5,41.4
762,2016,58.6,70.2,47.3,46.9
762,2017,60.2,73.0,44.4,50.5
762,2018,57.6,70.9,39.5,49.1
762,2019,61.3,73.7,40.8,56.9
762,2020,51.0,61.9,38.0,42.0
762,2021,49.5,57.9,38.9,43.2
762,2022,47.0,58.2,40.5,31.1
762,2023,48.3,60.9,43.8,27.5
762,2024,48.8,64.5,41.6,24.7
762,2025,51.0,69.6,30.1,34.6
763,2012,57.6,81.7,23.1,43.7
763,2013,57.6,76.6,24.3,52.9
763,2014,62.3,81.7,42.8,43.0
763,2015,55.1,79.7,28.8,32.3
763,2016,61.7,88.6,31.1,38.6
763,2017,61.8,84.2,33.5,45.5
763,2018,62.0,85.0,31.5,46.6
763,2019,54.4,78.4,21.0,39.8
763,2020,57.9,84.0,24.7,38.9
763,2021,52.8,77.2,19.9,36.7
763,2022,66.1,94.2,27.2,48.8
763,2023,61.4,84.9,23.4,52.5
763,2024,52.2,74.8,14.0,45.0
763,2025,54.1,69.2,22.0,56.0
764,2012,65.5,79.8,57.6,65.3
764,2013,69.1,78.2,63.6,69.8
764,2014,62.7,80.3,58.8,53.9
764,2015,63.4,76.2,61.4,55.6
764,2016,62.3,82.2,56.7,54.1
764,2017,59.1,81.8,47.5,57.6
764,2018,57.4,79.8,47.8,53.2
764,2019,60.0,75.5,54.5,55.3
764,2020,65.2,85.0,52.8,67.2
764,2021,50.8,70.3,45.1,43.0
764,2022,56.2,75.8,54.4,42.7
764,2023,55.3,68.4,54.2,45.9
764,2024,62.3,81.9,55.0,56.9
764,2025,62.0,80.1,56.8,54.7
765,2012,71.0,79.0,55.3,70.5
765,2013,65.8,66.1,56.8,74.1
765,2014,66.2,66.9,55.7,75.2
765,2015,57.3,60.1,49.5,59.5
765,2016,56.0,67.5,33.1,55.8
765,2017,58.5,67.8,36.7,61.6
765,2018,68.5,77.4,53.5,65.6
765,2019,65.3,69.4,50.9,71.6
765,2020,65.2,70.2,47.8,72.7
765,2021,70.6,73.6,58.5,76.5
765,2022,73.7,80.2,54.4,80.1
765,2023,76.7,88.5,56.4,73.3
765,2024,75.6,81.9,69.9,68.7
765,2025,72.2,82.6,60.8,62.6
766,2012,33.2,24.6,34.3,38.6
766,2013,34.3,26.6,31.0,45.8
766,2014,25.2,19.5,23.4,32.7
766,2015,34.1,21.6,33.0,46.3
766,2016,32.9,20.0,34.1,41.8
766,2017,33.6,19.0,39.2,37.2
766,2018,32.6,21.5,34.4,39.2
766,2019,28.4,23.3,31.8,27.4
766,2020,36.1,23.6,45.8,32.1
766,2021,38.0,22.3,42.5,44.3
766,2022,40.5,30.6,49.0,36.0
766,2023,43.0,24.9,49.7,48.1
766,2024,45.9,22.4,52.9,54.9
766,2025,47.8,26.1,53.9,56.7
767,2012,66.5,58.0,77.2,61.2
767,2013,60.8,38.5,84.4,54.2
767,2014,61.6,35.9,89.7,52.8
767,2015,66.9,42.4,92.5,60.3
767,2016,67.6,52.8,90.1,52.2
767,2017,63.8,52.3,82.4,50.3
767,2018,61.8,56.3,72.7,52.2
767,2019,67.4,47.1,85.9,66.3
767,2020,82.0,63.0,100.0,79.9
767,2021,71.5,50.6,92.4,67.2
767,2022,72.8,56.5,90.0,68.3
767,2023,66.5,45.5,86.9,63.2
767,2024,69.8,67.6,81.7,54.0
767,2025,71.5,69.9,76.4,65.9
768,2012,50.8,53.8,28.1,72.7
768,2013,46.6,43.7,29.9,71.9
768,2014,42.3,38.9,31.4,61.5
768,2015,46.4,43.0,34.7,66.5
768,2016,45.8,44.6,36.5,59.2
768,2017,49.5,56.7,29.2,61.0
768,2018,55.7,55.6,49.2,63.8
768,2019,50.6,45.6,45.0,66.3
768,2020,56.7,54.8,45.0,74.3
768,2021,52.6,54.0,35.0,71.4
768,2022,57.8,60.1,38.2,77.3
768,2023,59.7,65.9,38.4,74.0
768,2024,66.1,75.7,38.8,81.4
768,2025,60.1,69.4,33.7,75.2
769,2012,62.9,64.3,54.9,68.2
769,2013,63.4,65.1,48.0,75.5
769,2014,62.2,64.1,43.5,77.0
769,2015,59.4,56.4,39.6,85.0
769,2016,62.8,57.5,43.3,93.0
769,2017,67.8,69.4,45.5,87.1
769,2018,68.6,75.6,42.6,80.5
769,2019,68.3,73.9,44.6,80.8
769,2020,69.8,74.5,46.4,83.9
769,2021,68.3,69.8,54.5,79.2
769,2022,73.2,81.9,42.8,86.4
769,2023,73.4,82.1,46.0,83.4
769,2024,69.7,79.7,47.3,72.1
769,2025,72.4,80.6,53.5,74.9
770,2012,56.0,61.4,49.4,54.4
770,2013,61.5,61.6,61.7,61.0
770,2014,59.7,53.3,70.2,58.5
771,2012,76.4,79.5,76.7,69.9
771,2013,72.9,76.6,67.4,70.9
771,2014,74.1,74.0,69.5,78.8
771,2015,73.9,72.1,79.8,71.5
771,2016,83.9,84.2,89.0,78.2
771,2017,85.7,84.3,92.9,81.2
771,2018,79.6,80.3,86.9,70.7
771,2019,82.0,78.0,93.7,78.4
771,2020,85.8,78.6,95.6,90.5
771,2021,77.9,73.3,88.4,76.5
771,2022,67.8,63.0,73.1,72.3
771,2023,63.6,61.0,65.9,66.3
771,2024,69.3,69.7,68.9,68.8
771,2025,70.0,71.2,75.5,62.2
772,2012,62.1,65.3,43.9,81.4
772,2013,59.7,64.1,37.5,81.8
772,2014,60.5,66.6,37.2,80.4
772,2015,62.5,70.0,37.4,81.6
772,2016,65.4,72.9,39.8,85.0
772,2017,67.1,71.6,43.9,90.8
772,2018,75.8,85.3,43.9,100.0
772,2019,73.5,75.5,52.5,100.0
772,2020,67.6,67.5,55.7,85.6
772,2021,67.0,69.0,58.5,74.7
772,2022,69.0,73.7,53.9,80.0
772,2023,71.0,83.1,48.4,74.8
772,2024,68.9,78.7,46.8,77.6
772,2025,74.0,87.1,49.3,78.5
773,2012,45.8,30.2,60.6,62.1
773,2013,51.6,40.9,60.2,64.5
773,2014,52.5,39.6,63.4,67.4
773,2015,53.3,42.2,71.5,57.4
773,2016,54.3,43.1,69.0,62.0
773,2017,59.6,46.3,74.0,71.6
773,2018,66.4,57.1,71.6,79.7
773,2019,62.0,56.5,62.0,72.8
774,2012,38.3,33.0,46.7,32.2
774,2013,39.9,35.3,49.4,31.3
774,2014,41.1,47.5,46.9,22.8
774,2015,43.6,45.7,51.6,27.7
774,2016,47.4,50.5,51.5,36.7
774,2017,51.2,58.2,53.6,37.7
774,2018,46.7,52.5,45.1,41.3
774,2019,44.3,54.7,45.7,27.6
774,2020,43.0,50.5,45.8,28.0
774,2021,43.5,52.1,45.3,28.4
774,2022,41.3,53.9,45.9,16.2
774,2023,38.0,47.8,40.7,20.0
774,2024,42.8,51.3,48.3,22.3
774,2025,44.8,54.2,48.4,25.8
775,2012,69.0,71.8,64.1,70.0
775,2013,66.5,73.1,64.0,57.8
775,2014,71.4,82.4,61.7,63.1
775,2015,68.2,72.1,57.7,73.8
775,2016,68.4,64.6,66.9,77.1
775,2017,59.6,52.6,57.3,75.1
775,2018,61.9,57.8,55.6,77.0
775,2019,62.7,59.0,58.9,73.9
775,2020,64.2,65.0,57.6,70.5
775,2021,60.6,59.4,49.8,75.7
775,2022,57.4,55.4,49.8,70.3
775,2023,54.4,53.3,44.6,68.3
776,2012,69.6,68.5,78.6,58.8
776,2013,67.9,67.0,81.7,49.2
776,2014,64.8,63.4,82.6,41.6
776,2015,64.3,68.7,69.8,45.2
776,2016,55.8,53.5,64.6,48.3
776,2017,56.1,47.6,71.8,53.9
776,2018,59.5,50.2,78.9,53.8
776,2019,58.5,49.2,74.4,57.8
776,2020,59.8,51.0,84.8,44.3
776,2021,61.8,53.4,88.8,42.5
776,2022,68.3,72.2,81.6,38.6
776,2023,61.4,67.9,67.9,35.2
776,2024,66.9,70.9,71.7,49.9
777,2012,52.5,67.4,46.6,32.9
777,2013,55.7,64.8,57.4,37.3
777,2014,51.9,56.0,57.2,38.1
777,2015,57.6,68.5,62.9,31.5
777,2016,52.1,66.2,48.6,30.9
777,2017,54.4,56.9,51.8,53.1
777,2018,57.3,61.9,52.8,54.3
777,2019,53.2,52.4,59.6,46.9
777,2020,51.8,47.0,65.3,44.1
777,2021,54.5,50.7,63.7,50.2
777,2022,55.6,52.2,61.6,54.7
777,2023,52.6,45.1,66.6,49.5
777,2024,48.6,43.7,61.0,42.5
778,2012,60.1,74.8,59.3,31.6
778,2013,61.9,72.8,70.8,31.2
778,2014,60.4,76.5,63.2,25.5
778,2015,66.8,80.6,80.6,25.4
778,2016,62.3,76.1,67.2,29.7
778,2017,60.8,73.1,67.5,29.3
778,2018,58.0,70.8,51.0,39.5
778,2019,44.0,54.7,50.0,16.5
778,2020,52.3,61.2,60.1,26.7
778,2021,50.4,65.4,47.9,23.0
778,2022,53.8,71.4,54.3,17.9
778,2023,64.6,78.3,71.7,30.2
778,2024,53.4,67.3,54.3,24.5
778,2025,59.4,74.7,64.9,23.3
779,2012,53.2,61.6,60.1,35.7
779,2013,54.5,64.3,58.6,39.3
779,2014,56.4,62.6,63.5,40.9
779,2015,51.4,52.5,54.4,46.2
779,2016,49.7,48.4,46.6,55.1
779,2017,48.0,47.3,49.3,47.1
779,2018,42.5,43.2,40.6,44.4
779,2019,50.0,49.1,55.1,44.2
779,2020,56.6,50.3,69.2,46.2
779,2021,55.2,51.4,62.6,49.1
779,2022,56.3,49.4,68.0,47.7
779,2023,66.0,67.3,78.4,48.2
779,2024,66.3,66.5,77.4,51.3
779,2025,65.7,61.6,74.3,58.4
780,2012,43.1,51.6,40.8,41.0
780,2013,45.4,52.9,47.0,41.4
780,2014,40.5,58.7,51.7,26.5
780,2015,42.2,66.8,48.3,28.6
780,2016,41.0,61.7,51.6,26.3
780,2017,49.2,52.9,56.2,43.5
780,2018,49.2,47.2,59.4,43.8
780,2019,53.6,56.6,58.6,49.5
780,2020,55.2,62.2,70.4,43.3
780,2021,56.6,71.8,64.8,45.7
781,2012,36.6,25.9,48.7,45.9
781,2013,44.1,34.5,48.5,58.8
781,2014,45.8,30.2,54.5,68.2
781,2015,42.8,31.3,49.3,59.4
781,2016,46.7,37.4,44.9,67.1
781,2017,50.2,36.0,57.8,70.9
781,2018,47.4,30.1,56.1,73.2
781,2019,37.7,15.5,61.2,58.7
781,2020,36.2,18.9,51.4,55.8
781,2021,44.5,28.2,58.9,62.8
781,2022,50.9,35.3,65.8,67.3
781,2023,47.8,35.5,54.0,66.2
782,2012,33.6,68.8,20.0,16.7
782,2013,23.8,62.2,4.3,11.5
782,2014,22.5,63.7,0.0,11.3
782,2015,29.2,67.5,9.3,17.3
782,2016,35.0,69.8,19.6,20.7
782,2017,35.9,70.3,20.6,21.8
782,2018,41.1,77.7,26.7,23.7
782,2019,35.3,73.7,17.2,21.0
782,2020,32.4,71.4,16.9,13.9
782,2021,36.0,79.9,16.3,18.2
782,2022,34.9,72.4,17.4,20.7
782,2023,34.6,78.4,12.4,20.3
782,2024,35.9,87.6,10.5,18.0
782,2025,36.0,87.0,6.5,24.4
783,2012,65.6,57.5,62.3,78.1
783,2013,65.5,57.4,64.6,74.9
783,2014,54.1,52.9,45.9,66.1
783,2015,57.3,62.1,43.2,71.3
783,2016,69.3,73.1,58.3,80.2
783,2017,74.7,72.6,67.1,86.9
783,2018,66.1,67.8,59.8,72.9
783,2019,54.9,51.5,52.0,62.3
783,2020,58.2,54.4,54.9,66.5
783,2021,55.0,50.2,57.1,57.1
783,2022,69.8,57.4,77.2,72.2
783,2023,63.1,45.1,62.9,81.5
783,2024,62.1,55.2,55.4,77.8
783,2025,73.6,58.4,74.2,88.1
784,2012,52.7,67.7,43.6,51.0
784,2013,50.7,69.2,46.1,36.9
784,2014,48.4,67.3,46.3,29.3
784,2015,45.9,66.6,42.9,26.4
784,2016,45.3,74.2,38.4,23.0
784,2017,44.8,72.6,35.3,28.5
784,2018,48.7,70.2,41.2,36.2
784,2019,47.0,70.0,38.5,34.6
784,2020,50.6,73.4,39.1,44.1
784,2021,51.1,72.0,41.0,44.3
784,2022,47.1,66.3,40.5,36.0
784,2023,50.9,61.9,49.6,40.1
784,2024,50.5,66.5,46.4,38.5
784,2025,50.2,70.4,46.7,32.4
785,2012,39.3,39.9,46.2,28.4
785,2013,41.9,32.4,46.9,42.2
785,2014,39.0,37.4,40.5,38.1
785,2015,34.1,35.4,40.1,24.1
785,2016,40.6,39.7,46.4,32.5
785,2017,43.2,43.5,49.2,34.0
785,2018,42.9,40.6,48.8,36.1
785,2019,41.1,40.5,42.8,38.9
785,2020,43.6,40.8,47.5,40.1
785,2021,41.6,37.4,53.4,27.5
785,2022,39.9,34.9,44.6,36.9
785,2023,33.2,36.9,29.7,35.2
785,2024,37.0,37.9,40.1,31.6
785,2025,39.9,51.9,40.5,28.9
786,2012,57.3,68.8,65.7,25.9
786,2013,53.0,67.2,58.2,19.2
786,2014,56.4,71.0,63.1,20.6
786,2015,50.8,64.1,62.4,12.8
786,2016,41.0,56.5,39.8,11.1
786,2017,40.5,54.9,42.1,10.1
786,2018,33.8,42.6,50.0,0.0
786,2019,42.4,55.9,53.1,4.8
786,2020,58.7,79.8,65.4,9.8
786,2021,57.0,77.9,67.4,5.0
786,2022,55.7,71.1,66.5,14.2
786,2023,51.3,66.9,61.8,9.7
786,2024,48.7,67.1,56.9,3.7
786,2025,53.4,70.0,61.6,12.0
787,2012,65.5,76.8,56.3,50.9
787,2013,66.0,75.0,63.9,46.6
787,2014,73.4,83.3,77.6,42.4
787,2015,69.5,75.3,77.1,43.6
787,2016,70.8,74.8,75.2,54.0
787,2017,69.8,72.6,78.9,49.3
787,2018,62.3,68.2,62.9,46.8
787,2019,60.3,67.8,58.2,44.6
787,2020,61.9,71.5,54.8,48.6
787,2021,68.0,89.3,58.2,29.7
787,2022,77.0,91.5,71.0,49.7
787,2023,73.2,80.0,75.8,52.5
787,2024,78.1,81.1,79.2,68.8
787,2025,76.4,72.2,87.3,70.5
788,2012,57.2,17.2,60.3,71.3
788,2013,58.0,20.4,59.6,72.0
788,2014,61.5,23.3,61.8,76.6
788,2015,63.4,24.1,62.5,79.6
788,2016,65.1,31.1,48.7,88.5
788,2017,60.5,26.2,50.5,80.3
788,2018,56.7,21.2,53.1,73.1
788,2019,56.1,12.9,54.3,74.5
788,2020,63.7,31.8,61.2,77.9
788,2021,51.2,18.1,46.4,67.3
788,2022,53.5,23.8,35.2,76.4
788,2023,49.2,16.4,41.7,66.9
788,2024,58.2,18.1,46.3,81.3
788,2025,66.1,36.5,56.2,83.9
789,2012,52.3,55.5,48.9,49.4
789,2013,48.1,51.8,38.7,50.2
789,2014,55.1,60.2,48.9,51.0
789,2015,61.2,62.7,66.8,52.4
789,2016,61.7,60.1,69.9,56.6
789,2017,50.0,49.3,51.0,50.5
789,2018,45.0,42.5,50.4,44.4
789,2019,38.2,33.1,50.5,36.0
789,2020,51.3,48.4,52.1,56.4
789,2021,39.5,35.5,37.4,49.7
789,2022,43.7,32.4,52.3,57.7
789,2023,44.6,40.8,56.0,40.7
789,2024,40.0,30.9,57.6,40.8
790,2012,43.8,25.2,52.2,72.5
790,2013,50.0,33.6,48.9,83.7
790,2014,48.2,38.0,49.1,67.9
790,2015,40.8,25.5,50.6,61.8
790,2016,46.0,32.9,46.5,71.6
790,2017,58.6,49.2,58.4,77.6
790,2018,56.2,44.2,55.9,80.4
790,2019,51.6,45.2,50.0,66.0
790,2020,51.0,44.0,50.7,65.3
790,2021,53.0,42.3,61.1,66.4
790,2022,53.2,47.3,53.4,64.8
790,2023,57.0,45.9,56.7,79.4
790,2024,54.1,33.5,69.4,80.1
790,2025,53.4,40.3,54.5,78.4
791,2012,49.8,77.7,3.0,40.9
791,2013,46.3,76.4,2.1,30.2
791,2014,51.2,80.3,17.4,26.7
791,2015,50.9,81.9,16.8,22.8
791,2016,51.7,83.0,10.2,30.5
791,2017,52.6,81.4,11.7,36.1
791,2018,55.2,88.3,11.8,32.6
791,2019,51.8,82.2,13.2,29.4
791,2020,54.4,80.7,17.6,38.6
791,2021,52.0,73.3,15.8,45.7
791,2022,50.3,73.4,13.8,40.4
791,2023,51.6,72.0,17.9,44.5
791,2024,52.4,71.5,17.1,49.7
792,2012,46.4,34.5,58.4,44.0
792,2013,56.1,44.0,67.6,54.6
793,2012,52.7,43.9,58.2,51.9
793,2013,54.5,50.7,53.3,59.5
793,2014,56.2,44.0,59.0,62.2
793,2015,52.7,42.2,56.3,56.2
793,2016,53.7,56.5,50.1,56.9
793,2017,52.8,47.1,53.7,56.3
793,2018,51.7,42.9,59.2,47.7
793,2019,55.4,51.7,57.2,55.9
793,2020,62.6,61.9,60.7,66.2
793,2021,63.4,60.9,62.2,67.3
793,2022,58.5,61.9,56.6,58.5
793,2023,58.7,58.1,55.3,64.4
793,2024,61.1,55.4,57.7,70.9
793,2025,61.6,60.2,62.1,62.0
794,2012,48.2,40.9,65.9,30.0
794,2013,55.2,61.1,62.1,35.8
794,2014,46.2,58.4,43.0,34.1
794,2015,46.5,50.6,49.2,36.5
794,2016,49.6,48.3,59.0,36.2
794,2017,49.4,42.2,62.0,39.4
794,2018,47.4,42.7,55.5,41.1
794,2019,39.3,36.3,45.9,33.1
794,2020,43.7,44.7,52.1,29.0
794,2021,48.0,44.7,57.2,37.7
794,2022,47.4,41.0,60.8,34.9
794,2023,44.2,35.2,57.9,34.8
794,2024,50.3,45.8,63.6,35.3
794,2025,49.0,37.2,65.9,38.6
795,2012,37.9,48.9,18.5,41.3
795,2013,40.4,53.3,15.8,46.9
795,2014,37.8,58.7,7.3,36.6
795,2015,36.9,55.2,9.5,36.9
795,2016,38.9,47.2,27.8,37.3
795,2017,40.6,54.2,26.1,33.6
795,2018,44.1,63.2,19.3,39.4
795,2019,42.6,64.8,13.8,37.4
795,2020,49.8,67.5,23.7,49.2
795,2021,55.2,72.1,26.1,59.8
795,2022,64.9,84.3,36.2,64.3
795,2023,63.2,81.8,38.9,58.8
795,2024,56.6,70.7,31.3,61.5
795,2025,53.8,65.0,32.4,59.2
796,2012,36.9,28.2,49.5,32.8
796,2013,26.9,28.8,48.4,13.2
796,2014,35.0,37.9,56.0,21.3
796,2015,45.5,44.7,48.0,44.4
796,2016,36.0,33.1,39.8,34.8
796,2017,34.9,35.5,34.3,35.0
796,2018,31.5,21.1,47.5,26.1
796,2019,27.1,17.3,45.6,19.9
796,2020,38.6,29.5,54.0,33.0
796,2021,42.2,37.9,57.3,34.9
796,2022,46.7,33.4,62.5,42.5
796,2023,51.3,44.5,64.9,45.8
796,2024,47.9,43.3,65.2,39.3
797,2012,51.0,74.5,11.0,43.8
797,2013,53.3,70.9,19.3,51.9
797,2014,61.2,80.6,26.9,56.6
797,2015,61.6,75.9,36.5,58.1
797,2016,54.2,80.7,15.9,39.5
797,2017,62.8,79.2,33.5,59.2
797,2018,82.1,100.0,54.9,73.5
797,2019,72.0,89.5,46.0,63.2
797,2020,75.4,95.5,48.6,61.9
797,2021,65.5,94.3,32.1,41.2
797,2022,64.2,90.7,29.2,46.2
797,2023,76.4,99.8,43.4,62.7
798,2012,52.2,62.9,59.8,43.4
798,2013,49.2,65.2,68.0,31.6
798,2014,47.2,64.0,61.6,31.8
798,2015,50.7,68.5,60.4,37.7
798,2016,53.7,70.4,60.0,43.3
799,2012,85.6,89.2,99.6,64.5
799,2013,74.6,76.5,97.2,48.3
799,2014,82.0,88.6,97.2,53.5
799,2015,77.1,83.7,83.4,57.7
800,2012,57.7,50.6,54.8,72.1
800,2013,60.6,51.8,54.4,82.7
800,2014,55.9,41.0,53.1,81.3
800,2015,59.0,42.9,60.4,79.2
800,2016,61.5,44.6,64.5,80.2
800,2017,63.1,49.0,64.6,80.4
800,2018,63.2,45.4,62.6,89.2
800,2019,66.1,61.0,61.7,80.2
800,2020,64.2,56.7,66.8,70.5
800,2021,62.2,54.2,63.5,71.5
800,2022,60.0,52.8,62.7,65.7
800,2023,55.7,45.6,56.7,68.1
800,2024,52.8,41.4,55.1,65.1
800,2025,61.6,52.9,64.0,69.9
801,2012,61.3,44.4,64.8,73.4
801,2013,59.4,41.6,56.9,80.5
801,2014,61.7,40.0,67.8,75.3
801,2015,62.5,37.5,69.1,78.6
801,2016,71.5,41.7,78.2,92.5
801,2017,70.1,46.6,75.9,85.9
801,2018,71.9,53.5,70.0,93.0
801,2019,58.6,38.6,60.8,75.6
801,2020,63.1,34.5,67.7,85.7
801,2021,66.3,49.9,66.4,82.6
801,2022,75.8,60.6,70.7,97.7
801,2023,72.5,61.5,64.0,94.8
801,2024,66.0,54.1,61.9,83.3
801,2025,70.3,69.2,64.1,79.7
802,2012,72.2,88.7,46.4,69.5
802,2013,66.4,78.2,41.6,74.2
802,2014,65.7,73.6,44.4,78.1
802,2015,66.6,70.6,54.7,74.4
802,2016,65.6,76.4,45.7,68.4
802,2017,61.8,75.4,28.3,78.2
802,2018,65.6,77.2,36.1,80.7
802,2019,54.9,62.5,39.3,59.4
802,2020,57.9,62.2,50.4,58.6
802,2021,59.7,64.6,59.2,48.0
802,2022,68.1,78.5,53.4,64.3
802,2023,57.3,67.0,39.2,60.3
802,2024,61.6,73.9,42.0,60.2
802,2025,65.2,73.6,46.5,72.3
803,2012,54.4,57.1,39.2,70.3
803,2013,53.8,50.0,44.8,76.6
803,2014,50.5,51.1,36.1,70.4
803,2015,58.3,57.4,46.0,79.0
803,2016,52.4,53.2,43.9,63.0
803,2017,52.8,59.0,39.8,56.7
803,2018,54.6,63.7,38.5,55.8
803,2019,58.1,61.6,52.2,58.4
803,2020,60.0,65.9,45.6,67.1
803,2021,66.1,71.8,52.2,72.9
803,2022,67.3,77.6,46.0,73.7
804,2012,58.5,60.3,50.0,66.8
804,2013,62.2,68.3,47.6,68.8
804,2014,65.6,65.0,48.5,93.0
804,2015,64.5,64.8,47.7,89.1
804,2016,60.6,58.7,49.2,82.4
804,2017,63.0,57.3,58.0,84.8
804,2018,63.7,62.6,58.7,74.0
804,2019,61.2,63.4,56.1,63.3
804,2020,56.7,58.7,53.7,56.0
804,2021,50.6,47.3,54.4,53.3
804,2022,49.2,49.3,51.2,46.0
804,2023,60.6,65.1,53.2,60.4
804,2024,63.8,72.3,49.2,64.5
804,2025,64.5,70.6,50.7,69.8
805,2012,55.9,71.0,41.5,65.0
805,2013,59.8,78.7,46.3,64.2
805,2014,64.1,79.8,46.3,77.8
805,2015,62.6,78.2,44.2,77.1
805,2016,63.1,76.2,50.6,71.0
805,2017,68.5,88.4,58.4,67.1
805,2018,68.3,88.6,52.3,75.4
805,2019,62.8,74.7,48.2,74.9
805,2020,65.3,77.9,50.7,76.6
805,2021,67.0,87.2,51.1,73.9
805,2022,68.2,77.1,56.9,77.7
805,2023,72.6,73.1,67.5,79.8
805,2024,73.8,81.9,69.7,73.2
805,2025,73.2,79.4,69.2,73.9
806,2012,50.7,25.2,48.6,84.9
806,2013,48.1,18.9,46.5,86.0
806,2014,45.4,13.0,44.9,85.0
806,2015,41.5,10.3,43.4,75.5
806,2016,43.3,20.2,39.6,77.8
807,2012,62.4,62.7,65.2,58.5
807,2013,56.9,55.7,64.0,50.4
807,2014,56.8,55.8,64.4,49.3
807,2015,59.6,57.2,69.5,51.9
807,2016,65.7,59.3,79.1,61.1
807,2017,64.2,53.0,81.7,63.5
807,2018,62.9,51.3,80.3,63.0
807,2019,56.3,47.4,66.2,60.3
807,2020,62.8,52.4,78.5,62.7
807,2021,56.8,48.3,68.9,57.4
807,2022,52.2,43.0,61.2,57.8
807,2023,48.7,51.9,49.6,42.0
807,2024,51.2,51.7,51.6,49.7
807,2025,50.8,49.8,53.6,49.3
808,2012,69.0,81.7,71.1,41.3
808,2013,62.6,73.1,67.5,36.9
808,2014,55.2,64.8,54.8,36.3
808,2015,55.8,71.9,53.4,25.9
808,2016,60.0,76.2,54.5,33.0
808,2017,57.8,68.4,63.5,31.1
808,2018,63.1,72.9,81.0,25.7
808,2019,58.0,65.1,79.4,22.4
808,2020,58.1,61.4,82.4,27.1
809,2012,40.4,34.5,49.8,41.3
809,2013,39.4,38.5,35.0,48.1
809,2014,36.6,37.0,41.1,28.7
809,2015,39.5,39.7,45.2,30.5
809,2016,42.0,39.3,47.5,40.3
809,2017,43.4,42.2,48.6,38.6
809,2018,37.4,35.1,47.1,28.4
810,2012,45.9,52.4,37.1,50.7
810,2013,50.0,59.1,35.8,60.1
810,2014,50.5,65.1,36.3,52.7
810,2015,55.3,79.4,35.7,52.8
810,2016,49.6,70.2,35.1,44.0
810,2017,43.8,59.7,29.2,45.1
810,2018,44.2,51.7,32.2,53.0
811,2012,53.0,69.0,58.7,15.4
811,2013,50.3,71.9,49.4,8.1
811,2014,49.1,64.8,54.3,12.6
811,2015,49.0,61.4,60.2,12.9
811,2016,51.3,65.9,59.6,13.9
811,2017,56.2,68.5,67.1,20.5
811,2018,55.3,69.2,63.3,19.6
811,2019,55.4,72.8,65.2,10.9
811,2020,54.7,68.2,67.3,15.1
811,2021,59.9,70.0,83.0,16.5
811,2022,63.3,82.1,78.6,10.3
811,2023,64.1,76.7,81.2,21.6
811,2024,65.8,82.5,76.7,21.4
811,2025,62.4,71.8,78.8,27.0
812,2012,38.0,31.8,33.1,54.2
812,2013,35.4,35.8,28.4,47.6
812,2014,38.9,36.0,33.8,51.4
812,2015,43.4,44.9,33.0,60.4
812,2016,41.9,52.0,27.2,56.3
812,2017,48.0,46.9,41.1,61.7
812,2018,49.0,53.9,35.8,66.8
812,2019,47.2,45.9,39.1,63.3
812,2020,49.2,44.4,43.5,65.2
812,2021,52.4,47.0,50.0,63.2
812,2022,55.9,47.3,51.7,73.7
812,2023,45.9,39.7,47.9,49.7
812,2024,43.0,34.7,44.8,49.9
812,2025,49.9,51.7,48.5,50.3
813,2012,36.5,32.3,38.6,37.0
813,2013,36.0,38.1,33.9,37.3
813,2014,37.5,35.6,45.2,27.6
813,2015,36.4,37.7,39.0,31.4
813,2016,40.7,48.9,41.9,32.2
813,2017,45.3,40.5,47.5,46.1
813,2018,43.8,42.8,46.8,40.2
813,2019,40.2,43.8,38.1,40.3
813,2020,41.8,44.2,42.7,38.6
813,2021,41.4,44.7,51.2,24.0
813,2022,46.4,53.3,54.3,28.9
813,2023,45.9,48.6,56.0,28.4
813,2024,48.0,45.7,59.1,33.1
814,2012,34.9,21.5,45.7,50.9
814,2013,37.4,27.9,40.6,53.4
814,2014,38.0,30.7,45.9,44.7
814,2015,39.2,29.9,48.2,48.8
814,2016,39.2,23.0,62.1,48.7
814,2017,43.4,24.0,71.7,54.0
814,2018,45.3,29.3,63.5,59.2
814,2019,49.5,31.9,67.1,67.0
814,2020,49.7,37.2,61.2,63.3
814,2021,48.6,34.5,66.8,58.5
814,2022,52.4,45.5,60.0,58.8
814,2023,52.7,44.0,65.0,57.8
815,2012,46.4,55.9,36.7,37.2
815,2013,54.1,68.1,33.2,46.9
815,2014,59.5,75.4,35.0,52.1
815,2015,58.2,70.5,39.8,52.1
815,2016,56.9,73.0,32.7,49.0
815,2017,53.0,68.5,26.6,48.2
815,2018,54.9,67.8,38.5,45.4
815,2019,49.3,59.7,33.0,44.8
815,2020,64.6,80.8,44.8,51.8
815,2021,65.2,71.1,53.4,65.2
815,2022,55.4,64.2,49.8,43.5
815,2023,60.7,70.0,53.2,49.6
815,2024,62.7,77.7,51.1,44.4
815,2025,63.9,82.1,34.4,56.9
816,2012,59.2,53.4,70.7,59.1
816,2013,58.0,48.6,74.0,60.6
816,2014,55.6,50.6,70.0,51.2
816,2015,52.0,45.8,64.1,52.4
816,2016,44.2,39.1,50.6,48.1
816,2017,37.1,27.0,49.7,44.6
816,2018,36.1,24.5,53.8,41.5
816,2019,36.0,29.8,47.1,37.3
816,2020,43.7,37.2,52.7,47.8
816,2021,41.3,26.2,55.3,57.7
816,2022,40.1,24.7,56.8,54.2
817,2012,64.4,65.9,62.5,66.0
817,2013,59.3,66.9,51.4,64.7
817,2014,58.7,70.0,51.1,60.7
817,2015,60.1,79.2,50.0,59.5
817,2016,57.7,66.6,54.2,55.5
817,2017,66.2,78.3,64.7,58.2
817,2018,77.3,81.6,83.2,64.9
817,2019,73.7,76.7,79.5,62.5
817,2020,74.0,78.6,77.0,65.6
817,2021,71.7,78.5,72.5,64.7
817,2022,71.2,75.3,69.5,70.2
817,2023,65.9,71.4,64.2,63.9
817,2024,57.2,67.3,52.9,55.1
817,2025,58.0,61.0,51.8,64.8
818,2012,70.1,78.4,63.8,59.6
818,2013,71.7,80.3,62.0,64.1
818,2014,72.0,82.7,65.1,57.3
818,2015,66.5,73.8,62.7,55.8
818,2016,68.9,81.5,60.0,52.7
818,2017,66.7,80.2,58.8,47.7
818,2018,70.1,82.8,65.7,49.0
818,2019,74.2,86.6,77.4,46.1
818,2020,74.7,85.1,75.0,53.5
818,2021,77.8,81.4,81.6,66.9
818,2022,74.9,75.5,86.9,61.7
818,2023,74.9,81.3,72.6,64.3
818,2024,74.6,81.8,70.1,64.9
818,2025,75.0,78.3,79.8,63.5
819,2012,55.5,53.0,53.5,62.4
819,2013,52.9,48.0,54.8,59.3
819,2014,58.4,56.0,44.1,80.0
819,2015,60.8,62.6,46.7,74.4
819,2016,56.9,58.9,43.9,68.8
819,2017,56.1,60.5,43.3,63.4
819,2018,54.9,54.7,44.2,68.0
819,2019,57.6,54.6,55.0,66.2
819,2020,58.4,45.4,62.8,76.7
819,2021,54.0,46.0,60.2,61.0
819,2022,59.5,54.6,68.0,58.2
819,2023,57.8,54.9,59.9,60.5
819,2024,60.8,58.8,66.4,57.7
820,2012,68.3,70.4,89.5,37.8
820,2013,66.8,65.6,86.5,41.6
820,2014,67.9,67.0,85.4,45.3
820,2015,60.8,74.8,73.8,29.5
820,2016,63.6,67.2,77.9,41.1
820,2017,66.8,66.2,84.6,43.5
820,2018,62.1,68.3,82.0,29.5
820,2019,61.3,69.9,77.5,31.0
820,2020,61.7,66.3,78.2,35.1
820,2021,63.0,73.3,77.6,33.1
820,2022,56.5,63.0,69.8,32.2
820,2023,58.6,68.6,71.4,31.7
820,2024,64.8,71.4,79.9,38.2
820,2025,63.9,76.9,77.5,32.9
821,2012,44.6,37.7,62.3,35.8
821,2013,46.4,39.6,66.2,34.9
821,2014,51.6,39.5,74.8,45.7
821,2015,58.8,48.4,76.6,56.1
821,2016,55.8,49.0,69.4,51.7
821,2017,55.3,49.8,73.7,43.2
821,2018,57.3,47.7,82.3,44.5
821,2019,64.2,60.1,86.8,44.4
821,2020,55.7,49.2,80.8,37.4
821,2021,56.5,43.8,88.9,40.6
821,2022,55.2,42.6,87.8,38.9
821,2023,48.8,29.3,81.5,44.7
821,2024,49.8,40.2,71.4,41.3
821,2025,48.9,40.5,62.9,47.2
822,2012,61.2,60.2,55.8,71.3
822,2013,62.7,71.1,49.5,72.2
822,2014,64.3,74.1,53.4,68.0
822,2015,66.9,74.1,55.5,75.2
822,2016,68.0,72.2,58.6,77.3
822,2017,70.5,71.9,66.3,75.3
822,2018,68.2,81.3,56.7,68.2
823,2012,69.5,51.0,98.1,59.8
823,2013,66.8,52.0,85.4,61.6
823,2014,62.6,60.4,90.9,46.6
823,2015,62.7,57.4,90.1,48.4
823,2016,68.1,62.3,100.0,51.2
823,2017,71.6,60.0,100.0,59.3
823,2018,68.5,66.1,99.8,50.7
823,2019,66.5,61.4,86.4,56.6
823,2020,68.0,68.0,85.7,57.3
823,2021,75.4,68.3,93.1,67.7
823,2022,80.5,71.1,97.7,73.9
823,2023,79.6,73.6,96.1,72.1
823,2024,66.9,62.8,95.7,51.3
823,2025,62.4,48.4,91.5,50.5
824,2012,48.0,50.0,51.4,40.7
824,2013,50.4,53.0,50.0,45.5
824,2014,49.2,52.9,50.7,40.2
824,2015,53.8,59.3,52.8,43.9
824,2016,56.8,58.2,65.4,45.6
824,2017,53.9,51.8,67.6,44.3
824,2018,52.8,48.3,61.6,52.8
824,2019,56.5,56.1,57.7,56.0
824,2020,55.2,56.0,51.2,57.4
824,2021,49.0,47.8,39.2,61.0
824,2022,53.4,56.2,45.0,56.0
824,2023,53.8,54.3,48.2,58.4
824,2024,51.3,52.3,53.1,47.6
824,2025,45.5,45.5,45.5,45.4
825,2012,71.4,91.3,65.6,30.4
825,2013,66.6,80.0,70.3,27.4
825,2014,66.7,78.6,68.1,35.1
825,2015,64.7,71.6,74.6,32.6
825,2016,61.2,69.0,68.6,30.4
825,2017,57.3,67.7,63.6,21.8
825,2018,59.7,72.6,64.5,20.2
825,2019,62.9,79.8,67.7,13.3
825,2020,67.7,91.6,68.8,6.4
825,2021,67.1,90.5,61.0,18.0
825,2022,61.4,82.8,61.9,7.2
825,2023,68.6,89.0,67.5,19.1
825,2024,65.9,83.5,70.1,15.7
825,2025,71.9,95.8,64.7,23.0
826,2012,44.7,56.0,62.2,29.7
826,2013,45.9,42.6,70.1,32.7
826,2014,54.3,48.2,74.0,44.9
826,2015,53.8,51.8,67.3,46.6
826,2016,52.6,54.2,67.1,43.2
826,2017,57.0,54.9,66.1,52.4
826,2018,47.0,50.5,59.6,38.0
826,2019,51.9,57.6,61.2,44.1
826,2020,53.8,59.9,62.0,46.5
826,2021,52.0,58.2,53.1,48.9
826,2022,60.8,61.8,59.2,61.4
826,2023,55.4,65.2,63.8,46.4
827,2012,63.2,62.9,56.4,67.3
827,2013,61.6,57.7,59.8,64.2
827,2014,65.9,58.4,68.0,67.6
827,2015,69.1,58.8,70.3,72.4
827,2016,74.1,67.8,69.0,79.6
827,2017,68.7,63.9,69.1,70.4
827,2018,56.8,68.7,60.2,50.0
827,2019,59.0,77.7,56.4,53.1
827,2020,61.0,79.0,48.3,61.4
827,2021,65.8,71.6,62.2,65.6
827,2022,72.8,76.3,72.3,71.6
827,2023,69.8,78.5,65.2,69.0
827,2024,61.3,76.6,43.9,65.7
827,2025,68.2,74.6,56.0,72.9
828,2012,54.1,58.2,38.8,61.2
828,2013,55.8,64.5,36.7,57.4
828,2014,52.9,59.9,36.3,55.4
828,2015,48.1,52.9,37.1,49.6
828,2016,50.6,54.1,38.7,55.5
828,2017,52.4,55.1,42.8,56.8
828,2018,55.5,62.0,45.1,52.9
828,2019,58.0,68.3,41.9,53.3
828,2020,55.3,67.2,38.7,47.9
828,2021,60.4,66.9,45.9,61.7
828,2022,56.2,62.0,45.8,54.8
828,2023,52.0,60.7,39.7,46.7
828,2024,55.4,69.0,41.2,42.2
828,2025,63.2,73.1,51.5,54.9
829,2012,42.8,43.6,59.0,32.8
829,2013,36.7,39.3,55.4,24.4
829,2014,38.2,42.1,60.5,23.3
829,2015,44.6,62.2,68.2,23.3
829,2016,45.3,54.9,70.2,26.6
829,2017,41.8,54.6,64.3,23.2
829,2018,39.4,48.1,62.0,22.3
829,2019,47.7,48.4,64.5,37.3
829,2020,49.0,63.0,57.4,38.3
829,2021,59.4,63.8,69.6,51.6
829,2022,62.0,72.0,70.0,53.1
829,2023,52.8,68.7,50.2,47.9
829,2024,47.2,67.8,43.8,41.1
829,2025,48.8,67.4,42.7,45.0
830,2012,62.0,61.3,63.2,62.0
830,2013,59.5,54.6,67.7,61.0
830,2014,57.6,53.5,59.7,63.8
830,2015,54.7,59.1,47.8,52.7
830,2016,57.9,62.3,42.2,64.7
830,2017,55.6,57.1,47.9,60.4
830,2018,54.7,54.7,55.4,53.9
830,2019,47.9,51.8,56.1,31.9
830,2020,54.1,56.2,59.8,44.2
831,2012,55.3,61.7,37.0,73.2
831,2013,53.9,50.6,45.4,68.5
831,2014,56.0,63.1,41.5,68.2
831,2015,54.9,60.7,43.0,64.9
831,2016,56.5,70.3,43.7,59.8
831,2017,60.1,65.8,49.6,68.5
831,2018,54.8,52.9,47.9,65.9
831,2019,60.3,52.8,52.7,78.0
831,2020,63.6,52.0,63.6,75.3
831,2021,64.5,57.1,59.3,78.9
831,2022,56.2,53.3,53.2,63.0
831,2023,56.8,67.6,47.7,58.2
831,2024,61.2,64.7,51.5,70.8
831,2025,53.5,59.6,38.3,67.7
832,2012,48.4,40.0,54.0,59.4
832,2013,47.6,37.3,57.2,58.4
832,2014,43.1,31.4,52.7,57.0
832,2015,46.9,37.6,46.8,65.5
832,2016,49.2,41.7,53.2,60.2
832,2017,48.0,40.9,56.7,53.7
832,2018,51.3,38.1,59.6,69.5
832,2019,53.0,46.1,57.5,62.3
832,2020,57.0,52.4,52.8,70.3
832,2021,54.6,53.5,52.5,59.1
833,2012,49.2,43.9,49.0,54.9
833,2013,47.8,46.2,40.5,59.0
833,2014,44.9,47.1,34.8,56.3
833,2015,51.0,40.9,53.8,57.2
833,2016,52.8,43.9,55.4,58.4
833,2017,52.0,47.2,53.1,55.4
833,2018,47.4,37.7,46.6,58.0
833,2019,50.5,39.7,56.0,53.9
833,2020,49.9,41.2,50.2,58.3
833,2021,46.9,41.8,48.4,50.1
833,2022,47.1,44.9,44.9,52.1
833,2023,50.3,44.2,48.1,59.3
833,2024,53.2,44.3,50.0,66.5
833,2025,57.9,49.4,51.4,74.9
834,2012,59.8,43.4,58.7,84.4
834,2013,57.7,47.5,54.3,77.3
834,2014,55.1,44.3,55.8,69.1
835,2012,56.7,68.5,23.7,71.7
835,2013,53.2,53.0,26.2,69.5
835,2014,59.1,68.6,31.8,71.6
835,2015,59.1,64.9,21.3,79.5
835,2016,58.3,57.5,38.1,70.8
835,2017,49.6,55.6,33.6,56.7
835,2018,46.5,43.8,33.0,55.6
835,2019,46.4,46.7,33.9,53.8
835,2020,58.9,60.4,31.7,74.7
835,2021,61.8,60.7,42.5,73.8
835,2022,67.1,68.1,43.7,80.7
835,2023,67.8,78.2,47.7,75.8
835,2024,55.5,65.3,33.7,64.6
835,2025,54.4,75.4,33.7,58.4
836,2012,65.1,54.1,74.2,73.9
836,2013,66.5,52.3,77.7,78.8
836,2014,63.1,56.8,66.9,69.8
836,2015,62.8,58.4,65.2,67.8
836,2016,65.6,58.9,72.5,69.5
836,2017,61.9,53.7,71.6,65.2
836,2018,60.7,53.0,65.7,68.4
836,2019,57.9,50.4,62.9,65.4
836,2020,64.4,55.3,75.4,67.5
837,2012,41.6,44.8,44.8,28.9
837,2013,45.3,46.4,53.7,30.1
837,2014,52.6,58.7,57.0,30.9
837,2015,57.5,70.1,53.5,32.1
837,2016,56.5,66.7,57.5,29.3
837,2017,54.5,63.3,56.2,29.8
837,2018,54.5,59.1,62.0,31.8
837,2019,57.0,64.9,61.0,31.2
837,2020,56.3,62.7,59.4,35.8
837,2021,51.8,55.2,59.8,31.2
837,2022,54.9,63.0,53.0,37.3
837,2023,52.8,59.8,53.7,33.8
838,2012,39.6,26.1,57.4,29.5
838,2013,32.1,17.2,54.8,16.8
838,2014,35.0,27.8,51.5,20.1
838,2015,39.0,33.2,56.5,21.6
838,2016,43.4,28.4,60.4,35.8
838,2017,43.4,25.4,60.6,38.6
838,2018,44.0,26.2,62.1,37.5
838,2019,44.8,26.5,70.1,29.5
838,2020,43.0,30.0,60.2,33.0
838,2021,45.1,37.6,62.2,29.9
838,2022,47.4,39.6,65.1,31.5
838,2023,49.3,44.0,65.7,32.6
838,2024,51.8,34.5,69.7,45.4
838,2025,49.1,39.1,70.1,31.1
839,2012,67.4,67.8,77.2,54.9
839,2013,65.2,65.9,74.5,52.7
839,2014,65.3,67.1,72.5,53.5
839,2015,68.0,73.7,71.9,52.9
839,2016,65.1,66.6,75.3,50.3
839,2017,62.0,67.3,71.5,41.0
839,2018,68.9,73.3,80.6,47.0
839,2019,63.0,62.7,76.8,47.0
839,2020,66.9,69.8,75.7,51.0
839,2021,66.9,73.7,67.8,53.6
839,2022,67.8,72.4,68.4,58.6
839,2023,70.9,83.4,66.4,53.9
839,2024,62.6,67.5,68.2,47.2
839,2025,59.8,66.5,66.3,40.0
840,2012,63.0,82.0,45.6,64.3
840,2013,66.0,90.3,40.3,73.1
840,2014,59.9,90.0,28.2,68.5
840,2015,62.6,90.7,37.0,64.4
840,2016,61.3,86.3,43.6,54.6
840,2017,58.3,91.9,34.7,48.9
840,2018,58.4,82.0,38.6,57.2
840,2019,62.6,95.6,35.5,59.9
840,2020,70.8,100.0,46.2,69.3
840,2021,64.7,93.4,44.3,57.0
840,2022,72.4,97.2,48.8,75.6
840,2023,74.6,100.0,50.8,77.0
840,2024,69.3,94.3,40.5,80.4
840,2025,62.5,79.1,40.5,74.3
841,2012,41.9,30.6,45.3,52.1
841,2013,44.8,33.8,49.8,52.1
841,2014,48.6,35.9,48.8,66.2
841,2015,38.6,21.6,40.2,59.7
841,2016,45.2,37.6,46.1,54.6
841,2017,42.4,26.0,45.5,60.3
841,2018,45.6,25.6,54.4,59.5
842,2012,46.5,67.3,38.5,36.5
842,2013,39.5,66.4,24.5,32.6
842,2014,43.5,65.9,28.1,41.7
842,2015,46.2,63.0,31.9,48.6
842,2016,42.0,63.8,18.6,51.5
842,2017,47.5,77.6,20.6,53.4
842,2018,50.8,72.9,34.2,50.8
842,2019,50.5,90.4,22.5,47.8
842,2020,55.5,91.4,32.5,50.4
842,2021,52.3,86.2,32.8,44.3
842,2022,52.1,70.4,42.5,46.7
842,2023,48.1,56.3,40.4,50.2
843,2012,41.7,51.9,46.6,17.3
843,2013,44.7,54.4,44.8,27.3
843,2014,39.8,48.9,39.7,23.6
843,2015,41.8,51.9,44.1,20.8
843,2016,39.3,43.4,45.7,24.4
843,2017,33.1,36.8,36.2,22.9
843,2018,34.5,44.4,32.8,18.9
843,2019,42.6,55.0,36.1,27.9
843,2020,46.7,66.8,42.5,15.4
843,2021,37.7,58.9,29.0,10.0
843,2022,37.9,55.1,25.9,21.2
843,2023,40.2,50.0,36.5,27.2
843,2024,44.3,53.8,38.6,33.9
843,2025,45.5,54.9,36.1,39.9
844,2012,44.2,49.5,46.1,33.6
844,2013,43.2,53.5,39.5,34.9
844,2014,45.3,42.7,45.1,49.3
844,2015,44.2,41.6,45.5,45.9
844,2016,45.3,40.3,51.8,41.8
844,2017,48.0,42.9,55.3,43.5
845,2012,47.4,45.9,50.3,45.2
845,2013,45.3,40.5,51.2,42.2
845,2014,47.3,51.5,50.6,38.8
845,2015,48.8,50.8,50.8,44.1
845,2016,51.2,48.8,51.7,52.9
845,2017,49.4,46.5,48.0,54.1
845,2018,52.3,48.4,47.6,62.6
845,2019,54.4,47.0,46.2,72.8
845,2020,51.3,51.2,49.1,54.2
845,2021,52.6,59.9,48.3,50.9
845,2022,50.5,57.0,47.1,48.6
845,2023,52.1,50.1,49.0,58.2
845,2024,55.2,59.3,49.9,58.2
845,2025,51.8,47.7,52.6,55.0
846,2012,62.1,65.0,72.5,40.0
846,2013,66.1,66.2,76.3,47.5
846,2014,68.2,70.8,81.3,41.3
846,2015,64.6,72.9,73.7,38.3
846,2016,62.4,65.2,69.3,46.5
846,2017,66.3,70.8,73.8,47.4
846,2018,62.3,69.1,68.0,44.0
846,2019,63.0,75.9,65.8,42.4
846,2020,64.1,73.0,68.5,45.6
846,2021,68.5,75.0,76.1,47.1
846,2022,69.5,72.1,78.2,50.7
847,2012,60.9,36.4,62.5,83.4
847,2013,57.8,47.6,57.9,67.9
847,2014,52.8,38.7,51.0,69.2
847,2015,56.3,38.9,54.2,76.5
847,2016,64.0,47.9,60.9,84.3
847,2017,61.6,39.0,62.8,82.7
847,2018,62.0,43.7,58.7,84.7
847,2019,65.1,39.4,62.6,94.2
847,2020,67.4,41.4,69.2,91.0
847,2021,61.4,44.3,55.8,86.0
847,2022,64.6,42.7,64.7,86.2
847,2023,67.4,55.8,62.8,85.3
847,2024,70.6,57.1,67.2,88.6
847,2025,67.0,55.5,65.7,80.2
848,2012,55.3,44.5,58.2,62.9
848,2013,52.3,39.0,54.2,64.7
848,2014,51.8,55.9,45.1,58.8
848,2015,50.8,51.9,48.7,53.2
848,2016,51.5,44.3,54.7,54.5
848,2017,47.4,41.5,51.5,46.9
848,2018,47.8,48.2,42.3,57.4
848,2019,52.1,45.9,51.4,60.9
848,2020,49.7,53.4,42.5,58.2
848,2021,52.4,57.3,45.1,59.5
848,2022,52.6,56.9,46.6,58.4
848,2023,60.4,68.9,54.2,61.3
848,2024,53.7,66.4,43.0,57.9
848,2025,54.5,55.8,46.7,67.0
849,2012,75.5,52.0,80.3,82.0
849,2013,73.4,52.1,87.6,73.4
849,2014,71.4,50.4,80.5,74.3
849,2015,69.6,54.2,89.2,63.9
849,2016,69.3,52.3,91.9,62.6
849,2017,67.1,46.5,95.1,58.6
849,2018,73.6,57.2,100.0,64.3
849,2019,66.1,42.6,95.7,57.8
849,2020,66.4,55.6,96.6,52.5
849,2021,68.8,51.3,94.5,60.4
849,2022,71.3,42.8,98.8,66.2
849,2023,69.8,39.3,88.6,70.8
849,2024,68.5,56.4,90.7,60.1
849,2025,72.8,61.2,96.5,63.3
850,2012,55.9,61.4,48.4,52.5
850,2013,60.2,65.4,59.0,50.8
850,2014,55.1,63.9,42.5,50.1
850,2015,55.2,67.3,36.2,50.2
850,2016,54.0,65.1,34.6,51.4
850,2017,57.9,70.5,39.0,51.6
850,2018,58.6,70.9,39.9,52.9
850,2019,58.4,64.9,45.4,58.2
850,2020,48.0,51.7,40.9,47.6
850,2021,46.4,49.2,41.4,45.9
850,2022,50.2,58.4,39.0,45.0
850,2023,52.0,61.6,32.8,51.8
850,2024,55.0,65.9,42.5,45.8
850,2025,55.5,69.9,32.9,49.2
851,2012,67.0,56.8,96.2,31.6
851,2013,62.4,57.9,87.2,28.9
851,2014,64.8,50.4,92.8,34.9
851,2015,63.8,51.2,83.9,44.3
851,2016,62.8,49.4,85.3,40.2
851,2017,57.9,55.8,77.7,29.8
851,2018,67.8,51.8,94.3,41.5
851,2019,68.2,57.8,99.5,29.8
851,2020,64.5,54.0,95.9,26.1
851,2021,62.0,57.3,87.7,27.5
851,2022,59.2,53.2,80.8,31.7
851,2023,51.3,50.8,68.7,25.7
851,2024,58.3,63.6,75.2,28.6
851,2025,68.3,63.4,90.2,39.4
852,2012,48.2,34.2,64.2,40.7
852,2013,47.0,29.2,62.1,44.6
853,2012,78.2,95.6,58.2,70.7
853,2013,73.3,91.9,50.2,67.5
853,2014,78.4,96.5,56.5,72.1
853,2015,76.5,95.8,46.5,77.6
853,2016,76.3,96.6,50.2,71.1
853,2017,78.1,99.7,56.4,65.2
853,2018,79.2,100.0,54.7,71.1
853,2019,77.1,94.3,54.9,72.7
853,2020,81.8,99.8,62.0,73.2
853,2021,80.0,100.0,60.9,66.9
853,2022,82.0,99.3,59.4,77.8
853,2023,79.1,97.9,59.1,69.1
853,2024,79.7,93.2,62.9,75.4
853,2025,78.1,99.5,56.4,65.8
854,2012,78.2,72.5,92.6,59.2
854,2013,82.2,73.5,100.0,60.8
854,2014,84.4,81.5,98.0,63.4
854,2015,75.7,59.6,87.1,74.4
854,2016,75.4,57.0,90.0,71.0
854,2017,77.1,65.3,84.4,78.1
854,2018,73.4,53.2,79.0,87.6
854,2019,79.2,77.4,81.1,77.9
854,2020,78.7,76.1,84.2,72.0
854,2021,77.9,72.8,88.6,64.7
854,2022,81.4,73.2,93.0,70.3
854,2023,79.4,65.7,94.9,67.9
854,2024,72.2,61.8,83.1,65.0
854,2025,76.1,70.7,86.6,63.5
855,2012,36.5,35.1,35.1,42.0
855,2013,40.3,34.3,45.7,47.2
855,2014,41.5,39.0,47.4,39.0
855,2015,46.0,44.2,45.2,51.8
855,2016,47.5,47.1,43.9,54.1
855,2017,40.8,40.9,41.0,40.0
855,2018,46.3,46.7,44.4,48.2
855,2019,46.4,44.5,48.8,47.8
855,2020,49.8,48.5,53.3,47.9
855,2021,46.8,41.2,51.2,54.3
855,2022,48.0,45.0,48.0,55.4
855,2023,47.3,39.9,49.7,62.0
855,2024,49.6,43.8,48.9,65.2
855,2025,57.9,55.7,56.8,65.1
856,2012,60.0,55.7,69.7,55.9
856,2013,61.9,58.5,70.5,57.8
856,2014,62.9,58.5,76.3,54.8
856,2015,67.0,74.5,69.8,50.1
857,2012,51.2,46.1,90.5,22.0
857,2013,53.0,46.3,89.9,29.5
857,2014,53.4,38.7,92.9,43.4
857,2015,54.4,48.0,89.9,31.8
857,2016,56.4,53.4,90.6,28.3
857,2017,57.4,55.4,85.5,33.1
857,2018,63.1,68.4,84.3,31.4
857,2019,61.3,65.7,84.6,29.1
857,2020,59.9,59.1,87.7,33.6
857,2021,57.1,49.3,87.1,42.6
857,2022,54.8,46.2,91.1,35.9
857,2023,55.1,44.3,95.8,35.9
857,2024,59.6,56.5,87.7,37.5
857,2025,57.6,53.4,88.1,35.4
858,2012,40.3,48.6,48.3,15.8
858,2013,40.8,55.0,46.9,6.2
858,2014,42.3,52.9,47.6,15.7
858,2015,41.9,51.6,44.5,19.9
858,2016,42.4,47.5,53.5,21.3
858,2017,44.2,47.7,51.8,29.5
858,2018,40.7,46.1,51.0,19.7
858,2019,41.2,51.3,38.4,23.8
858,2020,41.3,59.0,31.4,15.7
858,2021,49.9,69.9,37.6,22.2
858,2022,41.4,62.5,31.0,9.5
858,2023,37.2,48.2,37.1,15.5
858,2024,40.8,49.9,38.5,25.0
858,2025,42.1,49.0,48.6,21.9
859,2012,60.8,75.4,46.4,45.9
859,2013,65.4,93.7,37.6,36.8
859,2014,69.2,95.8,46.8,38.5
859,2015,66.3,85.5,51.8,42.3
859,2016,63.7,78.0,48.5,50.2
859,2017,58.2,69.0,41.9,52.7
859,2018,60.4,71.7,38.8,59.5
859,2019,51.9,61.7,32.7,51.4
859,2020,52.0,62.9,30.8,51.5
859,2021,47.5,56.1,26.1,51.7
859,2022,41.7,48.1,24.9,45.8
859,2023,46.5,52.5,27.3,53.7
859,2024,44.9,53.6,20.9,51.4
859,2025,48.0,49.5,29.8,63.0
860,2012,40.6,48.2,43.8,29.4
860,2013,43.5,45.3,51.3,30.4
860,2014,42.6,50.9,42.8,35.5
860,2015,47.5,54.3,53.8,32.3
860,2016,47.1,51.5,58.2,26.7
861,2012,49.5,51.7,48.8,45.1
861,2013,55.4,57.0,51.0,58.0
861,2014,55.7,61.3,49.2,51.6
861,2015,52.7,55.2,49.2,51.6
861,2016,50.0,51.9,45.4,52.2
861,2017,45.4,53.3,40.9,32.5
861,2018,47.9,57.6,38.3,37.9
861,2019,49.2,63.2,30.5,42.1
861,2020,48.2,62.0,30.4,40.4
861,2021,42.8,52.5,27.1,42.2
861,2022,47.5,57.7,32.8,44.2
861,2023,45.6,56.5,28.2,44.2
861,2024,44.1,58.8,23.2,38.8
861,2025,36.2,45.1,25.3,30.5
862,2012,55.9,52.1,63.1,56.3
862,2013,56.4,55.1,60.0,55.6
862,2014,59.5,58.5,65.4,55.7
862,2015,61.6,56.4,67.3,66.4
862,2016,61.3,51.7,80.2,61.5
862,2017,57.2,51.3,69.1,57.2
862,2018,64.4,63.7,78.7,51.5
862,2019,67.6,70.2,77.5,52.7
862,2020,65.6,66.8,76.4,52.2
862,2021,65.5,62.6,80.4,56.3
862,2022,66.9,71.6,68.1,56.4
862,2023,67.0,70.2,74.1,53.7
862,2024,61.5,60.9,72.4,51.8
862,2025,68.5,75.3,63.4,60.1
863,2012,67.8,44.9,95.2,55.9
863,2013,68.3,49.1,95.7,51.3
863,2014,66.9,50.8,90.3,51.9
863,2015,69.2,49.7,92.4,59.2
863,2016,66.5,44.4,89.5,60.8
863,2017,72.1,47.6,91.9,74.7
863,2018,74.7,40.6,100.0,81.8
863,2019,75.3,49.4,98.6,74.3
863,2020,75.9,48.6,100.0,75.4
864,2012,46.1,56.2,52.2,28.5
864,2013,50.9,52.2,62.7,32.0
864,2014,41.7,43.7,53.3,22.6
864,2015,49.7,47.0,61.4,34.3
864,2016,61.0,54.6,72.9,48.5
864,2017,54.2,53.0,69.1,33.0
865,2012,54.9,35.7,71.3,46.3
865,2013,50.7,34.0,62.9,46.4
865,2014,54.4,38.6,68.4,46.4
865,2015,55.0,53.5,56.6,54.0
865,2016,53.6,44.7,61.0,49.8
865,2017,56.5,46.7,67.6,47.9
865,2018,58.4,48.4,70.0,49.2
865,2019,54.8,48.6,64.1,46.1
865,2020,51.2,41.3,60.2,45.8
865,2021,63.4,50.2,74.7,57.4
865,2022,60.4,51.3,71.1,52.1
865,2023,55.4,39.7,68.5,48.7
865,2024,60.5,44.0,76.5,50.1
865,2025,60.4,47.0,76.4,47.7
866,2012,84.2,64.5,70.9,100.0
866,2013,84.3,73.9,65.2,100.0
866,2014,81.5,75.7,54.8,99.9
866,2015,85.9,85.1,63.6,99.6
866,2016,80.3,79.6,75.0,83.7
866,2017,78.5,71.5,80.9,79.8
866,2018,80.1,77.6,82.3,79.8
866,2019,73.6,75.6,66.4,77.1
866,2020,83.4,84.6,58.7,97.8
866,2021,81.6,91.8,56.9,92.4
866,2022,83.2,81.0,65.6,94.7
866,2023,81.2,72.8,62.8,95.7
866,2024,83.4,75.8,68.8,95.2
866,2025,87.0,72.0,75.2,100.0
867,2012,53.2,64.1,54.7,42.0
867,2013,54.7,54.2,64.4,40.6
867,2014,53.5,58.0,60.0,39.9
867,2015,60.2,60.5,66.2,50.9
867,2016,60.9,65.4,67.4,47.3
867,2017,59.1,68.7,67.5,38.4
867,2018,57.4,78.8,49.6,51.1
867,2019,63.1,70.5,56.5,66.9
867,2020,52.3,70.6,42.9,51.1
867,2021,51.6,77.2,38.6,49.7
867,2022,50.8,75.0,41.8,44.2
867,2023,59.6,77.7,54.5,52.0
867,2024,57.9,74.8,48.0,58.7
867,2025,62.6,73.3,64.3,51.1
868,2012,44.2,55.0,48.9,27.0
868,2013,42.8,56.8,41.9,30.0
868,2014,40.5,50.7,49.3,18.5
868,2015,45.2,58.1,60.3,12.3
868,2016,43.8,58.5,55.8,13.2
868,2017,40.0,53.4,49.5,13.9
868,2018,45.0,59.0,52.3,21.2
868,2019,43.7,45.0,58.6,22.5
868,2020,41.3,44.6,57.6,16.4
868,2021,43.9,46.9,57.2,23.2
868,2022,47.1,44.1,60.1,32.8
868,2023,50.9,55.0,61.3,32.9
868,2024,48.4,56.4,56.3,29.9
868,2025,49.7,46.2,58.1,42.1
869,2012,79.8,76.0,100.0,67.1
869,2013,68.7,61.4,88.6,63.4
869,2014,64.3,59.6,84.7,53.3
869,2015,68.3,70.6,90.9,41.0
869,2016,67.7,71.4,88.4,39.6
869,2017,65.7,64.3,82.8,51.3
869,2018,68.4,72.9,74.0,53.9
869,2019,70.9,76.5,70.6,59.9
869,2020,71.7,73.6,75.2,64.5
869,2021,73.5,70.6,84.3,68.5
869,2022,83.9,80.7,100.0,74.2
870,2012,50.8,36.7,49.3,67.0
870,2013,52.9,37.6,44.8,79.1
870,2014,54.0,37.6,45.4,81.8
870,2015,47.7,39.5,38.8,67.9
870,2016,52.0,43.2,40.6,76.0
870,2017,59.1,52.4,45.5,83.9
870,2018,61.1,57.4,46.1,84.9
870,2019,57.6,50.7,39.3,88.9
870,2020,59.4,54.4,37.8,93.3
870,2021,58.0,54.4,35.8,91.1
870,2022,62.6,59.8,45.8,87.9
870,2023,65.1,59.0,47.1,95.3
870,2024,71.0,62.6,57.2,97.8
870,2025,72.2,64.4,60.9,94.9
871,2012,28.4,29.9,26.1,30.1
871,2013,26.5,29.6,23.8,26.4
871,2014,30.1,26.4,33.7,29.7
871,2015,33.8,33.9,35.4,31.0
871,2016,31.7,29.9,31.5,34.6
871,2017,37.9,39.9,40.4,31.0
871,2018,38.9,36.7,43.7,34.2
871,2019,43.7,45.3,44.3,40.4
871,2020,40.0,39.1,37.8,44.6
871,2021,36.8,29.6,33.5,52.2
872,2012,39.7,43.2,26.1,46.2
872,2013,40.3,36.4,27.4,61.1
872,2014,42.2,40.0,29.9,58.9
872,2015,38.8,37.4,26.4,54.1
872,2016,38.2,33.5,30.6,55.2
872,2017,38.7,40.2,24.7,49.8
872,2018,45.4,49.6,32.9,49.4
872,2019,43.2,49.5,29.1,44.6
872,2020,43.6,45.3,30.9,53.0
872,2021,44.6,45.0,33.0,55.2
872,2022,42.5,37.9,39.0,55.1
872,2023,46.6,40.4,38.3,67.4
872,2024,49.2,51.6,32.1,61.5
872,2025,52.2,54.4,37.2,63.0
873,2012,13.4,8.1,9.5,26.8
873,2013,10.9,5.5,10.0,19.1
873,2014,13.0,16.8,9.6,14.7
873,2015,14.0,17.1,11.9,14.0
873,2016,20.4,10.0,25.8,23.1
873,2017,13.1,14.0,10.8,16.1
873,2018,17.2,20.7,11.0,24.1
873,2019,14.6,13.5,8.8,26.2
873,2020,13.1,11.9,7.9,24.0
873,2021,17.2,6.9,18.2,27.9
873,2022,22.4,15.7,18.1,38.2
873,2023,20.5,10.0,23.7,27.2
873,2024,23.3,7.6,31.9,26.7
873,2025,16.0,5.5,16.9,26.8
874,2012,62.0,41.6,68.6,73.6
874,2013,71.8,44.6,82.4,84.7
874,2014,76.8,48.9,94.9,80.5
874,2015,68.8,45.7,85.9,69.2
874,2016,68.9,44.0,81.1,77.4
874,2017,68.6,39.6,77.1,86.2
874,2018,70.4,45.5,85.6,75.2
874,2019,70.4,49.1,77.2,82.7
874,2020,68.1,43.4,81.9,74.4
874,2021,63.9,39.0,73.8,75.5
874,2022,65.8,43.1,76.4,74.2
874,2023,63.1,47.0,69.5,70.6
874,2024,67.2,56.7,72.0,71.4
874,2025,66.7,48.4,70.1,80.5
875,2012,50.8,48.1,57.9,49.2
875,2013,46.7,43.8,51.5,47.6
875,2014,43.2,40.4,43.1,48.9
875,2015,43.3,40.2,53.3,39.7
875,2016,40.6,44.8,40.9,32.0
875,2017,39.6,45.2,29.3,38.7
875,2018,45.4,49.3,31.7,51.4
875,2019,53.4,60.8,35.1,57.0
875,2020,52.2,57.0,43.2,51.7
876,2012,54.0,56.7,55.3,49.5
876,2013,40.1,39.0,41.8,38.8
876,2014,33.6,37.2,36.7,25.9
876,2015,35.6,36.2,35.4,35.1
876,2016,33.6,34.9,30.8,36.0
876,2017,37.6,37.1,36.3,40.0
877,2012,64.3,52.6,78.3,72.6
877,2013,64.0,47.8,85.2,72.5
877,2014,72.0,58.3,88.5,81.4
877,2015,74.4,62.0,86.6,87.0
877,2016,71.0,62.0,81.5,77.7
877,2017,69.6,55.9,83.9,82.6
877,2018,68.3,55.1,80.2,83.5
877,2019,64.4,47.2,81.6,81.7
878,2012,63.9,60.6,80.7,44.9
878,2013,68.9,64.6,90.0,45.2
878,2014,68.0,59.4,84.5,54.5
878,2015,61.1,59.6,77.7,40.5
878,2016,66.5,70.2,81.7,42.6
878,2017,69.2,71.2,83.3,48.4
878,2018,68.6,64.6,83.3,52.9
878,2019,69.0,62.6,86.5,52.0
878,2020,72.7,60.6,92.8,58.1
878,2021,77.4,70.1,96.4,59.3
878,2022,80.7,74.3,98.8,63.1
878,2023,82.0,70.1,96.2,74.9
878,2024,81.3,71.1,88.7,81.5
878,2025,80.1,60.7,92.0,83.7
879,2012,66.9,73.1,64.5,55.0
879,2013,55.9,72.9,44.6,30.1
879,2014,51.3,61.1,45.9,35.1
879,2015,58.2,60.7,66.4,39.5
879,2016,59.2,68.0,57.0,40.6
879,2017,63.1,69.6,63.2,46.5
879,2018,57.5,64.1,58.1,40.2
879,2019,62.5,78.8,53.0,35.8
879,2020,59.4,72.2,53.1,37.1
879,2021,67.3,83.3,63.8,32.4
879,2022,60.9,72.7,51.3,45.6
879,2023,52.2,57.5,51.5,39.9
879,2024,51.0,61.4,46.6,31.5
880,2012,69.5,89.2,29.3,70.3
880,2013,69.1,82.5,37.3,74.0
880,2014,71.3,81.6,45.3,76.7
880,2015,76.9,90.6,47.9,78.5
880,2016,83.4,100.0,47.1,86.5
880,2017,74.3,90.3,37.9,78.8
880,2018,82.2,98.2,42.4,90.1
880,2019,80.9,98.3,42.6,84.4
880,2020,77.4,88.9,35.2,96.4
880,2021,76.2,90.7,29.5,94.0
880,2022,79.4,100.0,27.5,89.9
880,2023,75.8,91.6,43.0,77.1
880,2024,75.6,94.7,34.3,78.8
880,2025,67.9,84.6,27.6,74.9
881,2012,23.5,16.8,22.9,41.2
881,2013,21.4,10.9,26.7,39.9
882,2012,62.6,33.2,88.6,84.2
882,2013,54.0,27.5,84.8,64.7
882,2014,53.5,20.2,93.0,65.9
882,2015,56.6,23.2,87.3,80.0
882,2016,55.2,26.1,83.0,74.4
882,2017,57.3,33.0,84.4,68.4
882,2018,57.9,26.0,92.1,74.4
882,2019,60.4,31.7,94.2,71.5
882,2020,67.4,38.3,99.1,81.8
882,2021,62.9,31.3,99.5,75.9
882,2022,55.5,27.9,79.2,76.8
882,2023,62.6,38.3,89.1,74.5
882,2024,68.3,40.4,92.7,89.4
882,2025,63.2,36.7,89.1,79.9
883,2012,48.9,54.6,34.2,56.2
883,2013,50.1,55.9,42.2,49.3
883,2014,58.0,64.5,44.6,62.5
883,2015,54.5,57.6,46.1,59.1
883,2016,50.8,46.2,50.4,59.6
883,2017,53.2,53.9,51.9,53.6
883,2018,55.0,59.4,47.8,55.9
883,2019,56.2,67.4,36.9,59.3
883,2020,64.6,71.5,56.9,61.5
883,2021,62.9,73.6,46.4,63.3
883,2022,66.3,79.8,54.3,56.4
883,2023,63.3,76.9,50.1,54.7
883,2024,59.4,74.5,41.5,53.9
883,2025,54.1,60.3,42.0,57.3
884,2012,41.4,41.1,43.2,40.4
884,2013,41.6,45.2,53.0,33.3
884,2014,40.7,41.4,56.7,30.8
884,2015,46.0,43.8,56.0,40.8
884,2016,46.2,52.9,62.9,33.6
884,2017,43.9,50.2,51.1,37.0
884,2018,50.5,54.2,57.6,44.8
884,2019,53.3,61.4,52.5,50.5
884,2020,47.2,65.4,39.1,44.7
884,2021,48.2,53.2,44.7,48.4
884,2022,47.0,51.2,43.5,47.4
884,2023,50.4,56.6,45.0,51.1
884,2024,47.3,53.5,54.4,40.6
884,2025,46.6,61.9,45.5,41.2
885,2012,37.4,41.5,15.7,51.1
885,2013,45.8,55.9,13.4,58.2
885,2014,43.6,53.3,15.7,52.1
885,2015,41.0,42.4,18.8,60.2
885,2016,42.9,41.8,18.0,70.1
885,2017,41.0,35.6,30.7,62.0
885,2018,45.3,42.2,28.2,68.7
885,2019,46.4,50.9,23.7,60.1
885,2020,46.1,54.1,17.3,58.8
885,2021,41.9,50.8,4.0,62.1
885,2022,44.0,50.4,16.9,58.3
885,2023,51.9,60.1,24.5,62.9
885,2024,53.0,61.3,30.3,59.1
885,2025,59.4,69.5,28.1,70.4
886,2012,60.3,58.8,39.4,92.8
886,2013,53.8,48.8,33.2,89.0
886,2014,59.7,54.6,42.6,89.5
886,2015,53.5,43.4,37.2,86.4
886,2016,56.5,42.5,43.3,88.1
886,2017,60.6,50.9,45.1,91.8
886,2018,62.2,50.9,52.2,86.6
886,2019,67.8,61.3,56.7,89.8
886,2020,69.5,62.8,57.5,93.0
886,2021,67.9,61.2,50.3,100.0
886,2022,62.0,55.2,44.3,94.1
886,2023,64.3,61.7,41.9,100.0
886,2024,67.4,66.3,47.4,98.2
886,2025,63.9,60.1,41.9,100.0
887,2012,57.4,60.4,70.6,30.1
887,2013,55.7,60.0,71.3,22.6
887,2014,60.1,65.2,70.2,35.9
887,2015,58.3,64.9,64.1,40.1
887,2016,62.9,67.9,75.0,35.1
887,2017,67.9,84.5,72.4,39.8
887,2018,74.0,84.4,85.9,40.1
887,2019,67.4,75.0,74.0,46.5
887,2020,60.0,66.5,70.4,33.5
887,2021,61.2,69.1,70.7,34.7
887,2022,63.1,72.4,73.0,34.3
888,2012,75.0,52.8,93.8,65.2
888,2013,70.2,36.4,94.3,62.3
888,2014,71.6,36.7,100.0,58.1
888,2015,73.9,37.3,98.2,67.9
888,2016,75.8,39.7,100.0,69.5
888,2017,72.7,51.3,94.9,57.1
888,2018,64.7,40.7,86.4,52.0
888,2019,67.4,30.6,92.1,61.1
888,2020,68.6,35.2,91.6,62.0
888,2021,74.3,32.3,95.4,77.6
888,2022,78.6,48.7,100.0,71.5
888,2023,78.6,54.4,100.0,66.5
888,2024,68.7,40.2,92.5,56.7
888,2025,79.6,59.3,99.7,66.4
889,2012,52.0,49.9,65.6,33.5
889,2013,53.9,51.5,63.0,42.4
889,2014,56.2,55.1,67.3,40.6
889,2015,46.8,45.6,51.3,41.1
889,2016,49.2,51.6,54.9,38.5
889,2017,50.5,58.2,58.2,32.6
889,2018,50.7,60.2,59.4,29.6
889,2019,54.2,60.8,59.9,40.0
890,2012,53.0,50.2,44.2,71.2
890,2013,55.6,49.3,47.9,76.6
890,2014,55.7,49.9,45.9,79.4
890,2015,52.9,42.6,43.8,81.8
890,2016,54.2,46.1,47.8,75.9
890,2017,59.8,55.0,52.5,78.4
890,2018,56.7,47.5,56.7,69.4
890,2019,59.2,52.7,59.2,68.4
890,2020,56.7,51.0,50.4,74.8
890,2021,46.7,32.5,41.4,75.1
890,2022,45.8,28.9,44.1,72.2
890,2023,49.1,41.8,46.5,63.3
890,2024,46.6,43.9,34.1,70.2
890,2025,49.0,39.3,41.4,74.6
891,2012,55.2,48.7,71.3,47.1
891,2013,62.1,65.4,70.0,41.8
891,2014,55.1,57.3,59.4,43.1
891,2015,51.1,47.3,63.1,42.7
891,2016,44.7,32.3,65.7,44.1
891,2017,46.7,36.3,62.5,48.9
891,2018,52.1,47.7,59.8,51.4
891,2019,59.4,58.9,67.6,48.2
891,2020,63.0,61.1,69.9,57.5
891,2021,61.9,65.8,62.4,51.4
891,2022,63.2,61.9,72.0,53.4
891,2023,61.6,60.5,72.1,48.4
891,2024,63.9,60.3,77.1,53.0
891,2025,68.8,60.8,85.5,63.9
892,2012,37.4,37.2,30.5,48.7
892,2013,46.2,43.9,37.6,63.2
892,2014,38.7,33.0,35.9,51.0
892,2015,43.7,41.5,40.0,52.8
892,2016,41.8,39.3,38.8,50.2
892,2017,43.0,43.6,38.5,49.4
892,2018,41.8,48.7,32.6,46.9
892,2019,46.5,55.1,33.5,55.2
892,2020,44.9,52.1,31.4,56.5
892,2021,45.8,47.6,37.0,57.5
892,2022,48.6,42.8,39.7,71.1
892,2023,51.5,48.4,42.1,70.8
892,2024,49.9,44.6,47.5,61.3
892,2025,50.6,45.6,47.8,62.2
893,2012,49.2,37.1,83.4,28.2
893,2013,48.5,38.5,79.9,26.6
893,2014,46.4,32.0,82.0,29.1
893,2015,45.7,33.4,75.2,32.4
893,2016,43.4,35.9,67.3,26.2
893,2017,46.6,41.2,63.2,35.2
893,2018,50.9,51.5,67.0,25.3
893,2019,53.9,51.7,79.0,21.7
893,2020,66.3,67.0,85.8,35.2
894,2012,64.6,60.2,77.0,51.0
894,2013,58.7,57.3,72.2,38.9
894,2014,60.0,58.8,79.2,31.1
894,2015,54.4,53.5,70.0,30.5
894,2016,56.2,48.2,75.7,36.0
894,2017,59.6,50.3,79.9,40.1
894,2018,57.5,56.8,71.1,36.9
894,2019,64.0,70.1,73.8,39.8
894,2020,65.9,66.8,77.5,45.9
894,2021,69.4,68.3,82.4,50.1
894,2022,69.3,69.8,75.2,59.1
894,2023,71.7,66.0,83.1,61.6
894,2024,75.3,64.0,90.7,66.3
894,2025,70.6,55.9,86.6,65.4
895,2012,52.0,70.0,79.2,28.4
895,2013,52.6,71.8,81.5,27.6
895,2014,52.9,79.2,76.8,28.1
895,2015,56.2,71.0,82.3,34.6
895,2016,52.1,62.4,72.7,35.6
895,2017,57.2,65.1,80.2,40.2
895,2018,59.6,61.8,85.4,43.3
895,2019,63.7,72.8,71.5,55.3
895,2020,62.0,75.0,81.5,45.2
895,2021,61.2,72.9,80.6,44.8
895,2022,68.8,89.3,84.7,51.0
895,2023,74.2,92.0,93.5,55.4
895,2024,61.4,80.7,74.6,45.7
895,2025,62.4,74.5,77.5,48.4
896,2012,64.4,65.4,66.7,58.2
896,2013,58.7,59.4,59.1,56.2
896,2014,59.2,56.5,63.5,59.3
896,2015,58.8,51.1,68.7,63.4
896,2016,67.9,68.8,70.6,61.6
896,2017,66.2,69.2,67.5,56.8
896,2018,63.6,64.5,66.8,56.5
896,2019,70.0,77.9,73.6,44.7
896,2020,69.3,75.5,71.9,49.8
896,2021,72.5,83.4,64.4,57.2
897,2012,50.3,60.6,39.7,52.5
897,2013,53.5,64.1,38.5,58.2
897,2014,49.2,58.8,33.5,54.7
897,2015,49.7,54.7,36.4,55.7
897,2016,48.9,56.6,35.5,53.8
897,2017,54.0,66.5,43.7,55.1
897,2018,55.6,67.0,51.0,53.8
897,2019,57.2,71.6,42.9,60.1
897,2020,54.6,63.5,51.8,52.8
897,2021,56.2,66.1,55.9,52.5
897,2022,51.3,74.2,60.4,36.6
897,2023,52.2,75.5,56.7,40.1
897,2024,53.8,71.4,57.7,44.4
898,2012,60.2,47.5,66.2,64.6
898,2013,60.5,54.1,66.3,57.8
898,2014,59.4,59.3,64.1,51.0
898,2015,56.8,61.2,63.3,39.8
898,2016,56.8,54.6,63.2,47.8
898,2017,57.9,48.2,70.5,46.7
898,2018,59.3,50.7,64.6,60.1
898,2019,70.8,56.6,77.6,75.4
898,2020,74.9,58.1,88.6,70.6
898,2021,68.5,49.8,86.2,58.9
898,2022,69.1,55.5,82.6,61.1
898,2023,66.3,48.2,80.6,62.4
898,2024,67.3,52.7,83.4,56.0
898,2025,67.1,59.8,76.2,59.6
899,2012,32.1,15.0,54.4,20.3
899,2013,41.3,34.4,60.3,20.5
899,2014,51.8,47.2,70.9,27.8
899,2015,51.9,52.6,64.9,30.0
899,2016,57.0,54.3,67.6,44.0
899,2017,50.2,35.5,71.3,36.9
899,2018,48.4,37.6,59.3,46.1
899,2019,49.6,39.7,58.3,49.5
899,2020,51.0,36.8,60.6,55.7
899,2021,40.8,32.5,44.6,46.4
899,2022,34.7,20.9,40.4,44.9
899,2023,36.0,24.3,44.6,38.5
899,2024,46.0,27.5,56.8,54.5
899,2025,60.6,41.4,82.1,53.2
900,2012,48.3,59.3,36.0,57.6
900,2013,41.9,58.1,25.0,53.6
900,2014,31.8,51.7,20.9,31.7
900,2015,36.1,65.7,26.1,26.3
900,2016,37.3,52.6,34.8,28.2
900,2017,50.4,55.3,52.0,43.9
900,2018,46.6,59.1,48.9,32.8
901,2012,52.2,45.3,65.1,41.3
901,2013,53.4,45.4,62.4,50.2
901,2014,57.0,50.9,66.5,50.2
901,2015,61.3,60.8,64.5,56.7
901,2016,67.0,56.5,77.6,64.8
901,2017,65.7,61.1,70.1,65.1
901,2018,70.0,69.8,74.7,62.7
901,2019,71.0,69.5,79.8,59.2
901,2020,71.0,66.5,82.0,59.5
901,2021,66.2,65.3,76.9,50.2
901,2022,72.6,71.9,83.4,56.5
902,2012,65.6,73.9,57.7,56.7
902,2013,61.7,66.0,64.7,50.2
902,2014,63.2,65.9,71.7,49.3
902,2015,57.2,63.3,69.4,32.9
902,2016,56.4,65.4,66.7,27.9
902,2017,51.4,62.1,60.1,21.2
902,2018,57.6,68.1,57.6,36.8
902,2019,51.5,65.5,45.0,29.9
902,2020,63.5,75.9,67.6,34.7
902,2021,58.6,65.8,67.3,35.5
902,2022,60.2,69.8,65.0,36.1
902,2023,60.5,74.6,57.7,35.2
902,2024,53.6,70.9,45.7,27.0
903,2012,57.5,63.2,55.5,56.4
903,2013,57.3,76.1,51.9,53.0
903,2014,64.2,70.8,51.5,69.2
903,2015,69.5,69.0,53.3,79.4
903,2016,62.9,63.8,47.4,71.8
903,2017,64.8,65.4,53.2,71.5
903,2018,72.1,72.6,62.5,77.6
903,2019,71.3,71.4,63.1,76.2
903,2020,72.3,73.6,53.3,83.2
903,2021,68.3,83.5,51.5,72.3
903,2022,67.6,88.6,46.1,72.2
903,2023,61.4,76.1,54.1,60.0
903,2024,66.3,74.0,56.6,69.1
903,2025,70.0,74.7,61.0,73.5
904,2012,34.6,35.2,33.2,35.0
904,2013,43.0,51.6,31.1,39.1
904,2014,47.4,54.8,34.3,48.8
904,2015,42.6,47.8,39.4,34.2
904,2016,38.8,43.0,33.4,36.5
904,2017,40.8,44.1,40.4,33.2
904,2018,40.8,42.7,47.6,25.6
904,2019,40.9,46.0,47.2,18.9
904,2020,54.2,61.9,53.0,36.7
905,2012,48.7,25.5,36.9,85.7
905,2013,34.0,13.4,23.6,66.7
905,2014,42.4,20.5,31.6,76.7
905,2015,51.4,35.4,38.5,84.1
905,2016,54.5,34.7,44.6,85.9
905,2017,54.4,36.6,37.3,94.8
905,2018,53.8,34.8,35.0,98.0
905,2019,53.7,22.7,46.4,90.4
905,2020,54.5,31.9,40.6,94.3
906,2012,64.0,58.3,83.8,55.4
906,2013,63.9,60.1,78.7,56.6
906,2014,70.0,69.6,84.3,56.5
906,2015,69.5,74.0,81.4,48.5
906,2016,64.8,65.5,84.6,43.4
906,2017,61.7,66.5,71.3,42.6
906,2018,65.4,65.2,75.0,56.2
906,2019,66.4,63.7,86.5,51.7
906,2020,67.0,62.7,87.2,55.2
906,2021,62.8,52.6,93.0,52.9
906,2022,69.0,62.8,89.6,60.8
906,2023,68.8,61.9,74.7,76.5
906,2024,60.6,55.7,65.7,65.4
906,2025,58.0,53.4,66.6,58.5
907,2012,58.0,64.7,68.8,32.8
907,2013,64.6,78.6,65.7,38.0
907,2014,66.6,77.9,69.2,43.3
907,2015,62.6,77.7,58.2,40.9
907,2016,67.6,87.0,63.5,37.6
907,2017,66.2,89.0,58.3,34.8
907,2018,64.8,81.0,66.5,33.4
907,2019,66.1,83.5,67.7,32.8
907,2020,65.2,77.9,72.9,32.9
907,2021,63.1,74.3,79.1,23.7
907,2022,53.8,64.8,65.8,19.4
907,2023,61.3,64.5,77.7,35.8
907,2024,71.3,81.0,83.0,39.9
907,2025,64.3,71.1,78.1,35.4
908,2012,84.0,76.1,100.0,79.0
908,2013,83.8,74.2,100.0,81.8
908,2014,82.0,68.5,96.0,89.3
908,2015,86.1,79.9,100.0,80.4
908,2016,81.5,69.4,100.0,80.9
908,2017,82.8,74.3,99.5,77.9
908,2018,82.5,72.5,100.0,79.4
908,2019,72.5,57.5,96.7,70.4
908,2020,80.6,72.7,95.6,77.0
908,2021,71.8,60.9,93.2,65.9
908,2022,79.2,70.7,94.9,75.8
908,2023,80.3,68.8,100.0,77.4
908,2024,73.9,63.1,92.1,71.5
908,2025,84.5,80.1,93.0,82.2
909,2012,46.2,49.1,29.2,55.3
909,2013,52.1,49.9,36.1,62.6
909,2014,54.5,60.9,43.8,58.4
909,2015,52.5,42.3,44.1,61.6
909,2016,43.7,41.9,43.2,44.7
909,2017,46.7,43.4,39.5,52.4
909,2018,47.1,42.9,36.6,55.1
909,2019,46.9,39.4,40.3,53.8
909,2020,51.2,38.2,48.4,58.1
909,2021,47.5,47.8,34.6,55.2
909,2022,49.7,49.0,42.0,54.6
910,2012,62.0,74.1,31.6,77.3
910,2013,70.4,84.4,42.8,76.6
910,2014,71.2,88.4,46.6,65.1
910,2015,71.6,87.9,44.0,72.5
910,2016,70.2,88.6,37.1,73.9
910,2017,64.5,84.7,32.3,62.4
910,2018,66.9,89.4,33.0,61.3
910,2019,66.3,82.3,36.8,70.6
910,2020,65.6,85.0,28.5,72.9
910,2021,67.3,82.0,37.7,74.8
910,2022,66.6,81.4,35.6,75.9
910,2023,66.0,85.8,30.4,70.1
910,2024,64.9,85.9,30.9,63.6
910,2025,59.4,75.9,19.0,78.9
911,2012,48.9,50.7,49.2,46.9
911,2013,48.1,54.7,44.9,47.5
911,2014,45.0,63.4,40.4,36.7
912,2012,30.0,51.7,19.7,22.6
912,2013,32.5,49.2,19.0,36.8
912,2014,37.0,52.1,28.5,34.3
912,2015,33.2,54.8,14.8,40.2
912,2016,36.7,45.5,30.3,37.8
912,2017,35.6,43.4,30.1,36.3
912,2018,36.8,50.7,29.7,32.8
912,2019,35.8,48.5,28.1,34.3
912,2020,42.9,62.8,33.2,36.5
912,2021,38.5,51.2,36.0,27.9
912,2022,41.7,49.6,41.3,32.8
912,2023,41.5,38.5,48.6,32.5
912,2024,45.6,49.0,49.1,35.1
912,2025,47.2,56.4,49.0,33.0
913,2012,40.6,36.3,50.1,39.5
913,2013,40.3,32.1,57.3,39.8
913,2014,40.7,34.7,58.1,35.2
913,2015,41.2,38.8,54.9,32.3
913,2016,48.3,50.4,51.1,41.2
913,2017,48.4,49.1,53.2,42.4
913,2018,46.4,46.4,57.5,35.5
913,2019,47.7,43.5,63.7,40.1
913,2020,46.7,42.7,60.4,41.0
913,2021,44.8,47.7,40.1,43.9
913,2022,46.6,47.0,48.2,44.4
913,2023,46.6,47.9,51.2,39.3
913,2024,42.4,49.8,37.6,32.3
913,2025,36.7,33.0,40.1,40.6
914,2012,59.0,55.4,72.3,49.4
914,2013,67.2,65.4,81.2,53.6
914,2014,67.4,74.9,67.3,54.0
914,2015,71.3,89.1,65.6,46.1
914,2016,74.3,89.1,72.4,49.8
914,2017,76.0,87.2,76.0,55.8
914,2018,68.2,69.9,80.0,51.0
914,2019,66.6,76.4,69.2,45.9
914,2020,66.0,74.7,75.4,39.2
914,2021,70.4,77.7,77.0,49.3
914,2022,74.0,76.8,83.5,57.6
914,2023,66.6,68.8,69.1,59.6
915,2012,49.9,46.4,33.9,80.5
915,2013,54.2,56.7,37.3,77.6
915,2014,52.5,58.5,35.2,71.6
915,2015,53.0,61.6,32.8,73.1
915,2016,58.1,66.4,36.3,81.5
915,2017,58.1,68.1,33.4,83.5
915,2018,53.8,56.4,36.3,78.0
915,2019,60.0,71.0,40.3,76.3
915,2020,55.5,63.5,38.4,71.6
915,2021,56.1,62.9,48.4,58.9
915,2022,54.3,59.1,44.7,62.8
915,2023,49.8,52.2,41.1,60.3
915,2024,51.5,57.5,37.8,64.9
915,2025,49.2,49.5,37.1,68.3
916,2012,61.4,54.3,59.1,82.8
916,2013,66.0,61.1,64.2,80.8
916,2014,66.3,58.3,65.7,87.2
916,2015,67.2,58.2,69.6,86.3
916,2016,61.9,53.1,61.4,84.6
917,2012,56.6,46.2,52.1,82.0
917,2013,59.4,54.1,49.8,79.6
917,2014,49.8,43.3,41.6,70.9
917,2015,54.9,49.8,46.2,73.7
917,2016,55.4,47.6,53.5,73.0
918,2012,61.8,82.1,24.3,70.3
918,2013,63.9,84.0,28.6,70.2
918,2014,65.3,74.1,40.4,79.5
918,2015,62.0,74.9,28.2,79.3
918,2016,65.8,81.9,26.1,84.6
918,2017,57.1,67.4,23.2,79.3
918,2018,54.9,76.5,20.9,56.7
918,2019,61.6,82.4,19.4,74.7
918,2020,63.4,76.8,38.3,69.2
918,2021,62.0,73.9,42.7,63.6
918,2022,61.3,71.1,43.0,65.8
918,2023,61.3,66.9,51.0,63.5
918,2024,56.8,65.5,39.5,61.8
918,2025,64.6,76.3,41.3,71.7
919,2012,70.4,92.7,42.6,56.3
919,2013,75.4,100.0,47.7,55.4
919,2014,69.3,90.9,45.9,50.4
919,2015,77.6,99.5,57.7,52.7
919,2016,75.1,97.7,48.4,58.6
919,2017,68.0,86.6,52.0,45.7
919,2018,72.1,94.4,47.8,52.6
919,2019,71.6,98.3,43.0,47.5
919,2020,68.4,89.9,43.4,52.2
919,2021,68.6,88.4,45.1,54.6
919,2022,69.9,90.0,49.4,50.4
919,2023,71.1,89.0,51.4,56.1
919,2024,69.1,79.3,55.9,63.4
919,2025,70.0,75.4,63.6,65.9
920,2012,29.7,40.3,14.2,39.9
920,2013,32.7,44.6,12.2,48.0
920,2014,37.7,56.8,20.3,41.8
920,2015,37.1,52.2,20.3,44.5
920,2016,36.0,48.4,22.0,42.3
920,2017,38.3,45.1,29.2,43.7
920,2018,35.7,47.3,24.9,38.5
920,2019,33.0,42.3,23.3,36.7
920,2020,36.7,48.0,23.7,42.8
920,2021,40.1,51.6,26.1,47.1
920,2022,41.2,54.4,28.8,44.5
920,2023,41.6,51.2,29.8,47.7
920,2024,40.2,52.9,26.0,46.4
920,2025,40.9,49.0,25.9,52.8
921,2012,49.9,40.5,70.6,41.8
921,2013,49.9,34.1,81.4,40.4
921,2014,57.4,50.6,74.9,48.7
921,2015,56.2,47.9,71.7,52.5
921,2016,55.6,46.9,66.9,57.7
921,2017,58.8,43.8,79.8,60.4
921,2018,58.5,42.7,84.8,55.4
921,2019,60.1,46.6,78.2,62.5
921,2020,59.0,45.3,77.8,61.1
921,2021,57.2,47.2,66.1,64.5
921,2022,59.7,46.1,79.4,60.4
921,2023,55.5,47.0,76.7,45.5
921,2024,45.4,33.1,65.5,43.3
921,2025,43.4,41.5,51.9,36.5
922,2012,39.2,25.4,28.7,77.1
922,2013,38.6,24.8,30.6,74.0
922,2014,40.3,28.4,36.3,68.3
922,2015,41.2,36.5,25.5,66.5
922,2016,40.2,35.1,20.9,69.9
922,2017,36.7,27.1,24.6,67.9
922,2018,41.3,25.9,35.7,77.8
922,2019,40.7,32.3,34.2,64.0
922,2020,34.7,19.9,35.6,63.2
922,2021,45.2,32.3,42.0,74.4
922,2022,43.2,26.7,44.2,75.0
922,2023,42.6,16.0,47.9,90.4
922,2024,37.4,15.8,41.8,76.0
922,2025,28.0,4.8,31.5,70.8
923,2012,38.0,26.0,44.1,55.7
923,2013,34.0,23.6,32.4,56.4
923,2014,39.8,29.4,49.1,51.3
923,2015,46.7,45.5,41.2,54.6
923,2016,38.4,35.8,31.9,50.1
923,2017,33.6,28.0,33.5,45.1
923,2018,37.0,32.4,36.5,46.9
923,2019,37.2,33.7,30.3,51.2
923,2020,40.6,29.9,41.3,61.4
923,2021,38.0,31.2,29.3,60.1
923,2022,41.6,33.8,35.7,63.2
923,2023,52.1,37.2,54.8,79.3
923,2024,43.1,38.7,43.0,52.1
923,2025,46.0,38.8,41.4,64.9
924,2012,69.3,82.1,59.5,69.6
924,2013,52.4,67.5,36.6,58.2
924,2014,56.6,66.7,41.4,66.7
924,2015,60.9,75.8,45.0,67.2
924,2016,64.4,77.5,51.3,68.8
925,2012,52.3,44.9,51.6,59.6
925,2013,53.6,46.1,54.8,57.9
925,2014,55.8,46.0,63.8,51.8
925,2015,55.0,44.3,59.2,57.6
925,2016,51.1,40.4,65.9,37.8
925,2017,56.7,37.2,70.0,52.9
925,2018,55.1,41.2,62.6,55.4
925,2019,57.4,57.4,58.3,56.1
925,2020,56.5,63.9,52.0,57.1
925,2021,63.0,65.8,61.7,62.5
925,2022,63.0,59.6,62.9,66.0
925,2023,57.8,64.2,60.5,48.5
925,2024,60.9,73.3,64.2,45.6
925,2025,61.4,66.4,60.6,58.5
926,2012,35.1,30.4,47.5,28.1
926,2013,36.5,27.3,57.3,28.2
926,2014,42.4,42.2,58.0,19.4
926,2015,45.5,46.9,59.9,20.6
926,2016,43.9,51.7,46.8,20.1
926,2017,43.7,47.7,55.9,15.4
926,2018,48.0,49.2,61.6,24.5
926,2019,49.8,48.8,64.0,30.8
926,2020,50.1,46.3,72.0,26.6
926,2021,50.4,47.7,65.9,33.7
926,2022,52.9,51.7,62.2,41.8
926,2023,51.6,54.2,61.5,30.4
926,2024,47.5,50.8,56.1,26.5
926,2025,48.4,49.4,60.6,27.4
927,2012,37.5,28.7,61.8,30.8
927,2013,29.5,10.0,59.8,38.2
927,2014,24.4,8.5,63.7,17.0
927,2015,35.6,25.5,65.5,25.7
927,2016,34.8,23.8,70.2,21.4
927,2017,40.8,28.0,84.5,22.6
927,2018,40.4,32.8,71.3,24.6
927,2019,41.8,33.4,65.7,34.6
927,2020,48.1,45.7,66.8,34.1
927,2021,46.6,40.3,74.0,31.8
927,2022,42.8,35.6,65.5,34.3
927,2023,61.7,58.1,78.1,52.4
927,2024,57.8,49.2,78.0,54.9
927,2025,54.6,48.4,64.6,57.1
928,2012,43.2,42.2,61.4,23.3
928,2013,45.5,47.2,60.1,25.1
928,2014,49.7,49.0,64.8,32.9
928,2015,43.8,47.4,55.0,24.0
929,2012,77.2,82.8,86.2,56.5
929,2013,74.6,80.8,87.0,48.6
929,2014,75.6,77.2,90.9,54.3
929,2015,75.8,73.9,89.7,62.6
929,2016,72.7,71.9,86.5,57.4
929,2017,77.3,82.8,88.0,54.5
929,2018,73.0,88.4,69.4,49.6
929,2019,75.4,89.9,77.9,46.2
929,2020,79.3,94.8,88.8,39.9
929,2021,81.3,99.6,89.7,38.4
929,2022,77.5,84.1,93.1,47.0
929,2023,75.1,79.2,95.6,43.3
929,2024,74.2,77.2,95.3,43.6
929,2025,66.5,67.5,85.4,42.1
930,2012,69.1,62.0,80.0,70.6
930,2013,62.8,49.7,85.4,61.5
930,2014,67.8,61.5,76.3,70.9
930,2015,65.0,51.4,86.8,66.5
930,2016,71.1,64.7,84.1,67.7
930,2017,67.8,63.4,78.4,62.9
930,2018,69.6,62.1,84.2,66.3
930,2019,70.8,59.7,88.8,71.6
930,2020,69.4,57.7,87.6,71.3
930,2021,66.0,57.4,84.3,60.0
930,2022,70.1,63.2,83.3,67.4
930,2023,64.4,60.6,77.1,55.1
931,2012,53.2,53.0,53.7,52.7
931,2013,45.4,41.5,55.3,40.3
931,2014,50.6,55.7,48.4,41.0
931,2015,48.8,53.8,43.6,44.0
931,2016,50.0,53.1,44.7,50.4
931,2017,47.6,35.3,57.3,63.6
931,2018,47.6,39.7,53.6,58.6
931,2019,53.4,48.4,56.9,60.8
931,2020,50.0,49.1,41.0,65.9
931,2021,44.4,40.0,43.4,57.0
931,2022,47.6,49.2,44.9,47.8
931,2023,48.4,57.8,37.0,42.0
931,2024,47.8,50.4,40.1,52.8
931,2025,55.0,58.7,42.9,64.1
932,2012,44.1,50.7,31.4,59.0
932,2013,53.4,63.4,44.3,57.9
932,2014,50.0,68.1,33.6,57.7
933,2012,72.9,50.4,100.0,65.7
933,2013,74.3,51.3,100.0,68.1
933,2014,66.9,40.4,100.0,57.7
933,2015,67.9,36.0,100.0,61.4
933,2016,62.4,32.9,100.0,51.7
934,2012,44.5,51.3,35.8,40.5
934,2013,39.4,45.0,30.5,38.9
934,2014,38.7,46.9,27.3,35.1
934,2015,38.4,46.5,22.6,41.9
934,2016,37.6,47.1,21.4,38.1
934,2017,41.7,56.5,20.4,36.5
934,2018,47.5,61.1,27.7,43.4
934,2019,45.3,61.0,20.1,43.7
934,2020,49.4,60.6,29.4,51.2
934,2021,50.7,62.3,34.7,45.5
934,2022,48.8,59.5,35.1,42.5
934,2023,52.9,59.4,43.0,51.4
934,2024,50.7,57.8,35.8,55.4
934,2025,50.9,52.4,40.4,62.7
935,2012,69.4,55.4,75.5,71.8
935,2013,62.4,59.6,66.7,58.3
935,2014,68.1,68.4,70.2,64.7
935,2015,67.2,63.9,67.4,69.5
935,2016,60.2,69.6,58.3,55.3
935,2017,65.6,76.6,67.4,53.8
935,2018,65.4,74.6,66.1,56.7
935,2019,66.5,78.7,59.6,66.8
935,2020,68.5,71.6,64.4,72.0
935,2021,68.3,61.5,68.5,73.6
935,2022,68.7,64.8,62.3,81.4
935,2023,63.1,63.4,54.6,75.7
935,2024,69.3,67.6,62.6,80.8
935,2025,73.6,80.7,66.1,78.8
936,2012,51.6,42.1,77.9,36.0
936,2013,55.1,47.0,83.6,32.7
936,2014,59.1,47.5,91.3,39.9
936,2015,52.6,32.9,87.6,49.1
936,2016,56.9,45.7,85.0,42.9
936,2017,63.5,53.8,84.1,56.9
936,2018,57.8,40.9,88.5,53.8
936,2019,64.1,52.9,90.4,52.5
936,2020,65.2,54.5,93.8,49.2
936,2021,66.3,55.7,95.3,49.5
936,2022,70.2,66.3,88.0,53.3
936,2023,65.9,56.3,88.8,55.7
936,2024,66.0,60.8,88.5,45.2
936,2025,64.4,54.3,92.1,48.1
937,2012,74.6,58.7,86.7,69.8
937,2013,79.2,56.9,94.9,74.3
937,2014,71.7,48.9,85.1,70.6
937,2015,73.2,52.5,87.5,68.9
937,2016,72.8,55.4,78.8,78.2
937,2017,69.0,46.3,74.7,79.4
937,2018,68.0,48.6,73.4,76.0
937,2019,72.5,44.6,86.2,75.2
937,2020,75.8,45.0,94.4,73.5
937,2021,75.7,50.9,92.8,70.7
937,2022,77.6,48.9,97.9,70.9
937,2023,78.3,49.7,92.2,81.4
937,2024,78.1,52.9,97.5,69.9
937,2025,77.8,53.7,100.0,64.7
938,2012,56.6,69.2,43.6,61.2
938,2013,60.4,56.2,53.8,73.4
938,2014,62.3,61.7,69.0,53.9
938,2015,58.3,57.5,59.3,57.8
938,2016,56.5,59.9,61.7,46.2
938,2017,59.1,54.5,65.5,55.3
938,2018,59.1,63.5,55.5,59.4
938,2019,63.8,63.7,68.0,58.4
938,2020,59.8,56.2,66.5,54.3
938,2021,58.5,64.5,58.5,52.6
938,2022,60.0,76.8,48.5,58.6
938,2023,59.0,80.3,51.8,47.4
938,2024,50.3,68.8,45.6,38.0
938,2025,54.5,72.4,44.0,50.5
939,2012,47.1,44.4,33.6,74.0
939,2013,47.2,43.9,33.3,76.1
939,2014,46.1,43.2,29.2,78.8
939,2015,41.8,33.6,34.0,74.1
939,2016,51.0,46.0,43.8,74.2
939,2017,49.3,50.7,36.6,64.7
939,2018,51.0,52.0,35.1,72.2
939,2019,56.5,58.3,34.8,84.6
939,2020,54.1,51.7,37.9,84.6
939,2021,56.9,58.5,40.3,77.9
939,2022,53.4,51.4,43.3,73.4
939,2023,49.7,43.0,47.2,70.4
939,2024,49.4,42.7,41.0,78.7
939,2025,48.6,43.5,37.7,77.9
940,2012,53.6,74.4,42.2,53.2
940,2013,50.1,74.2,40.8,43.9
940,2014,51.4,77.7,36.9,51.1
940,2015,54.3,75.0,46.1,49.5
940,2016,56.6,70.2,50.5,54.5
940,2017,51.7,69.2,42.1,51.4
940,2018,54.8,71.5,49.7,48.5
940,2019,45.7,69.0,45.6,26.3
940,2020,51.7,82.9,46.8,33.2
940,2021,53.9,77.0,55.2,32.6
940,2022,51.5,72.7,55.5,27.7
940,2023,63.1,77.2,67.5,44.6
940,2024,56.0,79.7,50.7,44.1
940,2025,52.2,78.6,42.8,44.2
941,2012,39.2,55.1,14.9,47.4
941,2013,38.3,63.9,16.2,41.3
941,2014,40.9,64.3,7.0,51.9
941,2015,36.1,47.1,21.6,40.4
941,2016,36.1,56.9,19.8,37.5
941,2017,36.3,50.4,21.1,39.7
941,2018,39.7,46.8,25.4,45.5
941,2019,40.7,50.7,27.4,44.7
941,2020,40.3,64.1,16.0,45.3
941,2021,41.6,62.2,20.5,46.1
941,2022,44.5,72.7,31.6,41.0
941,2023,42.3,71.1,27.5,39.6
941,2024,47.2,62.3,42.4,44.0
941,2025,48.0,66.0,38.0,46.7
942,2012,69.1,74.5,39.4,100.0
942,2013,66.4,69.4,39.9,98.7
942,2014,70.9,73.6,47.0,100.0
942,2015,66.2,71.4,38.5,94.8
942,2016,82.0,94.4,49.4,100.0
942,2017,77.0,91.8,37.0,100.0
942,2018,79.3,98.3,33.7,100.0
942,2019,76.4,95.1,31.0,98.0
942,2020,80.2,93.3,45.0,100.0
942,2021,81.1,93.9,47.3,100.0
942,2022,79.9,94.1,42.8,100.0
942,2023,83.4,96.6,50.5,100.0
942,2024,69.4,79.8,34.6,95.4
942,2025,79.9,94.4,42.4,100.0
943,2012,33.2,25.2,26.2,50.2
943,2013,30.9,22.9,21.4,51.8
944,2012,37.6,49.1,25.8,26.2
944,2013,45.6,62.6,33.9,23.5
944,2014,53.8,71.5,36.5,35.6
944,2015,46.0,60.2,24.8,38.8
945,2012,44.0,42.5,52.2,34.5
945,2013,50.2,42.6,62.4,41.5
945,2014,57.1,52.4,66.4,49.4
945,2015,50.5,49.2,54.3,46.8
945,2016,52.5,59.8,57.1,39.2
945,2017,54.0,60.1,56.3,44.8
945,2018,44.8,60.0,36.5,40.6
945,2019,35.5,56.4,19.4,36.2
945,2020,45.5,67.1,34.0,39.2
945,2021,49.0,61.3,43.1,44.7
945,2022,56.1,68.0,43.9,60.4
945,2023,53.0,61.2,51.7,46.5
945,2024,43.9,51.3,47.2,32.0
945,2025,50.8,52.8,49.2,51.0
946,2012,27.6,19.5,23.2,46.0
946,2013,31.9,9.8,39.3,51.1
946,2014,31.9,22.6,26.9,52.9
946,2015,35.2,28.2,30.3,52.9
946,2016,35.9,28.3,35.3,47.6
946,2017,37.0,21.1,41.3,52.2
946,2018,37.2,34.9,31.8,48.9
946,2019,41.7,29.0,44.2,55.3
946,2020,50.7,45.2,46.3,65.4
946,2021,42.3,34.4,42.7,52.6
946,2022,39.0,28.0,36.9,57.7
946,2023,37.0,30.4,33.3,52.1
946,2024,31.8,28.6,26.1,45.6
946,2025,44.7,44.9,44.2,45.4
947,2012,60.8,66.4,62.2,48.9
947,2013,59.1,64.0,59.8,49.5
947,2014,59.9,64.1,64.8,46.3
948,2012,55.5,55.8,57.9,52.0
948,2013,49.9,46.5,64.1,39.1
948,2014,53.5,59.1,61.5,33.9
948,2015,61.5,69.0,65.1,43.7
948,2016,52.1,53.7,53.4,47.7
948,2017,46.3,44.4,46.3,49.9
948,2018,49.9,46.8,55.8,48.6
948,2019,52.7,56.0,48.5,51.9
948,2020,55.3,61.9,45.0,55.9
948,2021,51.7,51.9,45.9,58.4
948,2022,56.3,53.1,57.8,60.1
948,2023,58.7,60.1,61.0,53.3
948,2024,53.7,53.7,61.8,44.1
948,2025,49.2,45.2,63.1,39.7
949,2012,72.2,64.6,86.4,73.4
949,2013,67.2,59.0,85.4,65.6
949,2014,67.7,52.1,94.6,71.9
949,2015,60.9,49.9,79.8,64.1
949,2016,60.0,52.6,65.3,69.3
949,2017,67.8,60.9,79.9,69.7
949,2018,63.3,59.0,77.8,57.3
949,2019,70.5,65.4,76.0,75.1
949,2020,67.4,62.0,81.2,64.2
949,2021,71.6,70.3,83.2,62.8
949,2022,69.0,61.4,86.9,66.4
949,2023,71.6,62.5,99.4,62.0
949,2024,72.9,62.4,98.5,68.2
949,2025,67.4,58.3,83.7,69.5
950,2012,50.7,50.3,59.7,37.6
950,2013,52.2,62.3,57.2,36.2
950,2014,53.6,52.1,63.1,40.7
950,2015,56.3,54.6,67.9,40.3
950,2016,62.6,74.2,67.4,45.6
950,2017,62.0,62.3,69.5,50.4
950,2018,65.4,67.0,74.4,50.7
950,2019,64.8,67.0,74.6,48.1
950,2020,62.0,60.4,71.9,48.5
950,2021,57.5,64.5,58.5,50.3
950,2022,56.2,61.4,53.2,56.2
950,2023,52.0,59.6,49.5,49.4
950,2024,47.3,63.9,39.2,45.6
950,2025,53.9,69.1,49.9,47.1
951,2012,46.2,32.1,78.1,42.5
951,2013,46.4,31.7,80.9,41.1
951,2014,48.1,30.5,81.6,49.9
951,2015,46.2,30.9,77.3,45.9
951,2016,48.2,31.7,76.4,52.8
951,2017,45.7,28.3,72.5,53.6
951,2018,41.6,23.8,70.4,48.5
951,2019,42.7,25.5,70.1,49.8
951,2020,44.0,28.7,74.3,44.2
951,2021,48.3,35.4,79.2,43.3
951,2022,51.8,31.5,92.5,51.8
951,2023,50.2,33.3,88.9,45.1
951,2024,55.9,45.4,95.7,37.2
952,2012,72.8,44.1,77.2,95.8
952,2013,76.0,36.3,87.8,100.0
952,2014,73.0,38.4,82.6,94.9
952,2015,72.7,39.5,81.8,93.8
952,2016,62.6,31.4,67.8,86.7
952,2017,67.6,26.7,74.2,99.7
952,2018,73.8,38.9,80.4,100.0
952,2019,59.8,22.2,65.4,90.1
952,2020,64.2,23.7,73.1,93.0
952,2021,67.0,29.4,73.4,96.2
952,2022,66.9,30.8,75.8,91.1
952,2023,68.4,38.0,77.1,87.1
952,2024,69.3,41.1,76.8,87.5
952,2025,64.4,33.0,70.9,87.2
953,2012,63.9,43.8,51.0,100.0
953,2013,68.0,45.4,59.3,100.0
953,2014,67.7,42.8,60.0,100.0
953,2015,67.6,48.0,56.9,100.0
953,2016,65.9,42.0,59.0,96.2
954,2012,48.7,60.1,39.4,39.5
954,2013,50.6,60.4,41.6,43.8
954,2014,49.7,69.7,32.8,34.1
954,2015,47.7,62.9,37.8,32.3
954,2016,52.6,77.7,35.4,27.9
954,2017,52.5,72.2,38.7,33.7
955,2012,44.1,35.3,35.8,78.7
955,2013,46.8,40.4,31.4,85.9
955,2014,40.4,30.0,30.7,81.0
955,2015,46.8,38.5,43.5,72.4
955,2016,44.0,42.7,35.7,59.7
956,2012,43.0,47.5,26.4,50.6
956,2013,42.8,53.9,12.5,51.1
956,2014,45.9,52.8,22.4,55.5
956,2015,39.0,42.1,14.2,57.7
956,2016,34.8,37.5,20.3,44.0
956,2017,38.9,39.3,33.3,43.6
956,2018,37.8,31.2,37.5,51.2
956,2019,44.7,42.0,43.0,51.9
956,2020,51.0,44.2,52.7,63.0
956,2021,52.8,51.6,47.7,60.1
957,2012,51.7,46.4,71.6,30.6
957,2013,60.5,47.9,85.7,39.4
957,2014,57.6,57.2,74.9,35.0
957,2015,59.2,55.8,74.6,41.9
957,2016,57.5,41.3,79.6,44.3
957,2017,54.1,40.2,77.9,36.4
957,2018,54.1,40.1,74.9,40.5
957,2019,55.8,41.7,70.1,51.0
957,2020,64.6,48.4,80.4,59.8
957,2021,64.2,48.1,79.0,60.7
957,2022,64.7,58.9,78.3,52.4
957,2023,67.9,60.9,85.6,51.4
957,2024,66.2,56.5,85.5,50.3
957,2025,58.9,55.2,83.0,30.3
958,2012,36.7,44.4,30.5,26.5
958,2013,39.6,50.0,30.4,27.6
958,2014,43.5,51.0,34.7,37.9
958,2015,39.2,48.8,29.1,30.2
958,2016,34.0,40.2,31.4,22.2
958,2017,34.9,43.6,21.2,33.7
958,2018,41.5,47.6,30.5,42.8
959,2012,69.5,50.4,83.3,68.9
959,2013,72.2,52.9,83.7,73.1
959,2014,72.0,53.2,86.3,70.9
959,2015,70.9,48.8,85.0,71.2
959,2016,69.7,56.6,89.9,62.8
959,2017,65.0,59.4,83.6,56.0
959,2018,65.2,56.8,83.9,57.3
959,2019,69.5,55.3,88.5,63.8
959,2020,68.8,61.5,85.5,61.6
959,2021,68.7,51.1,85.7,65.5
959,2022,69.8,57.6,81.5,67.6
959,2023,74.8,59.5,97.6,67.2
959,2024,68.5,58.2,88.0,60.9
959,2025,67.4,66.9,81.5,59.2
960,2012,58.8,68.1,44.0,57.5
960,2013,58.7,65.3,42.6,66.3
960,2014,56.4,64.5,41.7,58.3
960,2015,60.9,68.6,48.1,60.9
960,2016,58.2,67.3,43.2,57.9
960,2017,58.9,69.2,41.1,60.0
960,2018,61.3,75.3,35.1,65.7
961,2012,58.0,78.6,52.0,23.0
961,2013,58.8,75.5,56.5,27.7
961,2014,62.4,71.2,68.1,39.3
961,2015,62.7,78.5,58.9,34.8
961,2016,58.8,69.4,53.0,43.3
961,2017,59.0,71.3,46.0,47.2
961,2018,63.3,81.8,48.1,41.4
961,2019,68.6,91.4,50.0,41.7
961,2020,72.4,94.0,58.3,43.5
961,2021,53.4,71.4,43.9,27.1
961,2022,52.0,74.8,37.0,21.6
961,2023,62.5,82.2,52.2,33.4
961,2024,62.2,81.0,60.5,26.2
961,2025,63.8,89.1,44.8,32.4
962,2012,54.0,57.2,64.8,32.3
962,2013,73.0,74.0,82.6,56.1
963,2012,65.2,61.5,67.4,65.6
963,2013,66.9,67.8,64.1,70.9
963,2014,59.3,57.7,59.9,60.1
963,2015,68.2,68.1,72.4,60.6
964,2012,41.6,45.5,23.7,69.0
964,2013,46.1,48.9,32.4,67.4
964,2014,41.0,39.8,25.4,70.7
964,2015,50.3,43.9,38.3,79.6
964,2016,55.4,58.1,41.1,77.8
964,2017,49.5,43.4,43.1,68.2
964,2018,47.1,47.5,41.7,56.2
964,2019,45.6,48.0,37.7,56.9
964,2020,53.4,66.4,38.6,64.5
965,2012,52.4,37.4,48.9,83.6
965,2013,52.2,39.9,47.9,79.6
965,2014,55.9,42.6,48.5,88.9
965,2015,58.6,41.0,59.1,89.5
965,2016,63.1,52.4,55.7,91.1
965,2017,55.5,41.2,55.2,81.7
965,2018,58.4,41.2,62.2,84.6
965,2019,62.7,50.2,64.3,83.1
965,2020,61.3,51.6,64.2,75.2
965,2021,59.4,48.9,54.6,84.1
965,2022,60.8,43.8,65.2,86.0
965,2023,57.0,41.6,58.7,82.8
966,2012,52.2,54.9,46.7,52.4
966,2013,59.4,57.7,70.8,51.6
966,2014,60.8,66.0,67.7,43.4
966,2015,60.4,66.0,64.0,45.7
966,2016,57.2,59.6,61.5,48.1
966,2017,48.7,53.1,44.3,44.4
966,2018,56.0,56.3,52.3,59.0
966,2019,58.6,64.1,46.8,59.2
966,2020,63.6,67.2,70.1,49.8
966,2021,64.4,64.6,66.2,62.0
966,2022,54.0,53.3,63.1,46.3
966,2023,50.8,48.5,59.0,47.3
966,2024,42.4,32.3,59.2,46.0
966,2025,53.6,54.5,55.9,49.7
967,2012,36.8,45.1,16.9,55.0
967,2013,40.9,52.0,19.4,58.4
967,2014,41.8,56.8,18.2,58.4
967,2015,36.8,54.3,11.4,53.3
967,2016,44.6,54.2,16.1,73.0
967,2017,42.3,43.4,23.7,65.9
967,2018,39.6,38.8,25.1,59.6
967,2019,39.5,39.2,21.6,63.8
967,2020,44.9,48.8,27.7,63.8
967,2021,46.3,49.4,24.1,72.8
967,2022,46.5,40.6,35.0,67.7
967,2023,48.8,51.6,34.8,64.7
967,2024,45.5,48.0,28.4,65.8
967,2025,42.0,46.9,21.1,64.9
968,2012,57.7,53.2,58.1,63.3
968,2013,69.5,67.1,69.6,72.7
968,2014,68.0,69.7,64.1,71.9
968,2015,67.1,64.2,68.8,68.6
968,2016,66.1,60.0,69.4,69.5
968,2017,62.8,53.8,62.2,76.3
969,2012,36.6,37.9,44.8,20.3
969,2013,40.6,39.6,49.9,24.9
969,2014,44.0,36.7,60.2,23.7
969,2015,41.6,31.8,57.9,23.9
969,2016,41.5,28.3,56.3,30.8
969,2017,42.5,39.9,52.0,28.4
969,2018,42.1,43.6,50.2,25.9
969,2019,46.2,53.7,56.0,19.6
969,2020,49.2,61.2,59.9,15.4
969,2021,49.8,55.1,58.7,27.4
969,2022,52.0,60.9,59.4,28.0
969,2023,53.9,54.2,66.3,31.1
969,2024,49.4,55.4,58.3,26.2
969,2025,48.4,49.7,58.7,28.1
970,2012,76.5,62.6,100.0,80.8
970,2013,74.7,56.6,100.0,85.5
970,2014,78.4,61.9,100.0,89.9
970,2015,81.9,68.9,99.9,90.0
970,2016,76.6,58.1,100.0,90.1
970,2017,73.8,52.7,100.0,89.8
970,2018,74.0,51.9,100.0,92.3
970,2019,70.3,45.9,100.0,89.3
970,2020,71.8,53.5,98.6,81.5
970,2021,74.6,61.9,98.5,76.1
970,2022,69.8,54.5,100.0,70.2
970,2023,71.5,56.1,100.0,73.8
970,2024,71.8,59.8,100.0,67.8
971,2012,43.4,42.2,49.9,36.9
971,2013,44.0,42.4,47.9,42.1
971,2014,40.8,34.9,50.0,41.9
971,2015,46.5,45.0,56.3,35.6
971,2016,46.7,43.3,55.7,41.7
971,2017,46.0,39.8,56.5,45.8
971,2018,38.8,33.9,46.0,40.4
971,2019,43.5,45.2,42.7,40.6
971,2020,42.8,41.6,46.8,40.0
971,2021,47.4,39.1,59.5,50.2
971,2022,47.3,41.5,58.3,45.1
971,2023,44.4,37.6,54.4,46.3
971,2024,48.5,43.0,61.9,42.2
971,2025,44.6,40.1,59.6,33.2
972,2012,66.3,68.4,49.4,79.0
972,2013,65.4,63.4,49.6,85.2
972,2014,65.4,63.2,51.9,83.5
972,2015,61.1,62.6,40.9,78.3
972,2016,61.2,55.9,46.8,86.0
972,2017,65.8,58.9,53.2,92.0
972,2018,64.2,55.0,56.7,90.2
972,2019,62.4,52.6,52.2,92.4
972,2020,68.4,60.4,58.9,93.8
972,2021,67.0,53.6,61.7,99.3
972,2022,67.4,54.4,68.7,92.3
972,2023,67.3,57.4,62.0,92.4
972,2024,64.2,58.3,55.5,84.9
972,2025,66.1,65.4,58.4,75.1
973,2012,59.3,58.1,67.8,45.3
973,2013,55.8,63.2,61.0,37.5
973,2014,60.5,70.0,65.6,39.8
973,2015,60.0,59.5,68.4,45.3
973,2016,65.0,72.3,66.9,52.8
973,2017,68.6,70.2,78.2,49.3
973,2018,69.1,71.0,74.9,56.5
973,2019,68.1,71.4,78.4,45.5
974,2012,45.1,57.3,41.4,34.0
974,2013,47.0,59.7,41.0,39.0
975,2012,60.7,55.2,84.9,41.6
975,2013,56.3,51.0,73.6,45.1
975,2014,47.8,37.3,72.7,36.7
975,2015,43.8,33.5,68.1,33.0
975,2016,40.5,32.1,63.4,28.2
975,2017,43.1,39.1,58.5,31.7
975,2018,45.3,50.4,53.7,25.9
975,2019,47.3,46.8,64.6,27.6
975,2020,46.9,52.5,60.7,20.4
975,2021,52.6,56.8,71.1,23.0
975,2022,58.1,59.0,77.2,33.7
975,2023,49.4,50.1,70.9,22.2
975,2024,45.8,47.8,59.5,25.7
975,2025,42.8,43.2,54.9,27.5
976,2012,39.1,31.4,44.4,50.4
976,2013,38.5,26.4,55.5,43.3
976,2014,35.3,27.2,42.0,45.5
976,2015,35.9,16.0,53.1,59.9
976,2016,35.1,14.9,58.4,50.5
976,2017,42.1,20.9,63.6,63.0
977,2012,77.5,73.0,92.2,71.9
977,2013,78.2,78.0,87.8,69.2
977,2014,76.4,74.6,93.5,62.9
977,2015,77.0,71.0,89.9,76.3
978,2012,65.8,66.7,77.6,52.0
978,2013,61.8,59.8,72.1,55.3
978,2014,58.8,56.8,67.5,54.1
978,2015,55.6,53.7,67.2,48.0
978,2016,55.4,49.7,71.6,50.4
978,2017,57.9,54.0,73.6,49.9
978,2018,61.9,64.1,72.1,47.3
978,2019,64.7,69.7,80.2,39.2
978,2020,64.8,68.2,82.8,40.2
978,2021,63.3,68.4,81.4,35.1
978,2022,65.1,72.6,80.9,34.4
978,2023,69.3,80.3,75.1,41.6
978,2024,67.9,71.9,75.3,52.3
978,2025,65.8,69.6,67.4,56.6
979,2012,49.2,29.3,50.4,75.0
979,2013,44.3,32.9,41.1,65.5
979,2014,49.1,31.5,49.3,73.5
979,2015,47.0,36.1,36.6,78.7
979,2016,47.1,35.4,38.5,77.2
979,2017,49.6,38.4,47.5,68.6
979,2018,46.7,33.2,46.1,66.6
979,2019,48.7,34.5,52.8,61.9
979,2020,51.3,35.2,56.1,66.0
979,2021,46.6,28.6,52.0,63.2
979,2022,50.0,39.9,51.3,62.0
979,2023,49.3,40.5,51.6,58.1
979,2024,49.2,49.2,47.2,52.3
979,2025,44.9,41.0,41.9,55.2
980,2012,43.3,33.2,69.5,37.4
980,2013,37.3,23.4,60.9,41.7
980,2014,41.0,32.6,65.6,33.0
980,2015,44.9,42.6,61.8,32.5
980,2016,48.4,45.6,58.8,43.5
980,2017,50.2,46.6,53.4,54.4
980,2018,47.3,45.2,60.7,38.1
980,2019,50.7,47.0,60.3,48.4
980,2020,50.2,46.3,63.2,45.2
980,2021,51.5,51.4,60.7,42.6
980,2022,50.4,44.8,68.9,42.9
980,2023,49.4,44.2,69.9,39.4
980,2024,49.5,41.0,74.6,41.3
980,2025,47.3,33.1,72.4,50.4
981,2012,43.1,29.4,62.4,51.1
981,2013,35.6,28.3,55.3,30.7
981,2014,35.6,27.9,60.2,26.3
981,2015,35.4,32.8,46.5,29.6
981,2016,33.1,29.1,55.8,18.3
981,2017,34.6,34.3,45.3,24.7
981,2018,36.8,33.8,52.6,27.2
981,2019,39.2,37.4,47.4,34.4
981,2020,36.2,31.7,46.8,34.6
981,2021,36.2,26.4,48.5,43.6
981,2022,41.8,42.9,47.0,34.4
982,2012,64.7,63.3,55.8,77.8
982,2013,63.0,62.7,54.1,74.1
982,2014,60.7,67.5,43.2,69.4
983,2012,52.6,62.1,61.5,31.1
983,2013,51.2,62.8,55.5,33.9
983,2014,55.8,78.7,56.5,32.1
983,2015,46.9,71.3,51.7,16.0
983,2016,53.5,70.8,66.1,19.5
983,2017,48.7,57.2,63.9,20.0
983,2018,49.1,63.3,59.3,21.2
983,2019,49.2,63.1,52.4,31.2
983,2020,49.8,59.1,56.3,31.7
983,2021,49.2,68.7,50.6,27.9
983,2022,43.6,59.4,48.9,20.8
984,2012,52.4,62.2,48.2,37.1
984,2013,47.0,53.8,50.7,29.6
984,2014,52.5,54.4,65.1,36.2
984,2015,55.0,61.3,55.9,41.7
984,2016,57.8,57.3,64.7,52.0
984,2017,60.4,63.8,61.8,52.4
984,2018,58.1,53.3,64.8,61.1
984,2019,56.6,52.5,65.8,55.8
984,2020,53.7,48.0,65.6,53.1
984,2021,51.8,47.2,63.1,49.6
984,2022,56.9,56.8,66.3,47.7
984,2023,58.9,57.2,67.2,53.8
984,2024,58.8,55.7,71.4,52.2
984,2025,62.0,58.5,72.2,58.6
985,2012,39.3,44.2,39.6,34.8
985,2013,34.9,42.3,38.1,24.0
985,2014,38.1,39.8,43.4,28.6
985,2015,32.5,45.0,32.0,22.8
985,2016,32.6,42.3,33.7,23.0
985,2017,31.7,35.1,38.2,19.2
985,2018,37.5,44.8,44.5,20.8
985,2019,41.9,49.3,51.9,20.7
985,2020,50.3,56.8,59.9,30.6
985,2021,50.8,56.6,52.9,42.8
985,2022,48.6,59.2,49.7,38.1
985,2023,51.0,62.5,50.4,42.2
985,2024,43.2,56.6,40.3,36.5
985,2025,30.5,48.5,28.6,18.4
986,2012,55.5,64.7,49.8,51.7
986,2013,63.6,71.3,63.6,53.0
986,2014,61.0,62.9,64.9,52.1
986,2015,66.7,69.3,71.3,55.7
986,2016,61.7,61.1,61.1,63.4
986,2017,56.7,57.6,57.0,55.1
986,2018,59.3,64.7,60.3,50.2
986,2019,55.2,63.8,51.6,49.1
986,2020,59.6,76.3,51.4,49.4
987,2012,42.6,50.9,53.5,19.5
987,2013,41.8,53.2,47.9,23.3
987,2014,39.1,49.3,46.7,19.3
987,2015,45.4,49.6,57.1,24.4
987,2016,46.1,54.2,58.4,21.0
987,2017,34.4,53.3,44.3,3.8
987,2018,35.0,38.5,46.0,15.5
987,2019,30.5,38.6,42.1,6.4
987,2020,28.3,35.5,43.1,0.0
987,2021,32.0,40.0,42.1,10.2
987,2022,29.5,47.4,35.2,6.1
987,2023,31.0,46.1,32.5,16.2
987,2024,30.7,47.1,33.6,12.6
988,2012,45.2,27.2,48.0,61.8
988,2013,43.5,26.4,46.8,57.9
988,2014,52.5,33.7,58.3,64.8
988,2015,51.0,32.0,52.5,70.9
988,2016,53.3,33.4,59.3,66.3
988,2017,55.7,38.1,64.2,61.6
988,2018,54.4,38.0,61.4,61.6
989,2012,81.2,62.4,94.4,82.4
989,2013,74.0,50.7,91.8,73.5
989,2014,73.4,56.9,84.6,75.0
989,2015,70.2,52.4,81.7,72.6
989,2016,78.7,68.4,90.1,73.7
990,2012,36.4,42.2,14.4,63.5
990,2013,32.4,35.3,19.2,49.6
990,2014,33.3,33.7,19.6,54.5
990,2015,34.8,31.5,18.9,64.8
990,2016,33.3,33.3,15.9,61.1
990,2017,36.4,45.5,13.3,60.5
990,2018,37.1,42.5,10.2,72.6
990,2019,33.5,44.7,8.0,58.8
990,2020,40.5,46.3,23.5,59.6
991,2012,41.5,41.6,40.4,42.3
991,2013,38.8,40.4,39.2,35.0
991,2014,44.4,53.3,29.9,41.2
991,2015,48.0,58.3,27.9,47.5
991,2016,40.6,52.8,22.9,33.9
991,2017,34.6,47.9,15.2,27.6
991,2018,29.4,37.0,24.3,19.2
991,2019,34.1,37.9,24.5,36.1
991,2020,42.1,45.1,35.6,42.7
991,2021,38.6,44.8,32.3,32.5
991,2022,45.3,54.1,38.4,34.6
991,2023,46.7,53.5,38.8,41.0
991,2024,46.9,58.9,29.1,40.8
991,2025,48.0,63.0,31.8,34.3
992,2012,29.3,49.9,13.7,30.5
992,2013,28.1,44.1,13.0,30.8
993,2012,36.7,56.0,23.3,37.0
993,2013,45.1,65.8,24.1,49.5
993,2014,47.5,64.5,21.0,56.6
994,2012,51.0,76.1,50.1,27.0
994,2013,48.6,68.5,49.4,27.7
994,2014,51.2,67.2,50.5,36.3
994,2015,49.5,71.9,45.0,33.0
994,2016,57.5,77.1,57.6,37.9
994,2017,58.7,73.1,63.6,37.9
994,2018,55.9,77.8,60.6,27.8
994,2019,58.9,76.5,63.9,34.7
994,2020,65.1,88.1,72.7,31.9
994,2021,66.3,92.6,67.0,39.2
994,2022,68.3,82.5,75.3,44.9
995,2012,56.7,74.5,42.3,35.4
995,2013,60.0,79.6,37.7,43.1
995,2014,65.8,84.6,42.5,51.6
995,2015,68.0,92.8,34.6,52.0
995,2016,65.2,90.9,35.6,43.4
995,2017,70.8,93.3,46.1,50.6
995,2018,72.7,90.0,55.8,55.1
995,2019,67.6,82.9,46.6,58.0
995,2020,70.1,86.6,48.6,58.6
995,2021,67.8,85.3,48.0,52.8
995,2022,66.5,82.1,49.0,52.7
995,2023,78.2,97.1,55.4,63.2
995,2024,71.6,93.5,49.2,50.2
996,2012,66.5,61.4,65.2,72.6
996,2013,66.0,59.7,66.5,70.5
996,2014,60.5,49.3,62.0,67.5
996,2015,55.4,48.6,56.0,60.2
996,2016,53.8,45.2,55.2,59.0
996,2017,56.8,42.0,61.8,61.8
996,2018,60.9,45.7,65.9,65.9
996,2019,59.6,53.8,64.1,57.6
996,2020,56.7,47.3,60.6,58.6
996,2021,62.9,55.5,64.1,67.2
996,2022,56.6,55.9,54.9,59.9
996,2023,61.8,55.4,60.6,69.1
996,2024,64.8,65.8,57.7,74.5
996,2025,65.9,58.8,66.4,71.0
997,2012,46.3,52.6,30.9,49.3
997,2013,45.3,46.8,33.0,54.5
997,2014,39.2,37.3,29.5,52.5
997,2015,36.7,35.9,26.6,48.3
997,2016,36.2,34.4,27.4,48.5
997,2017,45.3,44.2,35.1,57.7
997,2018,45.2,45.1,36.8,53.7
997,2019,52.8,52.8,39.6,65.8
997,2020,51.0,45.9,50.9,61.3
997,2021,56.1,52.4,58.0,61.7
997,2022,53.6,49.0,57.3,58.9
997,2023,54.0,53.1,44.1,65.8
997,2024,58.9,60.7,40.3,73.8
997,2025,57.0,59.8,36.7,71.5
998,2012,61.7,57.5,66.5,65.2
998,2013,58.1,50.3,67.6,64.3
998,2014,60.2,55.1,58.8,71.7
998,2015,63.6,63.2,55.2,72.9
998,2016,66.6,62.0,64.7,77.9
998,2017,67.7,61.3,65.6,82.7
998,2018,65.5,58.6,65.5,79.2
998,2019,70.9,66.4,72.4,78.4
998,2020,72.6,70.3,74.8,75.1
998,2021,75.8,73.0,76.8,80.4
998,2022,74.0,75.5,70.4,74.5
998,2023,77.5,82.4,72.3,72.8
998,2024,75.5,81.6,70.7,68.2
998,2025,77.5,84.6,68.3,72.5
999,2012,56.0,66.4,40.0,71.5
999,2013,59.5,71.2,43.5,73.6
999,2014,62.1,65.5,51.0,75.8
999,2015,56.9,65.8,39.2,76.1
999,2016,57.5,74.2,39.1,71.3
999,2017,62.4,79.3,43.1,77.2
999,2018,68.1,83.1,52.5,78.9
999,2019,57.0,71.2,35.6,77.2
999,2020,53.7,71.2,35.6,66.2
999,2021,53.6,71.1,34.3,68.0
999,2022,56.6,71.8,39.6,69.3
999,2023,63.4,77.7,46.3,77.2
999,2024,64.2,78.1,43.7,83.3
999,2025,60.3,73.4,39.5,80.5
1000,2012,60.8,37.2,41.0,82.2
1000,2013,51.7,28.8,40.0,67.9
1000,2014,48.7,33.2,38.2,61.2
1000,2015,48.5,38.7,36.1,59.9
1000,2016,51.4,37.8,33.6,67.6
1000,2017,54.5,37.5,28.7,76.8
1000,2018,61.1,44.3,36.4,82.6
1000,2019,61.3,47.5,33.0,83.8
1000,2020,56.9,50.0,26.9,77.6
1000,2021,61.6,48.6,38.0,81.0
1001,2013,58.0,50.6,62.3,66.3
1001,2014,61.0,55.9,59.5,71.8
1001,2015,57.5,47.8,61.5,70.3
1001,2016,53.3,42.0,52.5,74.6
1001,2017,51.7,40.7,49.5,74.3
1001,2018,56.2,45.6,53.8,78.1
1001,2019,56.3,38.2,59.8,84.6
1001,2020,57.8,46.4,60.4,75.2
1001,2021,56.4,48.1,63.9,62.5
1001,2022,65.2,55.5,76.0,69.8
1001,2023,65.2,61.1,71.5,65.0
1001,2024,65.1,58.0,71.7,70.1
1001,2025,67.6,50.6,79.4,83.9
1002,2013,74.2,88.0,56.5,64.3
1002,2014,78.5,92.8,63.0,65.3
1002,2015,71.0,85.1,58.2,55.7
1002,2016,61.6,73.4,54.3,45.4
1002,2017,64.8,74.4,52.1,58.1
1002,2018,60.8,76.4,41.7,48.5
1002,2019,60.1,83.4,31.2,42.5
1002,2020,67.0,89.8,40.6,47.7
1002,2021,62.4,83.8,33.2,48.7
1002,2022,58.8,74.8,44.9,40.5
1002,2023,56.6,71.8,45.5,37.1
1002,2024,74.8,100.0,54.5,44.6
1002,2025,71.7,91.2,52.8,51.6
1003,2013,61.7,62.9,46.9,74.2
1003,2014,57.8,57.4,45.4,70.8
1003,2015,58.2,49.7,56.0,77.4
1003,2016,54.5,42.1,67.7,66.2
1003,2017,51.7,40.0,60.6,66.1
1003,2018,41.4,39.1,37.6,49.6
1003,2019,47.4,42.4,46.9,57.8
1003,2020,65.8,63.6,63.6,72.4
1003,2021,62.6,56.6,70.2,67.0
1003,2022,70.1,69.0,76.3,66.1
1003,2023,61.2,55.9,69.8,63.3
1003,2024,65.6,63.1,65.5,70.7
1003,2025,52.9,44.3,60.3,62.6
1004,2013,47.7,55.1,34.2,58.8
1004,2014,50.5,62.6,31.7,63.8
1004,2015,53.5,64.8,35.7,66.0
1004,2016,58.0,64.9,40.7,76.1
1004,2017,49.1,51.7,37.8,63.6
1004,2018,49.5,58.4,35.4,59.6
1004,2019,46.6,51.4,30.6,65.5
1004,2020,46.7,52.5,30.4,64.6
1004,2021,53.2,55.6,39.8,71.2
1004,2022,57.4,57.6,46.5,74.4
1004,2023,54.0,65.5,31.5,74.0
1005,2013,35.8,18.6,38.1,52.3
1005,2014,33.1,14.6,36.1,49.8
1005,2015,36.9,26.8,33.9,54.4
1005,2016,42.3,29.2,42.9,56.8
1005,2017,40.7,19.8,50.6,47.8
1005,2018,37.7,16.0,46.7,47.6
1005,2019,38.1,12.7,50.9,45.4
1005,2020,33.4,3.1,48.7,42.4
1005,2021,33.4,6.1,43.4,48.1
1005,2022,38.6,15.2,44.7,55.5
1005,2023,31.9,18.2,35.4,42.0
1005,2024,35.1,13.9,40.7,50.6
1006,2013,51.6,47.0,45.5,67.7
1006,2014,50.4,45.4,47.3,62.4
1006,2015,58.5,59.9,54.3,63.3
1006,2016,65.0,65.4,63.0,67.6
1006,2017,63.0,62.6,55.9,75.0
1006,2018,63.4,61.3,65.3,63.2
1006,2019,61.7,49.0,65.8,72.9
1006,2020,61.4,54.3,58.9,75.4
1006,2021,63.2,60.0,58.7,75.0
1006,2022,64.2,53.4,63.2,81.0
1006,2023,65.3,50.2,72.5,74.8
1006,2024,65.9,55.1,73.3,69.0
1007,2013,45.0,46.1,38.7,53.6
1007,2014,51.1,49.8,46.1,59.8
1007,2015,50.9,50.6,45.2,59.8
1007,2016,46.5,54.0,37.2,54.1
1007,2017,43.2,44.5,34.2,55.5
1007,2018,44.4,44.2,37.2,55.3
1007,2019,39.1,41.4,24.0,59.9
1007,2020,40.5,38.0,34.5,51.5
1007,2021,43.4,38.7,39.5,53.1
1007,2022,49.7,48.3,44.2,59.1
1007,2023,43.6,61.3,27.9,52.4
1007,2024,46.3,53.4,32.1,61.7
1007,2025,44.7,58.6,27.7,58.7
1008,2013,68.9,57.5,83.8,61.0
1008,2014,71.0,65.2,78.1,67.9
1008,2015,66.4,57.9,74.4,65.5
1008,2016,66.3,55.4,80.0,59.5
1008,2017,70.6,61.7,81.2,66.0
1008,2018,74.0,69.5,84.5,63.7
1008,2019,70.8,60.8,87.2,58.7
1009,2013,49.4,51.3,59.5,32.6
1009,2014,48.6,45.9,58.3,36.4
1009,2015,51.4,51.9,52.3,49.8
1009,2016,52.4,55.3,56.5,44.0
1009,2017,48.3,54.7,50.0,40.3
1009,2018,45.7,52.6,51.8,30.7
1009,2019,41.2,45.9,48.3,26.8
1009,2020,50.8,51.4,57.9,39.7
1009,2021,50.7,62.6,53.9,35.9
1009,2022,54.2,60.4,58.4,42.9
1010,2013,65.0,73.7,70.3,42.5
1010,2014,65.2,67.8,79.0,46.4
1010,2015,66.0,67.4,73.0,56.1
1010,2016,66.2,67.2,74.2,56.3
1010,2017,63.2,62.7,69.5,58.1
1010,2018,65.6,64.1,75.7,58.4
1010,2019,59.3,53.6,74.8,55.3
1010,2020,64.6,70.0,71.2,47.4
1010,2021,65.3,71.9,77.1,40.2
1010,2022,68.0,77.3,80.3,37.2
1010,2023,61.9,68.6,68.0,42.4
1010,2024,64.7,73.8,77.9,33.2
1010,2025,59.5,67.8,66.6,35.8
1011,2013,66.8,49.7,76.1,68.0
1011,2014,66.2,38.0,64.1,78.8
1011,2015,66.7,36.7,65.9,79.2
1011,2016,70.9,53.5,66.5,80.5
1011,2017,81.2,49.6,86.1,90.8
1011,2018,77.8,51.9,80.6,86.5
1011,2019,72.4,53.1,72.1,80.4
1012,2013,68.8,88.7,64.5,52.6
1012,2014,64.7,84.4,57.2,54.6
1012,2015,66.7,83.9,60.7,56.7
1012,2016,67.4,97.4,54.7,54.1
1012,2017,66.2,93.9,59.8,44.6
1012,2018,65.5,81.3,64.6,48.1
1012,2019,64.9,84.1,62.5,46.2
1012,2020,67.3,87.6,64.0,49.0
1012,2021,73.7,89.3,74.3,53.8
1012,2022,72.8,87.6,70.7,58.7
1012,2023,68.9,81.5,69.2,53.4
1012,2024,61.4,74.6,62.2,44.3
1012,2025,67.5,73.5,79.4,39.0
1013,2013,56.7,71.9,50.6,27.8
1013,2014,58.7,80.6,47.5,20.7
1013,2015,58.6,88.7,34.8,19.1
1013,2016,59.5,83.1,44.4,23.0
1013,2017,53.0,72.8,40.8,21.9
1013,2018,57.9,73.1,51.1,30.1
1013,2019,57.4,75.6,45.8,29.1
1013,2020,58.6,72.6,49.7,37.0
1013,2021,57.7,76.4,37.8,40.9
1014,2013,54.0,64.0,29.6,58.3
1014,2014,62.3,75.7,34.6,63.2
1014,2015,57.8,76.9,21.0,56.6
1014,2016,55.0,66.0,25.6,62.6
1014,2017,57.3,63.7,28.0,73.9
1014,2018,61.4,72.1,27.0,74.4
1014,2019,65.3,72.0,36.0,81.1
1014,2020,65.5,67.7,42.7,83.9
1014,2021,73.5,82.9,47.3,80.8
1014,2022,60.6,69.2,36.7,67.3
1014,2023,57.4,65.2,34.5,64.6
1014,2024,57.8,62.3,32.7,74.0
1014,2025,66.8,75.3,37.7,78.9
1015,2013,39.5,56.6,19.2,49.6
1015,2014,36.3,52.9,19.1,42.7
1015,2015,39.2,56.1,23.2,43.7
1015,2016,37.7,56.5,20.7,41.6
1015,2017,43.0,65.8,25.6,43.4
1015,2018,47.2,73.3,22.9,53.4
1015,2019,47.6,64.8,34.4,47.9
1015,2020,44.7,67.6,29.8,41.7
1015,2021,44.5,68.2,33.9,35.0
1015,2022,44.0,65.3,30.4,40.7
1015,2023,44.6,68.9,20.7,52.3
1016,2013,52.8,69.3,44.1,48.5
1016,2014,54.9,69.9,45.0,54.7
1016,2015,54.1,66.3,46.1,53.8
1016,2016,54.0,63.6,47.1,54.9
1017,2013,42.6,29.8,61.4,46.4
1017,2014,43.2,36.5,52.8,45.8
1017,2015,47.8,35.9,62.1,56.1
1017,2016,50.4,41.3,62.3,55.5
1017,2017,49.5,41.1,56.5,60.0
1017,2018,50.6,39.2,66.1,55.8
1017,2019,48.4,42.7,56.5,50.7
1017,2020,48.2,45.2,48.8,54.7
1017,2021,46.4,36.7,58.0,53.0
1017,2022,46.8,33.4,62.6,56.4
1017,2023,51.6,41.8,72.1,45.4
1017,2024,55.4,40.5,81.8,53.1
1017,2025,48.6,31.7,71.0,57.0
1018,2013,54.6,61.5,42.6,63.7
1018,2014,50.5,62.2,37.5,56.2
1018,2015,48.6,61.8,32.3,57.3
1018,2016,48.8,55.7,36.4,58.6
1018,2017,53.4,55.8,42.2,65.8
1018,2018,51.0,52.1,44.0,59.2
1018,2019,56.1,55.9,54.3,58.7
1018,2020,57.8,60.0,59.2,53.7
1018,2021,61.3,54.9,67.5,59.3
1019,2013,71.6,62.7,50.4,87.9
1019,2014,67.7,56.5,55.3,79.6
1019,2015,66.7,66.2,57.6,72.3
1019,2016,61.4,62.9,52.1,66.4
1019,2017,63.7,68.2,46.3,72.4
1019,2018,76.6,72.0,50.0,94.4
1019,2019,76.2,68.5,46.3,97.3
1019,2020,79.0,69.1,55.5,97.0
1019,2021,77.0,63.9,60.4,92.2
1019,2022,75.3,69.6,53.2,90.9
1020,2013,52.5,31.2,75.2,72.4
1020,2014,49.2,21.2,83.2,71.2
1020,2015,49.2,24.6,75.5,71.9
1020,2016,49.8,30.0,75.0,64.0
1020,2017,46.0,23.2,70.3,67.4
1020,2018,53.3,34.7,70.7,72.9
1020,2019,58.5,39.6,77.5,77.3
1020,2020,54.5,39.2,77.1,62.6
1020,2021,49.9,32.8,72.2,61.9
1020,2022,51.6,36.3,68.2,65.5
1020,2023,52.8,41.6,63.9,64.2
1021,2013,63.5,53.2,64.9,82.6
1021,2014,61.2,52.0,55.4,85.2
1021,2015,58.6,46.8,57.2,83.4
1021,2016,60.8,49.3,56.6,88.2
1021,2017,58.9,42.6,59.2,91.1
1022,2013,85.8,94.4,100.0,53.4
1022,2014,82.6,87.8,100.0,52.3
1022,2015,81.7,89.8,92.1,54.6
1022,2016,86.4,93.6,97.6,60.2
1022,2017,81.0,89.6,92.1,52.2
1022,2018,83.3,89.2,99.9,52.8
1022,2019,80.9,88.0,92.9,53.9
1022,2020,83.9,95.3,88.4,58.1
1022,2021,87.2,94.7,94.9,64.5
1022,2022,90.4,97.0,97.0,70.8
1022,2023,86.4,91.0,95.6,67.2
1022,2024,85.4,83.5,100.0,71.3
1022,2025,87.3,88.6,100.0,69.6
1023,2013,46.4,49.4,44.3,43.7
1023,2014,47.5,51.4,42.1,46.8
1023,2015,49.5,56.4,44.0,43.7
1023,2016,47.3,48.7,48.4,43.5
1023,2017,45.7,46.0,45.9,44.9
1023,2018,42.7,40.2,51.1,37.1
1023,2019,47.0,54.5,42.7,38.6
1023,2020,52.6,60.4,49.5,42.4
1023,2021,52.9,68.2,43.7,36.5
1023,2022,50.0,60.8,41.3,41.2
1023,2023,52.5,58.7,47.5,47.2
1023,2024,55.6,60.4,52.0,51.2
1023,2025,57.0,63.0,60.0,42.6
1024,2013,58.9,73.3,52.2,57.1
1024,2014,53.8,73.4,52.1,40.0
1024,2015,53.2,66.5,54.9,39.7
1024,2016,53.5,63.0,55.3,43.0
1024,2017,48.8,56.2,47.3,44.8
1024,2018,51.2,51.5,55.1,45.1
1024,2019,56.0,69.7,56.4,44.1
1024,2020,48.5,62.8,44.8,42.1
1024,2021,51.4,65.3,49.5,42.8
1024,2022,55.5,72.1,49.5,50.8
1024,2023,60.2,70.3,60.4,51.5
1024,2024,58.3,71.0,57.2,49.4
1024,2025,58.8,79.7,53.6,49.2
1025,2013,49.9,46.8,38.6,58.0
1025,2014,51.1,41.5,37.5,63.1
1025,2015,51.6,40.3,49.0,57.6
1025,2016,53.3,50.5,51.9,55.3
1025,2017,53.1,45.8,46.0,60.2
1026,2013,55.5,42.8,71.8,41.7
1026,2014,60.4,45.0,75.9,50.1
1026,2015,74.1,47.5,93.8,66.7
1026,2016,70.9,46.9,88.9,64.0
1026,2017,69.0,43.5,87.2,63.1
1026,2018,67.8,45.9,84.1,61.7
1026,2019,67.1,39.4,89.3,56.9
1026,2020,71.8,38.5,92.7,68.3
1026,2021,66.9,35.5,88.9,60.2
1026,2022,64.9,35.8,88.8,53.2
1026,2023,64.7,34.7,87.8,54.9
1026,2024,66.7,34.3,92.1,55.7
1026,2025,67.0,37.3,96.2,47.8
1027,2013,58.3,64.5,68.2,35.9
1027,2014,56.3,60.1,65.5,39.4
1027,2015,53.0,59.6,52.6,40.3
1027,2016,56.6,61.1,57.1,46.9
1027,2017,56.8,55.8,65.3,50.5
1027,2018,55.8,61.4,54.4,45.9
1027,2019,48.0,55.9,44.8,35.6
1027,2020,49.8,62.9,42.1,31.4
1027,2021,49.2,62.2,41.6,30.7
1027,2022,52.3,59.5,54.5,35.8
1027,2023,51.3,51.5,62.9,39.2
1027,2024,49.1,48.9,52.0,46.4
1027,2025,52.0,49.2,58.1,51.6
1028,2013,70.8,72.0,58.7,77.5
1028,2014,73.6,74.1,65.8,78.1
1028,2015,71.2,82.0,57.8,75.0
1028,2016,70.2,79.3,61.7,71.7
1028,2017,70.9,81.4,55.1,76.2
1028,2018,68.7,83.8,46.6,76.0
1028,2019,70.9,73.7,63.8,74.0
1028,2020,77.2,85.1,64.3,81.8
1028,2021,57.0,61.3,43.6,63.4
1028,2022,64.0,67.4,58.7,65.9
1028,2023,65.3,71.9,54.7,69.0
1028,2024,71.2,68.3,61.8,78.0
1028,2025,70.2,67.7,56.8,79.3
1029,2014,54.8,64.4,27.1,63.4
1029,2015,51.0,50.4,25.2,78.1
1029,2016,57.4,64.9,33.7,66.0
1029,2017,54.7,66.6,30.9,54.7
1029,2018,57.4,64.8,38.8,61.3
1029,2019,55.4,63.3,40.2,54.6
1029,2020,56.1,69.2,37.2,48.8
1029,2021,55.3,66.3,31.2,57.5
1029,2022,61.8,70.6,47.5,58.6
1029,2023,59.9,67.2,48.0,57.1
1029,2024,58.6,69.9,41.4,53.2
1029,2025,54.6,58.0,42.4,59.8
1030,2014,58.1,43.9,87.7,49.1
1030,2015,59.5,41.1,99.9,45.0
1030,2016,59.4,42.2,99.7,41.9
1030,2017,64.0,58.1,89.8,40.2
1030,2018,60.3,55.2,85.9,34.4
1030,2019,56.6,51.2,82.8,30.7
1030,2020,55.0,38.9,87.0,47.2
1030,2021,65.7,51.3,95.1,57.5
1030,2022,62.6,46.9,88.1,63.5
1030,2023,62.2,48.9,80.4,68.0
1030,2024,60.9,53.0,77.3,56.2
1030,2025,63.3,54.3,84.0,54.6
1031,2014,69.0,66.2,71.2,68.7
1031,2015,68.9,62.1,68.3,76.6
1031,2016,64.8,64.5,60.2,71.4
1031,2017,64.7,53.1,65.6,75.2
1031,2018,71.0,68.5,67.6,78.1
1031,2019,73.5,71.4,76.2,72.1
1031,2020,78.2,74.7,76.0,84.7
1031,2021,75.1,78.6,75.3,71.3
1031,2022,77.2,79.4,73.6,79.9
1031,2023,78.8,82.2,72.8,83.4
1031,2024,76.3,77.2,70.4,83.4
1031,2025,78.8,82.6,71.0,85.4
1032,2014,51.2,40.0,58.3,62.7
1032,2015,55.6,40.8,70.3,64.7
1032,2016,52.7,40.9,57.5,68.3
1033,2014,59.7,50.3,69.7,68.3
1033,2015,63.4,60.5,68.6,63.1
1033,2016,64.5,54.6,78.8,67.6
1033,2017,67.4,52.9,88.9,71.2
1033,2018,63.2,47.3,88.2,65.2
1033,2019,53.4,40.6,68.1,63.3
1033,2020,56.0,44.4,68.7,66.1
1033,2021,60.0,47.7,75.4,67.6
1033,2022,56.0,45.5,69.0,62.9
1033,2023,45.4,30.3,67.9,49.3
1033,2024,47.8,36.2,66.7,48.7
1033,2025,53.1,38.0,80.8,49.4
1034,2014,36.2,33.4,39.5,38.4
1034,2015,26.5,20.7,27.6,36.9
1034,2016,33.7,36.7,23.5,38.0
1034,2017,29.2,25.0,35.5,31.3
1034,2018,29.5,20.9,30.8,45.5
1034,2019,40.6,32.9,41.6,55.0
1034,2020,52.0,41.8,55.2,69.3
1034,2021,44.9,34.7,50.1,60.0
1034,2022,51.6,55.3,52.2,43.6
1034,2023,46.3,51.5,43.4,38.9
1034,2024,44.9,47.4,43.4,41.4
1034,2025,57.2,59.7,49.5,59.7
1035,2014,47.3,48.9,67.1,34.8
1035,2015,45.4,53.5,69.4,27.8
1035,2016,45.6,45.9,72.4,29.3
1035,2017,39.4,49.2,62.2,21.8
1035,2018,48.0,56.3,66.3,33.7
1035,2019,57.4,64.1,74.8,44.3
1035,2020,53.3,56.1,71.4,41.3
1035,2021,55.5,57.8,76.7,41.9
1035,2022,57.7,51.6,78.2,47.8
1035,2023,58.7,48.4,73.0,54.2
1035,2024,60.9,68.4,75.2,49.4
1035,2025,55.6,66.0,76.8,38.7
1036,2014,63.4,73.7,58.0,51.5
1036,2015,67.3,72.9,68.9,55.2
1036,2016,66.6,68.2,71.7,57.8
1036,2017,61.3,59.5,68.6,55.7
1036,2018,68.0,68.6,69.9,64.7
1036,2019,58.5,52.5,69.6,56.1
1036,2020,70.2,63.4,85.6,63.8
1036,2021,55.2,46.0,66.5,58.0
1036,2022,53.8,41.0,72.5,54.5
1036,2023,54.3,45.7,62.7,59.8
1036,2024,51.3,45.8,62.5,47.8
1036,2025,64.9,61.4,73.7,60.7
1037,2014,51.0,57.7,36.9,68.4
1037,2015,53.2,56.1,42.7,68.5
1037,2016,53.9,48.0,54.6,59.9
1037,2017,62.8,63.2,58.8,69.5
1037,2018,56.4,60.9,55.6,52.5
1037,2019,59.6,62.9,62.6,50.3
1037,2020,59.8,65.1,58.3,56.0
1037,2021,60.5,64.2,59.4,58.0
1037,2022,62.4,70.9,58.0,60.2
1037,2023,61.5,69.6,55.3,63.0
1037,2024,63.3,72.6,57.1,63.2
1037,2025,65.6,70.5,61.8,66.5
1038,2014,37.4,19.3,57.8,53.3
1038,2015,40.2,21.3,65.1,53.2
1038,2016,39.3,26.3,57.4,47.1
1038,2017,37.6,24.8,56.1,44.5
1038,2018,37.8,33.1,34.8,50.0
1038,2019,35.2,23.4,39.3,54.8
1038,2020,44.6,37.8,44.9,58.1
1038,2021,37.8,29.3,45.8,46.8
1038,2022,42.2,40.0,52.9,35.8
1038,2023,43.0,36.6,52.9,46.1
1038,2024,34.8,22.6,53.0,40.9
1038,2025,33.6,27.4,48.6,31.1
1039,2014,40.3,52.8,48.3,8.1
1039,2015,42.9,61.5,47.6,3.6
1039,2016,39.1,52.7,44.0,8.6
1039,2017,36.5,51.9,40.3,4.1
1039,2018,41.5,54.9,51.0,6.0
1039,2019,40.7,51.7,53.4,5.8
1039,2020,42.8,53.9,47.2,17.5
1039,2021,36.0,43.4,38.6,19.5
1039,2022,39.6,49.1,40.9,21.1
1039,2023,41.1,56.8,42.6,11.0
1039,2024,44.9,59.7,40.7,23.4
1039,2025,43.5,50.8,47.3,25.8
1040,2014,67.3,88.0,53.4,60.7
1040,2015,68.3,83.1,57.2,65.2
1040,2016,70.9,90.8,64.0,54.2
1040,2017,68.7,91.3,63.1,46.1
1040,2018,70.1,89.9,61.4,56.3
1040,2019,69.4,99.2,47.4,62.8
1041,2014,51.1,66.5,43.9,49.2
1041,2015,56.3,78.0,40.1,57.4
1041,2016,60.5,72.9,50.7,61.4
1041,2017,51.6,63.3,40.6,53.5
1041,2018,52.8,64.0,48.9,50.6
1041,2019,52.3,62.5,50.7,49.1
1041,2020,53.5,52.0,57.4,51.7
1041,2021,48.6,57.2,45.6,47.0
1041,2022,51.0,70.7,54.1,41.2
1041,2023,50.7,71.6,53.7,40.5
1041,2024,51.6,58.9,54.4,46.9
1041,2025,44.3,62.7,43.0,37.7
1042,2014,57.7,74.3,67.9,27.4
1042,2015,56.2,77.0,64.7,23.9
1042,2016,64.4,91.9,66.5,34.2
1042,2017,56.6,89.5,60.0,19.2
1042,2018,55.8,87.0,62.9,15.3
1042,2019,55.1,84.6,64.8,12.6
1042,2020,56.2,89.0,61.1,17.0
1042,2021,54.6,75.3,69.0,14.8
1042,2022,51.3,69.4,62.5,18.4
1042,2023,56.0,77.0,69.4,17.2
1042,2024,59.0,75.2,77.6,17.9
1043,2014,61.7,70.7,73.5,51.1
1043,2015,56.6,64.1,87.0,35.4
1043,2016,58.5,70.3,79.3,41.3
1044,2014,60.9,83.8,51.5,57.3
1044,2015,57.7,82.0,42.9,56.8
1044,2016,64.0,89.1,52.1,61.1
1044,2017,59.8,78.6,58.0,53.3
1044,2018,61.6,83.1,62.7,52.3
1044,2019,66.2,83.1,68.1,58.2
1044,2020,68.0,80.0,76.2,58.2
1044,2021,68.2,88.5,71.9,57.9
1044,2022,69.4,100.0,78.5,51.7
1044,2023,68.4,94.3,74.9,54.2
1044,2024,62.8,84.7,72.2,48.4
1044,2025,68.4,98.3,70.1,55.4
1045,2014,61.4,38.5,55.7,73.9
1045,2015,58.0,31.1,54.7,70.7
1045,2016,53.6,34.1,57.2,59.2
1045,2017,55.4,40.3,58.3,59.8
1045,2018,56.2,46.9,59.9,57.8
1045,2019,54.6,30.6,60.6,60.5
1045,2020,56.6,31.9,61.7,63.5
1045,2021,56.2,47.2,48.4,64.5
1045,2022,60.5,49.6,62.0,63.9
1045,2023,59.2,44.9,56.7,66.5
1045,2024,51.8,40.9,45.5,60.0
1045,2025,61.3,51.6,53.5,69.9
1046,2014,71.4,70.1,75.5,68.5
1046,2015,70.4,73.5,71.4,61.0
1046,2016,59.6,61.7,63.5,48.4
1046,2017,69.3,71.4,73.8,57.1
1046,2018,78.6,83.4,82.8,60.4
1046,2019,65.1,64.9,69.7,58.6
1046,2020,69.5,66.5,83.8,55.7
1046,2021,71.9,69.9,84.8,57.4
1046,2022,74.9,75.1,89.2,52.9
1046,2023,68.4,67.2,79.8,54.3
1046,2024,64.9,64.0,80.6,43.6
1046,2025,66.8,62.2,82.9,54.0
1047,2014,59.6,43.1,63.3,72.6
1047,2015,61.2,41.0,72.0,65.9
1047,2016,60.3,51.3,64.1,64.1
1047,2017,60.7,54.8,63.5,62.6
1047,2018,58.8,53.2,66.6,51.5
1047,2019,54.9,47.1,65.6,45.0
1047,2020,64.1,58.6,73.0,54.5
1047,2021,61.1,49.1,66.3,66.3
1047,2022,57.6,39.3,64.2,67.8
1047,2023,55.4,44.6,58.7,62.4
1047,2024,63.5,46.2,70.8,71.1
1047,2025,62.3,39.1,71.6,73.4
1048,2014,56.2,36.6,84.1,38.7
1048,2015,55.8,33.5,88.6,34.4
1048,2016,59.4,33.5,95.6,37.0
1048,2017,61.2,35.6,100.0,34.9
1048,2018,62.3,42.3,98.3,34.3
1048,2019,61.3,38.7,100.0,32.2
1048,2020,60.2,32.0,100.0,35.5
1048,2021,63.5,32.1,100.0,46.2
1048,2022,61.4,27.5,100.0,44.0
1048,2023,59.5,32.9,96.8,36.4
1048,2024,64.7,46.4,95.3,42.1
1048,2025,67.4,60.1,100.0,31.1
1049,2014,46.3,21.6,55.0,67.1
1049,2015,52.3,27.6,61.7,72.0
1049,2016,49.5,20.2,64.1,67.1
1049,2017,56.4,32.0,68.6,71.1
1049,2018,59.5,34.3,71.7,75.2
1049,2019,55.0,29.5,68.1,69.7
1049,2020,59.2,28.1,75.9,76.1
1049,2021,60.7,41.8,71.5,69.8
1049,2022,53.8,33.4,63.9,66.4
1049,2023,53.2,34.6,60.7,67.1
1049,2024,59.7,45.6,62.5,75.0
1049,2025,50.2,32.5,46.9,80.1
1050,2014,51.9,41.8,38.2,81.0
1050,2015,49.3,38.5,39.9,72.3
1050,2016,52.1,40.6,43.2,74.9
1050,2017,50.5,37.7,42.2,73.7
1050,2018,51.4,30.1,40.9,85.0
1050,2019,56.4,40.6,45.4,86.2
1050,2020,58.6,38.6,47.3,92.2
1050,2021,55.7,45.9,37.4,91.2
1050,2022,55.8,48.5,35.1,92.8
1050,2023,52.9,51.1,29.1,90.2
1051,2014,45.3,50.5,51.1,29.0
1051,2015,44.4,45.6,46.1,40.2
1051,2016,40.1,37.8,34.7,50.1
1051,2017,43.4,41.6,38.9,51.6
1051,2018,49.2,45.0,54.5,52.5
1051,2019,49.1,47.7,52.2,48.6
1051,2020,54.1,60.1,48.4,47.7
1051,2021,47.3,50.2,56.6,32.3
1051,2022,48.3,51.2,47.9,42.9
1051,2023,47.7,50.1,49.2,41.3
1051,2024,44.2,40.8,48.6,46.4
1051,2025,45.1,44.6,53.5,37.7
1052,2014,61.8,67.8,63.4,50.8
1052,2015,63.4,73.7,57.9,57.6
1052,2016,61.5,73.1,54.4,56.5
1053,2014,47.2,51.4,29.8,69.8
1053,2015,42.0,51.2,21.4,65.4
1053,2016,44.7,51.9,26.0,66.9
1053,2017,65.2,63.8,52.0,86.2
1054,2014,59.3,49.5,67.3,56.5
1054,2015,62.2,55.8,71.8,52.8
1054,2016,49.4,47.5,47.9,54.2
1054,2017,49.6,44.2,49.5,56.1
1054,2018,56.0,49.6,59.1,57.9
1054,2019,50.0,43.6,52.9,52.6
1054,2020,56.3,55.0,58.3,54.1
1054,2021,54.7,48.4,60.7,51.5
1054,2022,54.4,46.2,59.3,55.4
1054,2023,58.0,45.7,69.4,52.3
1054,2024,57.3,56.1,60.4,53.1
1054,2025,62.8,69.5,62.0,56.0
1055,2014,44.6,43.4,55.9,28.6
1055,2015,43.5,46.7,55.9,22.1
1055,2016,44.2,45.9,57.3,23.3
1055,2017,49.2,49.9,58.9,34.2
1055,2018,45.7,52.3,49.3,34.9
1055,2019,49.0,52.8,56.3,34.9
1055,2020,48.6,49.4,59.6,31.5
1055,2021,47.4,45.8,59.9,30.0
1055,2022,52.2,43.4,61.6,45.3
1055,2023,48.5,44.1,55.2,42.2
1055,2024,52.8,46.4,55.8,53.7
1055,2025,47.3,49.3,43.9,50.6
1056,2014,55.6,72.7,48.0,43.9
1056,2015,54.1,68.7,49.5,41.0
1056,2016,54.1,73.4,47.1,38.2
1056,2017,54.9,81.3,42.0,38.4
1056,2018,45.8,61.3,41.3,31.2
1056,2019,39.0,56.2,31.7,26.6
1056,2020,56.2,70.0,49.7,47.4
1056,2021,42.4,55.6,39.6,28.5
1056,2022,42.6,56.9,38.6,28.8
1056,2023,44.7,60.3,37.8,33.8
1056,2024,41.8,58.0,32.8,33.6
1056,2025,47.9,57.5,48.1,34.2
1057,2014,44.8,19.4,58.3,87.8
1057,2015,47.7,26.4,60.8,81.4
1057,2016,51.7,33.3,59.6,85.9
1057,2017,49.5,28.1,60.1,87.3
1057,2018,48.3,32.1,50.1,86.1
1057,2019,45.8,26.4,48.3,90.5
1057,2020,48.7,27.2,54.9,93.2
1058,2014,45.9,77.5,33.8,37.8
1058,2015,51.9,82.3,40.0,44.5
1058,2016,45.1,78.9,30.5,38.9
1058,2017,44.3,74.6,29.6,41.0
1058,2018,41.6,68.8,31.9,33.6
1058,2019,41.9,74.1,25.0,40.4
1058,2020,43.9,73.3,27.3,44.3
1058,2021,45.7,69.3,28.7,51.6
1058,2022,44.2,63.8,33.0,44.6
1058,2023,48.6,65.5,34.4,55.8
1058,2024,50.4,71.3,38.9,50.1
1058,2025,46.1,67.2,32.9,48.2
1059,2014,45.3,43.6,30.0,55.2
1059,2015,44.2,44.9,21.6,57.5
1059,2016,48.8,51.7,26.2,61.2
1059,2017,45.0,44.1,23.0,58.5
1059,2018,39.8,47.7,16.6,50.5
1059,2019,41.1,53.0,23.9,46.7
1059,2020,52.2,52.3,39.9,59.5
1059,2021,48.9,62.7,36.3,50.9
1059,2022,52.4,63.0,44.3,53.0
1059,2023,57.4,78.7,51.8,52.3
1059,2024,62.3,77.3,60.1,57.6
1059,2025,56.8,66.6,46.6,58.9
1060,2014,55.6,57.6,43.8,63.2
1060,2015,56.8,60.6,45.0,61.0
1060,2016,58.2,65.5,46.2,55.4
1060,2017,57.8,60.9,56.1,53.4
1060,2018,63.2,67.5,48.9,68.8
1060,2019,59.0,60.9,53.0,61.0
1060,2020,62.4,60.0,60.1,69.4
1060,2021,64.6,58.8,68.1,72.6
1060,2022,54.4,53.0,47.2,64.4
1060,2023,63.5,66.4,55.1,66.1
1060,2024,56.8,62.5,38.6,63.6
1060,2025,53.8,61.1,32.0,60.9
1061,2014,54.0,54.9,53.6,53.9
1061,2015,60.0,54.6,64.7,57.4
1061,2016,54.6,40.0,70.9,42.3
1061,2017,56.8,51.4,66.5,46.8
1061,2018,57.3,63.1,59.6,48.9
1061,2019,61.7,70.7,65.0,49.2
1061,2020,57.7,62.5,59.8,50.5
1061,2021,61.5,67.5,60.5,57.9
1061,2022,55.8,59.6,51.6,58.8
1061,2023,48.9,55.2,35.1,64.3
1061,2024,46.8,51.7,34.6,61.0
1061,2025,51.4,59.1,48.9,48.6
1062,2014,56.6,60.9,50.6,60.0
1062,2015,57.4,58.2,52.5,64.1
1062,2016,55.7,58.4,47.5,65.0
1062,2017,53.1,51.2,45.3,68.2
1062,2018,56.2,52.5,52.4,67.6
1062,2019,64.7,60.9,67.5,65.5
1062,2020,57.2,51.3,52.4,73.0
1062,2021,61.7,59.8,55.7,74.0
1062,2022,62.2,63.0,54.4,73.4
1062,2023,67.7,69.0,64.0,71.8
1062,2024,60.2,63.9,53.9,65.0
1062,2025,62.1,67.4,59.9,58.3
1063,2014,61.2,52.7,79.6,54.7
1063,2015,66.1,64.3,74.0,58.8
1063,2016,60.0,62.8,61.3,50.9
1063,2017,59.2,60.0,71.0,39.3
1063,2018,54.8,48.0,71.6,46.6
1063,2019,55.3,50.4,69.7,45.9
1063,2020,60.1,58.8,75.5,40.3
1063,2021,66.5,73.0,68.1,47.8
1063,2022,64.8,66.2,76.5,43.8
1063,2023,61.8,64.8,72.5,38.1
1063,2024,65.9,70.6,70.9,46.8
1063,2025,62.6,62.8,73.5,45.8
1064,2014,46.2,44.8,53.9,39.4
1064,2015,40.3,39.6,50.1,29.8
1064,2016,48.4,54.4,58.7,25.3
1064,2017,51.7,49.9,71.4,31.3
1064,2018,52.6,53.0,71.7,29.1
1064,2019,48.6,42.0,68.0,37.0
1064,2020,49.5,43.7,64.3,42.2
1064,2021,53.5,53.1,68.9,35.8
1064,2022,60.1,61.0,72.4,43.7
1065,2014,37.0,56.2,43.7,11.0
1065,2015,36.0,47.4,42.4,16.9
1065,2016,38.3,48.1,45.3,19.8
1065,2017,30.2,38.5,40.8,7.4
1065,2018,34.8,47.2,48.3,4.2
1065,2019,34.1,54.7,41.3,6.2
1065,2020,39.6,55.4,50.2,10.6
1065,2021,37.7,47.7,48.7,12.9
1065,2022,47.4,60.1,61.3,16.1
1065,2023,44.2,46.9,62.2,15.0
1065,2024,49.0,57.6,62.5,21.6
1065,2025,49.3,67.4,53.1,28.6
1066,2014,77.0,87.8,68.8,67.5
1066,2015,82.3,100.0,75.1,58.9
1066,2016,83.8,100.0,74.0,66.5
1066,2017,81.5,97.3,70.1,66.6
1066,2018,79.7,90.3,74.3,67.0
1066,2019,65.3,81.3,55.2,48.5
1066,2020,70.6,87.1,56.6,57.6
1066,2021,78.6,91.7,61.9,74.9
1066,2022,75.0,93.6,57.3,62.6
1066,2023,75.8,90.4,73.3,52.7
1066,2024,71.2,86.8,62.3,54.0
1066,2025,74.6,84.7,73.0,58.3
1067,2014,53.4,56.8,59.5,40.3
1067,2015,50.7,52.7,60.4,36.9
1067,2016,55.2,58.0,54.2,50.5
1067,2017,58.5,60.6,55.2,57.5
1067,2018,60.0,61.3,60.2,57.0
1067,2019,59.9,65.8,61.9,46.2
1067,2020,58.5,64.4,60.8,44.4
1068,2014,53.5,56.6,80.3,20.6
1068,2015,48.1,45.7,84.4,16.4
1068,2016,48.8,56.2,76.3,6.4
1068,2017,38.9,38.5,67.2,11.3
1068,2018,47.5,44.2,76.8,24.8
1068,2019,50.4,44.8,82.9,29.2
1068,2020,56.8,56.9,86.6,26.7
1068,2021,57.8,55.4,89.9,30.5
1068,2022,55.6,62.0,72.0,26.2
1068,2023,49.6,45.1,81.3,26.7
1068,2024,52.2,56.1,73.3,23.4
1068,2025,49.9,52.5,86.7,8.0
1069,2015,67.8,72.5,56.5,72.7
1069,2016,72.0,69.4,63.4,78.1
1069,2017,67.4,71.4,44.3,79.6
1069,2018,72.7,67.7,53.8,86.0
1069,2019,70.8,76.4,53.1,79.1
1069,2020,73.3,88.7,50.9,80.6
1069,2021,74.7,89.7,55.4,80.2
1069,2022,67.0,86.4,54.6,66.6
1069,2023,66.3,88.9,51.1,66.3
1069,2024,54.3,68.1,41.5,56.4
1069,2025,58.4,64.5,55.4,57.7
1070,2015,41.3,16.7,65.4,27.3
1070,2016,39.7,21.0,61.9,22.1
1070,2017,38.1,19.7,60.6,19.7
1070,2018,32.5,9.9,55.4,18.4
1070,2019,43.5,14.2,70.0,30.9
1070,2020,46.8,13.5,79.5,28.1
1070,2021,41.4,15.0,64.6,31.2
1070,2022,42.5,14.1,70.8,25.6
1070,2023,39.6,10.8,62.4,33.0
1070,2024,45.0,18.1,67.4,37.0
1070,2025,40.5,19.5,58.8,32.9
1071,2015,66.6,75.0,53.9,66.6
1071,2016,63.5,70.7,52.5,63.6
1071,2017,54.2,65.9,38.5,51.9
1071,2018,54.8,64.9,43.5,50.1
1071,2019,54.8,63.7,40.2,56.1
1071,2020,70.5,77.3,52.6,79.7
1071,2021,66.5,82.2,39.3,70.9
1071,2022,57.8,72.6,34.6,59.1
1071,2023,60.6,76.4,37.2,60.3
1071,2024,52.2,68.0,34.0,45.8
1071,2025,62.1,77.2,49.1,50.6
1072,2015,48.9,45.9,41.1,63.8
1072,2016,49.7,49.8,38.5,62.9
1072,2017,47.9,46.6,39.4,60.5
1072,2018,48.0,46.8,40.2,59.6
1072,2019,44.8,46.1,41.3,46.6
1072,2020,51.9,56.9,31.2,67.6
1072,2021,51.6,52.3,33.9,71.4
1072,2022,54.0,55.6,37.5,71.0
1072,2023,48.4,49.5,32.9,65.1
1072,2024,44.0,40.7,32.7,63.4
1072,2025,47.1,39.2,42.4,67.1
1073,2015,69.0,83.1,56.7,70.7
1073,2016,65.9,80.4,54.9,66.8
1073,2017,71.4,81.4,50.2,80.1
1073,2018,65.5,74.5,52.3,69.8
1073,2019,70.8,78.7,62.0,73.0
1073,2020,77.7,76.0,76.7,79.0
1073,2021,70.4,77.4,73.6,65.6
1073,2022,71.6,75.7,72.3,69.5
1073,2023,72.5,72.3,65.7,76.7
1073,2024,71.6,80.2,63.8,72.9
1073,2025,67.3,86.2,70.4,57.8
1074,2015,40.7,44.3,42.0,32.8
1074,2016,43.9,47.1,52.7,27.7
1074,2017,48.5,43.6,67.4,34.8
1074,2018,45.3,39.8,59.0,38.6
1074,2019,44.7,50.4,46.5,32.4
1074,2020,45.7,48.5,49.7,35.8
1074,2021,42.3,42.2,42.2,42.7
1074,2022,40.6,40.5,34.7,48.0
1074,2023,42.0,36.6,38.6,55.8
1074,2024,42.4,36.7,39.4,56.3
1074,2025,34.5,37.6,35.0,28.2
1075,2015,49.0,45.0,57.8,45.3
1075,2016,58.0,64.7,63.1,52.3
1075,2017,48.8,44.5,60.6,43.4
1075,2018,49.2,49.4,58.1,43.8
1075,2019,50.3,48.0,54.4,48.8
1075,2020,44.9,45.4,49.6,41.9
1075,2021,38.1,50.1,45.3,29.0
1075,2022,45.4,50.7,45.9,43.0
1075,2023,52.2,55.1,54.6,49.5
1075,2024,51.8,54.6,58.3,46.8
1075,2025,54.7,58.1,55.9,52.7
1076,2015,61.2,56.5,73.0,45.4
1076,2016,63.4,57.1,78.7,43.3
1076,2017,63.5,63.4,75.2,42.6
1076,2018,59.5,64.6,67.5,38.9
1076,2019,55.9,56.5,67.3,34.7
1076,2020,51.8,49.9,62.3,35.1
1076,2021,53.4,52.0,63.0,38.0
1076,2022,51.5,54.9,53.0,44.7
1077,2015,59.6,85.6,42.9,49.9
1077,2016,54.0,85.7,27.9,51.5
1077,2017,54.4,81.9,35.0,47.0
1077,2018,54.5,82.8,32.4,50.2
1077,2019,50.5,77.4,23.9,55.5
1077,2020,57.3,82.0,32.7,61.9
1077,2021,58.8,84.3,37.0,57.9
1077,2022,60.6,84.7,42.6,55.6
1077,2023,54.9,74.8,44.1,44.3
1077,2024,62.1,87.2,45.7,53.3
1077,2025,64.8,88.2,46.5,61.3
1078,2015,43.1,52.7,61.6,28.1
1078,2016,44.1,50.3,51.6,37.2
1078,2017,46.0,42.9,49.8,44.9
1078,2018,49.3,45.9,60.0,44.3
1078,2019,50.3,40.4,61.5,47.6
1078,2020,53.3,31.9,67.2,53.5
1078,2021,54.3,37.6,65.7,54.2
1078,2022,54.9,41.6,68.3,52.1
1078,2023,48.2,45.9,68.1,37.2
1078,2024,38.2,28.8,63.6,26.7
1078,2025,41.9,29.3,59.9,36.1
1079,2015,60.3,76.7,37.5,50.4
1079,2016,68.8,93.8,33.0,54.8
1079,2017,66.1,91.4,35.8,45.8
1079,2018,62.8,84.7,43.7,38.0
1079,2019,70.5,94.4,50.7,42.6
1079,2020,69.2,89.0,52.0,46.7
1079,2021,57.4,70.4,50.3,38.6
1079,2022,56.2,65.8,44.7,48.7
1079,2023,54.8,63.1,43.0,49.8
1079,2024,63.4,77.5,46.6,51.8
1079,2025,57.1,74.6,34.3,45.0
1080,2015,55.4,45.7,79.2,33.4
1080,2016,55.4,43.9,75.0,40.7
1080,2017,51.7,42.1,71.6,34.8
1080,2018,50.1,42.0,70.3,31.4
1080,2019,48.1,40.9,63.6,34.5
1080,2020,49.0,32.2,70.9,36.5
1080,2021,50.3,34.7,68.6,41.6
1080,2022,51.9,43.5,68.9,37.5
1080,2023,52.2,55.0,60.8,38.1
1080,2024,52.6,47.6,64.8,41.2
1080,2025,52.7,60.3,59.5,35.9
1081,2015,72.5,70.1,89.5,53.1
1081,2016,73.2,70.2,94.8,48.5
1081,2017,66.1,66.6,80.9,42.9
1081,2018,59.5,58.1,68.9,48.7
1081,2019,61.7,60.0,69.4,54.5
1081,2020,61.5,56.7,76.9,50.5
1081,2021,74.2,75.8,87.4,50.3
1081,2022,74.9,75.2,95.4,43.5
1081,2023,72.7,80.6,82.6,38.0
1081,2024,74.1,78.0,84.7,48.4
1081,2025,79.2,78.5,94.0,59.0
1082,2015,48.6,38.0,38.5,58.9
1082,2016,48.1,42.8,39.8,55.2
1082,2017,50.0,49.1,50.7,50.0
1082,2018,50.1,47.1,47.8,52.6
1082,2019,49.8,51.3,37.9,56.3
1082,2020,48.9,45.5,35.3,58.5
1082,2021,55.5,42.9,47.8,65.1
1082,2022,51.4,40.5,42.8,61.0
1082,2023,55.2,57.5,40.6,63.1
1082,2024,55.3,63.2,39.5,61.6
1082,2025,49.3,66.4,26.6,56.1
1083,2015,53.6,56.7,66.0,27.4
1083,2016,55.6,52.4,76.4,32.3
1083,2017,52.2,50.1,73.8,25.0
1083,2018,54.8,54.4,81.9,15.1
1083,2019,55.6,51.1,82.7,26.2
1083,2020,63.5,66.8,77.7,33.9
1083,2021,54.1,49.3,72.5,38.4
1083,2022,52.8,44.1,78.6,35.8
1083,2023,34.9,29.2,52.8,22.2
1083,2024,39.0,36.1,55.5,21.6
1083,2025,42.8,42.0,58.5,21.2
1084,2015,34.3,11.2,54.9,61.1
1084,2016,37.8,19.2,54.1,59.9
1084,2017,34.6,5.2,61.6,67.6
1084,2018,36.7,9.2,62.2,67.0
1084,2019,34.9,6.0,59.2,70.6
1085,2015,43.8,41.7,36.4,60.0
1085,2016,46.2,51.1,33.3,53.2
1085,2017,49.5,55.2,36.6,54.5
1086,2015,57.6,47.7,71.5,58.6
1086,2016,61.1,55.1,66.3,65.7
1086,2017,60.9,54.1,62.1,71.6
1086,2018,57.8,55.5,54.0,66.7
1086,2019,58.7,57.0,55.2,65.9
1086,2020,55.3,58.2,46.9,60.2
1086,2021,51.3,54.9,41.0,57.1
1086,2022,53.3,53.1,48.5,59.5
1086,2023,56.9,55.2,60.3,55.7
1086,2024,62.8,51.4,80.3,62.4
1086,2025,56.7,41.9,85.3,49.1
1087,2015,59.4,50.7,75.7,46.4
1087,2016,54.1,46.9,68.7,41.7
1087,2017,45.8,37.3,64.4,29.5
1087,2018,49.2,50.2,57.6,37.1
1087,2019,52.9,49.8,67.0,37.2
1087,2020,57.7,52.3,73.3,42.4
1087,2021,52.0,44.6,62.7,45.3
1087,2022,48.0,40.9,51.9,49.8
1087,2023,48.6,42.3,49.9,53.0
1088,2015,67.6,90.6,66.6,50.1
1088,2016,58.9,87.2,50.1,48.5
1088,2017,64.7,75.1,62.8,58.8
1088,2018,71.2,94.1,64.0,63.0
1088,2019,64.8,96.3,50.8,59.7
1088,2020,63.8,90.2,57.8,50.9
1088,2021,61.9,91.8,54.0,48.9
1088,2022,71.0,91.9,67.8,58.5
1088,2023,73.7,88.3,70.2,66.8
1088,2024,66.1,80.1,58.4,66.1
1088,2025,69.8,87.7,65.2,61.8
1089,2015,61.5,66.6,64.5,44.2
1089,2016,64.1,68.7,66.8,48.4
1089,2017,63.8,65.8,77.2,38.6
1089,2018,62.3,62.1,76.7,41.2
1089,2019,66.0,69.2,77.3,41.1
1089,2020,58.9,56.4,75.8,39.6
1089,2021,60.1,65.2,70.7,31.4
1089,2022,64.0,66.3,74.0,43.3
1089,2023,57.1,52.6,76.7,38.8
1089,2024,66.6,69.9,76.3,44.0
1089,2025,66.1,76.5,64.7,42.0
1090,2015,57.6,72.8,35.4,71.9
1090,2016,59.7,81.7,40.8,59.2
1090,2017,59.8,86.0,40.0,55.0
1090,2018,59.5,89.4,35.3,56.4
1091,2015,57.6,48.4,74.4,59.3
1091,2016,54.5,40.9,82.5,53.6
1091,2017,59.1,45.1,90.1,56.0
1091,2018,53.9,36.3,81.9,61.0
1091,2019,49.2,32.3,71.0,61.3
1091,2020,53.0,41.9,65.8,62.3
1091,2021,53.4,42.5,75.8,52.8
1091,2022,61.1,52.0,82.4,57.9
1091,2023,65.3,53.9,90.3,63.0
1091,2024,55.1,43.0,86.1,48.3
1091,2025,56.5,50.2,86.8,38.7
1092,2015,54.3,50.5,55.3,55.2
1092,2016,55.5,42.5,52.1,62.7
1092,2017,55.2,42.9,53.1,61.4
1092,2018,51.6,45.3,61.4,48.2
1092,2019,56.6,54.4,61.6,54.4
1092,2020,52.6,38.4,59.1,54.4
1092,2021,53.3,36.2,56.6,58.2
1092,2022,61.9,49.4,57.6,69.5
1092,2023,62.4,51.1,55.4,71.1
1092,2024,61.3,49.2,60.1,66.8
1092,2025,65.6,62.2,62.9,68.6
1093,2015,40.0,49.7,21.4,39.1
1093,2016,42.2,55.8,27.1,30.1
1093,2017,42.5,49.2,27.0,44.6
1093,2018,41.8,45.5,27.9,48.5
1093,2019,46.4,52.4,38.0,42.7
1093,2020,37.2,37.5,37.1,36.9
1093,2021,42.0,41.6,38.5,46.4
1093,2022,45.6,46.3,43.5,46.3
1093,2023,39.2,40.6,30.3,45.1
1093,2024,44.2,46.5,36.6,47.1
1093,2025,49.9,51.9,37.5,58.2
1094,2015,44.7,31.8,48.5,56.5
1094,2016,41.0,34.2,40.1,52.0
1094,2017,43.5,33.5,45.8,53.9
1094,2018,45.8,31.7,54.1,52.1
1094,2019,37.1,20.0,46.0,46.8
1094,2020,37.9,19.0,48.7,47.2
1094,2021,42.7,26.0,53.7,48.6
1094,2022,44.1,25.8,54.1,53.7
1094,2023,42.9,33.7,49.6,45.2
1094,2024,42.0,38.9,47.9,36.8
1094,2025,47.5,33.4,60.3,46.9
1095,2015,58.1,57.6,57.0,60.5
1095,2016,56.9,59.6,50.6,59.5
1095,2017,52.8,47.5,53.3,61.9
1095,2018,57.8,49.3,62.7,67.3
1095,2019,56.5,52.3,58.4,61.6
1095,2020,59.3,64.6,53.0,57.5
1095,2021,67.6,69.1,66.4,66.4
1095,2022,56.8,51.9,57.4,64.9
1095,2023,60.9,60.3,60.5,62.4
1095,2024,60.8,69.1,55.7,52.0
1096,2015,36.7,39.2,38.3,32.2
1096,2016,38.8,34.6,44.8,34.9
1096,2017,34.6,31.3,43.4,26.3
1096,2018,36.6,42.4,40.4,25.6
1096,2019,39.4,44.5,40.2,33.4
1096,2020,38.4,42.3,34.3,39.9
1096,2021,35.9,38.9,33.0,36.7
1096,2022,35.7,36.4,34.0,37.3
1096,2023,40.5,47.2,41.8,32.0
1097,2015,55.6,42.7,72.3,47.0
1097,2016,56.4,42.4,71.6,51.6
1097,2017,56.4,40.5,80.5,40.3
1097,2018,57.8,49.7,79.4,34.5
1097,2019,54.2,54.8,66.6,33.6
1097,2020,50.8,43.7,62.9,41.2
1097,2021,48.2,53.4,51.8,35.3
1097,2022,45.0,45.7,52.4,32.2
1097,2023,47.0,42.0,55.0,41.1
1097,2024,48.7,45.8,57.4,39.0
1097,2025,47.1,34.6,66.1,34.2
1098,2015,71.4,89.4,63.5,58.7
1098,2016,71.6,96.6,60.9,53.6
1098,2017,73.5,94.4,63.6,60.2
1098,2018,65.7,77.5,59.6,58.8
1098,2019,67.4,83.0,57.9,60.8
1098,2020,67.9,81.2,57.5,66.0
1098,2021,62.5,80.9,52.7,52.3
1098,2022,58.6,76.0,44.7,56.3
1098,2023,64.6,79.0,51.1,66.0
1098,2024,70.5,84.3,61.1,66.4
1099,2016,53.8,69.3,30.2,61.7
1099,2017,60.9,93.3,28.1,67.6
1099,2018,60.3,99.6,32.8,61.0
1099,2019,64.3,99.7,22.5,75.3
1099,2020,67.0,98.1,31.1,76.1
1099,2021,56.9,85.1,31.5,60.8
1099,2022,50.1,89.8,29.2,46.7
1099,2023,41.5,75.0,21.7,40.0
1099,2024,56.6,77.5,45.0,55.2
1099,2025,65.1,83.2,59.3,61.3
1100,2016,56.7,57.2,61.0,50.5
1100,2017,49.3,48.7,48.9,50.3
1100,2018,54.0,50.1,56.8,54.1
1100,2019,53.4,56.7,52.7,51.1
1100,2020,58.1,66.3,57.0,51.5
1100,2021,62.0,64.8,62.9,57.9
1100,2022,63.8,61.8,69.3,58.5
1101,2016,65.2,64.1,63.0,70.6
1101,2017,62.1,55.5,64.2,66.1
1101,2018,64.0,52.7,67.8,70.6
1101,2019,69.6,59.0,75.0,72.4
1101,2020,70.3,58.4,81.5,64.3
1101,2021,66.7,59.7,82.8,46.1
1101,2022,67.4,53.1,82.6,57.2
1101,2023,67.7,48.7,83.9,61.5
1101,2024,60.6,52.9,62.5,66.5
1101,2025,60.4,52.1,63.3,65.3
1102,2016,56.7,62.3,41.2,75.4
1102,2017,55.1,63.4,37.0,75.3
1102,2018,51.1,60.3,35.7,66.4
1102,2019,54.0,62.9,34.1,76.5
1102,2020,56.7,65.3,40.7,73.6
1102,2021,55.9,65.3,41.2,70.2
1102,2022,55.7,64.0,37.0,76.7
1102,2023,60.4,51.6,45.4,90.2
1102,2024,60.0,54.8,39.9,94.6
1102,2025,62.8,51.9,47.0,95.7
1103,2016,52.0,39.0,49.4,72.1
1103,2017,55.0,39.8,53.9,75.3
1103,2018,56.4,42.0,57.7,71.5
1104,2016,59.0,72.7,29.3,71.3
1104,2017,57.9,76.0,24.3,70.8
1104,2018,62.5,77.6,38.3,70.9
1104,2019,64.4,76.7,44.2,71.6
1104,2020,67.0,72.8,41.1,80.2
1104,2021,66.8,72.7,45.7,77.2
1104,2022,62.5,78.6,46.7,65.5
1104,2023,60.6,83.4,38.2,65.0
1104,2024,61.2,83.1,32.5,69.7
1104,2025,62.3,87.5,33.8,69.4
1105,2016,52.0,77.6,54.6,26.9
1105,2017,50.1,81.4,44.6,32.1
1105,2018,55.8,84.5,50.8,39.3
1105,2019,56.5,82.4,54.0,38.7
1105,2020,53.5,72.2,51.0,41.8
1105,2021,60.8,72.8,60.5,51.4
1105,2022,59.9,76.3,57.9,49.3
1105,2023,64.3,85.5,63.5,47.7
1105,2024,64.5,85.2,62.4,50.4
1105,2025,59.2,82.2,58.6,41.1
1106,2016,65.0,54.6,85.5,60.3
1106,2017,67.7,57.0,88.1,63.8
1106,2018,64.4,51.0,82.5,70.5
1106,2019,59.4,41.3,83.0,69.0
1106,2020,66.4,53.9,87.5,66.2
1106,2021,52.0,41.9,62.5,61.5
1106,2022,48.5,38.3,63.1,52.0
1106,2023,46.6,36.0,62.9,48.4
1106,2024,53.5,44.7,72.3,47.2
1106,2025,70.1,68.2,84.7,52.7
1107,2016,66.7,72.7,65.2,62.1
1107,2017,66.0,72.4,63.8,62.3
1107,2018,61.5,69.9,53.7,65.6
1107,2019,64.1,77.3,57.1,61.0
1107,2020,69.3,79.7,61.9,70.2
1107,2021,71.7,82.5,62.1,75.9
1107,2022,67.7,73.5,60.2,74.2
1107,2023,72.7,72.3,75.4,68.5
1107,2024,70.2,64.9,73.0,71.7
1107,2025,66.6,58.4,68.3,73.3
1108,2016,64.9,70.6,43.6,80.1
1108,2017,70.6,81.9,49.9,75.0
1108,2018,67.9,82.1,48.9,65.0
1108,2019,69.8,79.7,52.2,73.0
1108,2020,64.8,75.5,35.5,80.5
1108,2021,62.5,72.9,33.4,78.7
1108,2022,61.1,66.8,40.7,75.5
1108,2023,64.8,70.4,44.7,79.0
1108,2024,59.4,61.9,43.6,74.0
1108,2025,63.7,69.5,47.7,72.5
1109,2016,48.2,51.2,34.1,63.9
1109,2017,49.6,48.7,41.0,61.8
1109,2018,51.7,51.4,44.5,61.7
1109,2019,48.8,43.8,44.6,59.3
1109,2020,51.7,43.3,49.4,63.1
1109,2021,52.6,56.2,41.3,64.2
1109,2022,55.1,62.6,42.9,64.0
1109,2023,52.5,70.4,28.9,66.0
1109,2024,42.3,46.9,25.5,60.2
1109,2025,51.4,68.5,27.1,66.8
1110,2016,38.2,39.5,35.8,38.0
1110,2017,37.1,37.4,48.1,25.5
1110,2018,39.6,37.1,49.3,35.0
1110,2019,39.6,30.9,53.1,43.6
1110,2020,38.0,28.6,48.2,46.6
1110,2021,39.6,33.3,36.9,54.8
1110,2022,40.3,40.0,35.5,45.7
1110,2023,36.9,34.7,37.6,40.7
1110,2024,41.9,45.0,36.6,41.0
1110,2025,45.4,52.3,41.5,35.7
1111,2016,40.9,45.0,33.7,46.8
1111,2017,38.2,45.7,27.5,44.8
1111,2018,42.8,51.4,33.6,45.4
1111,2019,43.4,54.2,28.1,52.6
1111,2020,42.8,49.1,34.8,46.6
1111,2021,38.5,47.6,29.2,40.8
1111,2022,39.9,47.2,34.6,38.3
1111,2023,39.4,51.9,30.2,36.7
1111,2024,38.1,49.9,25.0,42.6
1111,2025,37.3,58.4,23.4,30.2
1112,2016,49.0,51.5,45.6,47.6
1112,2017,52.1,51.4,48.9,56.8
1112,2018,52.0,45.0,60.5,57.3
1112,2019,59.5,59.5,60.8,58.3
1112,2020,53.9,54.3,52.8,54.1
1112,2021,47.6,45.8,45.2,53.4
1112,2022,45.2,42.4,41.5,54.6
1112,2023,50.0,53.3,45.6,47.8
1112,2024,49.0,56.5,35.0,48.1
1112,2025,49.8,52.0,38.1,57.1
1113,2016,60.0,69.0,49.8,64.5
1113,2017,57.4,60.8,43.9,71.9
1113,2018,65.3,67.7,58.2,72.3
1113,2019,62.9,71.8,51.0,69.9
1113,2020,68.6,68.1,54.6,87.9
1113,2021,65.8,75.7,48.1,79.4
1113,2022,65.5,78.2,44.4,81.0
1113,2023,64.5,75.5,45.6,78.7
1113,2024,63.7,70.7,43.6,83.6
1113,2025,58.3,70.2,40.4,70.2
1114,2016,66.8,45.0,58.9,80.3
1114,2017,67.4,44.3,52.7,85.5
1114,2018,62.8,48.8,52.4,74.6
1114,2019,59.3,51.7,58.1,63.1
1114,2020,60.3,56.1,47.5,69.6
1114,2021,65.4,53.1,51.8,78.4
1114,2022,62.9,47.7,52.9,75.0
1114,2023,61.6,60.0,49.1,69.7
1114,2024,64.8,60.2,56.8,71.5
1114,2025,60.9,48.5,49.7,72.5
1115,2016,56.2,35.6,50.3,67.9
1115,2017,59.3,41.2,56.3,68.3
1115,2018,60.7,42.2,54.4,71.8
1116,2016,60.3,57.3,49.3,77.9
1116,2017,64.4,65.5,52.3,79.4
1116,2018,65.9,75.6,54.0,72.2
1116,2019,70.9,80.9,62.7,71.8
1116,2020,69.4,77.7,57.5,76.8
1116,2021,71.5,71.5,66.3,78.3
1116,2022,65.2,74.1,54.3,70.7
1116,2023,71.2,77.3,66.4,71.6
1116,2024,68.6,66.2,73.0,65.1
1116,2025,66.8,67.2,66.2,67.3
1117,2016,57.8,58.7,46.1,72.5
1117,2017,55.4,60.9,34.9,77.1
1117,2018,53.7,59.0,35.0,73.4
1117,2019,56.5,63.3,36.6,76.1
1117,2020,58.6,59.1,46.5,74.2
1117,2021,50.1,57.2,33.1,65.7
1117,2022,55.7,62.4,36.1,75.2
1117,2023,56.8,61.2,32.6,84.5
1117,2024,55.0,53.9,33.3,85.2
1117,2025,58.3,58.9,35.2,88.6
1118,2016,56.9,66.7,56.5,37.8
1118,2017,57.7,68.3,57.7,36.5
1118,2018,56.7,60.4,69.1,36.8
1118,2019,53.9,59.8,65.9,30.2
1118,2020,61.7,64.5,74.9,42.9
1118,2021,51.4,58.4,59.6,29.0
1118,2022,62.6,75.9,58.0,40.8
1118,2023,66.0,82.7,54.1,44.6
1119,2016,67.0,61.7,90.5,45.0
1119,2017,70.0,62.2,96.6,49.6
1119,2018,72.2,63.8,93.0,61.8
1119,2019,68.5,61.5,88.0,56.8
1119,2020,71.5,61.9,96.5,57.8
1119,2021,70.5,68.4,86.4,52.0
1119,2022,71.1,72.8,78.5,55.7
1120,2016,65.3,56.3,67.8,69.2
1120,2017,61.8,50.2,69.2,60.3
1120,2018,59.1,48.8,69.4,52.3
1120,2019,54.9,52.9,59.0,50.4
1120,2020,59.1,65.2,51.9,64.8
1120,2021,60.1,70.9,50.0,66.1
1120,2022,64.9,77.8,55.5,68.4
1120,2023,65.0,88.4,55.6,59.7
1120,2024,59.0,75.2,48.0,62.0
1120,2025,60.8,77.0,55.7,55.0
1121,2016,48.0,55.7,48.1,38.6
1121,2017,47.5,58.0,44.6,40.2
1121,2018,36.4,58.1,25.6,29.6
1121,2019,31.8,55.2,22.1,21.1
1121,2020,35.1,51.8,27.2,29.4
1121,2021,34.6,44.7,29.4,31.8
1121,2022,34.6,44.1,30.0,31.5
1121,2023,36.1,43.1,33.0,33.2
1121,2024,42.0,50.9,35.2,43.6
1121,2025,44.9,50.7,39.4,47.7
1122,2016,29.6,49.3,11.6,40.1
1122,2017,28.1,56.3,7.4,35.5
1122,2018,27.3,52.3,9.0,33.9
1122,2019,26.3,43.1,11.8,34.0
1122,2020,27.8,46.8,9.6,39.4
1122,2021,26.2,58.5,0.0,38.7
1122,2022,24.6,46.4,5.1,35.6
1122,2023,20.0,47.2,0.0,27.3
1122,2024,21.4,46.0,4.5,26.3
1122,2025,34.5,62.5,16.0,39.0
1123,2016,55.1,64.9,50.1,52.4
1123,2017,51.7,43.6,54.3,56.7
1123,2018,50.9,52.3,52.0,47.1
1123,2019,54.6,59.3,56.0,46.3
1123,2020,56.2,52.0,62.5,49.7
1123,2021,65.2,63.6,68.0,62.1
1123,2022,60.0,70.3,56.8,53.3
1123,2023,58.9,60.8,63.6,48.2
1123,2024,50.8,61.5,56.5,27.7
1123,2025,57.4,63.0,62.9,40.9
1124,2016,50.9,54.1,57.4,37.5
1124,2017,51.3,51.3,60.0,41.0
1124,2018,55.9,55.7,62.7,48.2
1124,2019,57.8,53.1,71.3,49.9
1124,2020,52.3,45.7,63.5,50.6
1124,2021,52.3,46.9,58.6,54.4
1124,2022,46.1,36.0,63.4,43.5
1124,2023,50.3,45.0,68.4,38.2
1124,2024,51.1,53.6,59.8,36.2
1124,2025,55.7,55.6,66.0,43.7
1125,2016,39.1,53.4,28.2,41.7
1125,2017,37.8,57.4,22.0,42.9
1125,2018,38.9,64.3,23.5,36.1
1125,2019,38.8,61.9,20.0,44.9
1125,2020,37.2,69.1,10.3,47.5
1125,2021,32.0,60.4,10.4,36.7
1125,2022,25.3,44.0,10.7,29.2
1125,2023,28.8,56.4,7.8,33.3
1125,2024,31.9,54.5,13.9,37.3
1125,2025,33.8,53.1,17.6,39.6
1126,2017,65.7,76.5,57.7,65.7
1126,2018,70.0,76.3,64.1,71.6
1126,2019,67.3,70.1,66.0,66.1
1126,2020,71.9,83.4,64.4,70.5
1126,2021,68.6,78.2,64.5,64.6
1126,2022,72.6,80.5,71.6,66.2
1126,2023,70.8,77.4,74.4,59.4
1126,2024,71.1,78.4,71.5,63.2
1126,2025,69.8,77.9,66.1,66.8
1127,2017,57.8,58.3,58.6,55.3
1127,2018,54.9,57.7,54.0,49.4
1127,2019,53.8,59.2,51.3,43.9
1127,2020,57.9,66.0,47.5,53.4
1127,2021,56.9,58.8,54.1,56.2
1127,2022,59.2,62.8,53.8,58.2
1127,2023,61.0,65.5,60.6,50.5
1127,2024,59.2,58.1,64.0,54.9
1127,2025,59.4,63.8,55.5,54.0
1128,2017,54.3,35.4,65.0,75.5
1128,2018,53.6,31.4,64.6,80.3
1128,2019,53.1,29.3,63.5,83.6
1128,2020,53.4,31.4,62.0,82.5
1128,2021,56.9,32.9,80.7,71.6
1128,2022,54.2,34.5,65.4,76.3
1128,2023,53.5,35.1,66.3,71.3
1128,2024,54.0,35.1,69.1,70.1
1128,2025,63.0,51.9,65.0,80.5
1129,2017,52.1,57.1,50.6,50.3
1129,2018,50.7,50.7,53.7,46.2
1129,2019,54.3,49.9,57.3,53.5
1129,2020,55.2,40.1,68.5,47.8
1130,2017,67.1,74.1,46.3,80.6
1130,2018,65.6,71.4,50.0,74.5
1130,2019,67.8,73.8,50.6,78.8
1130,2020,72.2,82.7,44.2,87.9
1130,2021,74.9,85.9,51.0,83.4
1130,2022,75.1,85.5,50.6,85.8
1130,2023,66.9,72.1,48.4,81.6
1130,2024,65.3,73.2,41.0,82.0
1130,2025,69.0,80.1,48.2,72.3
1131,2017,48.8,54.4,40.5,56.7
1131,2018,45.0,54.1,30.1,59.7
1131,2019,53.1,56.1,41.4,68.2
1131,2020,53.0,48.3,41.8,73.8
1131,2021,56.2,62.8,41.3,73.0
1131,2022,54.3,63.9,41.1,66.2
1131,2023,60.7,58.8,45.8,84.6
1131,2024,57.1,56.2,41.4,81.4
1131,2025,57.5,61.4,40.6,79.7
1132,2017,68.9,66.8,74.0,62.2
1132,2018,68.2,68.2,73.1,59.5
1132,2019,65.6,55.8,72.5,65.1
1132,2020,67.9,59.8,67.3,78.7
1132,2021,65.5,64.2,64.1,69.6
1132,2022,71.1,62.4,70.1,83.5
1132,2023,71.3,58.8,77.9,74.5
1132,2024,68.4,53.6,77.4,69.8
1132,2025,73.8,55.4,84.8,76.0
1133,2017,52.9,40.3,51.9,58.5
1133,2018,54.4,34.3,49.8,65.1
1133,2019,50.7,31.0,41.9,63.8
1133,2020,51.0,40.3,39.0,62.5
1133,2021,52.6,45.4,44.4,60.4
1133,2022,50.9,43.8,46.8,56.2
1133,2023,53.1,41.9,51.0,58.9
1133,2024,54.0,34.3,48.8,65.0
1133,2025,57.9,39.0,58.3,65.3
1134,2017,50.2,59.1,39.0,47.6
1134,2018,51.4,59.9,43.9,44.9
1134,2019,50.4,60.3,47.8,35.8
1134,2020,53.3,64.1,50.0,38.0
1134,2021,57.1,64.9,51.5,49.6
1134,2022,62.4,70.5,58.3,52.8
1134,2023,58.2,60.0,62.5,49.7
1134,2024,58.8,59.8,62.0,53.0
1134,2025,57.7,68.1,50.8,47.2
1135,2017,43.9,69.8,29.0,31.6
1135,2018,41.3,70.8,28.5,20.5
1135,2019,49.1,73.6,36.9,34.5
1135,2020,49.5,76.4,32.6,38.7
1135,2021,44.6,73.2,29.5,28.7
1135,2022,46.0,76.3,31.8,26.2
1135,2023,52.2,77.2,40.9,35.4
1135,2024,52.6,84.1,33.7,38.9
1135,2025,53.1,83.9,29.9,47.1
1136,2017,58.4,61.9,70.8,49.6
1136,2018,61.6,70.0,68.4,54.1
1136,2019,56.7,67.3,56.6,52.5
1136,2020,56.2,62.7,62.2,50.0
1136,2021,54.0,59.6,51.4,53.3
1136,2022,58.9,72.2,44.0,62.5
1136,2023,62.2,92.1,46.3,59.8
1137,2017,63.2,44.9,88.1,48.9
1137,2018,65.6,47.5,93.8,45.8
1137,2019,66.1,43.1,92.6,56.0
1137,2020,67.0,41.9,96.4,55.1
1137,2021,68.1,43.6,95.0,59.5
1137,2022,74.9,55.2,100.0,62.3
1137,2023,72.3,58.3,91.1,62.0
1137,2024,72.3,53.9,97.3,58.0
1137,2025,71.5,54.3,95.5,57.1
1138,2017,38.4,51.2,14.8,42.0
1138,2018,45.6,62.5,17.4,45.5
1138,2019,47.5,61.3,21.8,51.5
1138,2020,56.4,76.4,21.1,59.5
1138,2021,50.7,72.3,12.7,53.6
1139,2017,70.9,82.3,61.0,57.9
1139,2018,68.2,77.7,58.2,59.3
1139,2019,62.0,70.3,43.7,63.8
1139,2020,74.6,87.5,53.6,69.8
1139,2021,67.0,81.0,46.8,59.2
1139,2022,57.6,75.9,30.0,48.5
1139,2023,57.2,79.4,25.8,44.0
1139,2024,61.3,85.9,28.7,44.6
1139,2025,68.0,93.7,41.9,42.7
1140,2017,62.5,51.7,62.3,89.8
1140,2018,65.5,55.6,60.6,97.6
1140,2019,64.0,57.9,56.6,90.1
1140,2020,56.6,50.1,42.6,94.1
1140,2021,60.4,56.2,49.7,87.0
1140,2022,55.2,61.6,28.4,79.6
1140,2023,59.7,57.2,50.0,80.4
1140,2024,43.1,38.1,38.2,62.7
1140,2025,55.1,41.4,63.4,77.1
1141,2017,63.3,88.0,51.9,54.2
1141,2018,65.1,87.7,52.8,60.2
1141,2019,69.0,93.3,54.0,66.8
1141,2020,65.9,91.2,51.9,60.6
1141,2021,59.8,85.0,47.9,51.0
1141,2022,64.8,93.4,51.0,55.5
1141,2023,62.0,95.8,43.8,54.3
1141,2024,67.3,100.0,47.9,63.1
1141,2025,66.1,99.1,51.2,53.4
1142,2017,57.9,55.6,47.9,78.8
1142,2018,63.1,58.9,58.3,76.7
1142,2019,61.5,61.6,48.4,84.8
1142,2020,64.4,67.7,49.9,86.5
1142,2021,56.9,63.1,38.5,82.7
1142,2022,68.9,73.0,58.4,82.7
1142,2023,63.7,72.0,50.5,77.5
1142,2024,62.0,63.5,57.4,68.4
1142,2025,54.9,61.5,45.9,63.2
1143,2017,46.0,37.3,33.7,75.7
1143,2018,42.6,30.7,30.4,78.6
1143,2019,41.4,28.4,26.8,81.9
1143,2020,46.5,34.6,28.7,88.1
1143,2021,49.4,41.2,26.5,88.5
1143,2022,49.5,44.6,22.2,86.5
1143,2023,56.5,50.2,43.1,82.5
1143,2024,52.4,46.5,35.8,80.9
1143,2025,52.4,45.7,36.3,81.7
1144,2017,69.2,51.4,93.8,47.3
1144,2018,64.8,47.2,93.1,37.0
1144,2019,67.1,48.5,94.2,42.1
1144,2020,73.9,63.7,93.8,52.6
1144,2021,72.6,56.1,97.8,48.6
1144,2022,67.4,51.1,94.0,41.1
1144,2023,72.4,51.9,100.0,48.2
1144,2024,71.2,46.7,100.0,48.5
1144,2025,69.1,47.2,93.7,50.3
1145,2017,58.0,26.4,60.2,69.3
1145,2018,52.0,25.2,57.7,59.4
1145,2019,50.9,25.5,57.8,56.9
1145,2020,52.1,18.6,51.1,66.1
1145,2021,56.2,32.7,48.6,70.2
1145,2022,54.2,43.0,61.3,54.5
1145,2023,57.2,44.6,60.1,60.4
1145,2024,56.2,41.0,64.7,57.1
1145,2025,51.7,29.8,55.2,58.3
1146,2017,36.1,43.1,38.1,20.0
1146,2018,41.4,51.5,42.5,19.9
1146,2019,33.8,43.2,37.0,11.6
1146,2020,33.8,48.0,26.5,12.9
1146,2021,37.7,47.4,37.5,18.3
1146,2022,40.8,53.4,43.2,13.3
1146,2023,40.3,46.3,47.8,20.7
1146,2024,45.2,53.3,46.7,27.3
1146,2025,36.4,45.8,36.8,17.4
1147,2017,42.6,38.0,33.1,64.1
1147,2018,47.8,38.4,38.0,76.5
1147,2019,55.4,50.5,44.8,79.2
1147,2020,56.7,61.8,37.8,79.7
1147,2021,49.8,50.8,31.3,78.0
1147,2022,46.8,52.1,25.7,73.1
1147,2023,37.0,43.6,14.2,64.3
1147,2024,45.2,53.8,24.6,66.0
1147,2025,46.6,46.8,27.7,76.4
1148,2017,63.8,63.0,64.4,63.8
1148,2018,63.7,56.0,67.6,68.1
1148,2019,61.1,53.7,60.9,71.8
1148,2020,66.4,63.5,64.0,74.1
1148,2021,65.3,63.6,57.4,80.3
1148,2022,62.9,69.2,56.5,64.3
1148,2023,57.4,68.2,43.9,63.8
1148,2024,60.6,66.9,55.6,59.8
1148,2025,61.1,70.7,54.2,58.6
1149,2017,52.1,55.8,63.0,32.8
1149,2018,57.4,59.3,62.9,47.6
1149,2019,54.5,57.9,62.0,40.4
1149,2020,56.6,63.2,62.7,42.1
1149,2021,54.5,53.6,61.7,44.3
1149,2022,56.0,68.4,62.7,35.7
1149,2023,64.2,63.4,81.2,39.5
1149,2024,73.8,64.3,99.7,43.0
1150,2017,59.7,46.4,68.2,73.3
1150,2018,58.8,35.1,80.2,75.8
1150,2019,61.9,42.2,83.5,71.5
1150,2020,64.0,46.9,86.0,68.3
1150,2021,57.9,38.8,69.8,78.1
1150,2022,57.8,47.7,56.1,78.1
1150,2023,55.6,38.2,59.7,82.0
1151,2017,62.8,75.7,64.7,47.3
1151,2018,58.1,68.8,60.4,44.2
1151,2019,61.8,74.2,56.0,57.0
1151,2020,58.8,78.7,55.1,43.7
1151,2021,66.4,75.9,73.7,47.3
1151,2022,64.7,82.5,71.1,38.5
1151,2023,62.6,78.8,73.3,32.3
1151,2024,74.0,95.1,83.0,41.0
1151,2025,69.4,87.1,79.3,38.6
1152,2018,42.5,27.8,47.0,52.1
1152,2019,44.9,36.9,46.6,51.4
1152,2020,46.3,39.8,48.0,51.0
1152,2021,50.1,32.6,64.5,45.2
1152,2022,53.7,35.4,64.6,56.1
1152,2023,46.5,25.5,56.9,52.9
1152,2024,44.4,30.6,52.6,46.0
1152,2025,46.9,31.3,55.0,51.0
1153,2018,45.9,28.6,54.5,51.3
1153,2019,50.4,25.8,59.8,62.9
1153,2020,53.1,30.7,65.0,58.6
1153,2021,50.9,28.8,61.0,59.1
1153,2022,46.6,21.9,60.9,50.6
1153,2023,51.9,45.1,57.0,51.0
1153,2024,57.9,44.4,65.5,60.6
1153,2025,50.3,32.9,58.9,55.8
1154,2018,45.1,62.1,40.0,20.7
1154,2019,41.1,56.0,40.4,15.1
1154,2020,43.6,55.9,41.9,23.4
1154,2021,45.6,60.4,35.9,30.4
1154,2022,43.1,60.7,32.0,24.6
1154,2023,43.4,56.8,40.8,22.3
1154,2024,51.2,61.6,58.8,23.4
1154,2025,56.8,70.8,61.5,25.9
1155,2018,64.4,78.0,50.7,67.1
1155,2019,63.0,78.4,49.3,63.2
1155,2020,71.8,85.6,58.2,74.1
1155,2021,72.7,89.0,59.2,71.3
1155,2022,67.8,88.4,51.5,64.9
1155,2023,69.5,84.7,57.0,68.1
1155,2024,71.3,82.8,66.2,63.4
1155,2025,74.3,89.5,67.8,63.4
1156,2018,69.0,72.5,64.1,73.6
1156,2019,70.1,73.5,56.7,87.4
1156,2020,71.6,70.8,63.1,85.1
1156,2021,74.7,83.6,65.1,81.8
1156,2022,77.1,84.7,64.8,89.3
1156,2023,76.5,80.3,65.8,89.5
1156,2024,70.9,76.0,61.5,80.6
1156,2025,70.7,74.4,61.3,81.8
1157,2018,59.1,64.4,56.2,57.9
1157,2019,63.3,61.2,63.5,65.6
1157,2020,61.4,54.1,60.9,70.9
1157,2021,61.9,67.9,54.7,67.5
1157,2022,66.3,70.4,62.9,67.6
1157,2023,63.2,78.6,54.8,59.9
1157,2024,57.3,68.3,49.1,58.8
1157,2025,61.8,64.5,63.9,54.7
1158,2018,59.0,54.3,74.0,49.6
1158,2019,59.5,56.7,75.4,45.5
1158,2020,59.7,58.7,67.4,52.2
1158,2021,62.1,64.9,68.6,49.2
1158,2022,58.0,57.6,60.7,55.5
1158,2023,56.5,58.6,58.7,50.2
1158,2024,51.9,49.6,57.6,49.1
1158,2025,53.2,57.6,53.3,45.2
1159,2018,86.4,79.4,81.2,100.0
1159,2019,77.3,68.2,73.4,90.7
1159,2020,76.6,76.8,70.4,85.6
1159,2021,85.1,81.6,80.9,94.4
1159,2022,92.1,89.3,93.3,92.6
1159,2023,96.8,92.7,99.5,96.0
1159,2024,96.4,92.4,96.6,99.4
1159,2025,91.8,93.1,86.3,99.1
1160,2018,50.5,31.2,59.7,57.4
1160,2019,56.0,42.8,58.7,65.6
1160,2020,53.6,29.1,62.8,65.7
1160,2021,50.0,36.4,54.6,57.3
1160,2022,54.8,38.6,59.7,64.6
1160,2023,54.9,39.7,60.4,62.8
1160,2024,66.3,43.3,76.4,75.8
1160,2025,62.6,45.6,78.3,58.6
1161,2018,43.7,39.7,44.2,46.2
1161,2019,45.0,40.5,44.0,50.2
1161,2020,46.2,33.4,46.4,56.5
1161,2021,58.5,55.8,57.3,62.4
1161,2022,59.8,39.7,64.5,69.6
1161,2023,63.2,41.6,78.8,57.7
1161,2024,61.3,40.8,66.5,70.5
1161,2025,63.6,47.4,77.1,56.8
1162,2018,63.9,53.6,78.4,50.1
1162,2019,62.7,57.1,74.9,47.4
1162,2020,63.0,50.6,75.2,55.8
1162,2021,64.1,55.6,71.2,61.5
1162,2022,63.9,53.0,68.2,69.2
1162,2023,69.7,46.5,81.8,75.9
1162,2024,63.4,40.1,74.5,71.2
1162,2025,67.8,51.5,77.9,69.2
1163,2018,58.5,43.8,64.1,66.2
1163,2019,55.1,31.9,64.0,66.8
1163,2020,60.4,38.0,67.4,74.5
1163,2021,66.8,47.1,80.3,66.2
1163,2022,63.1,44.7,71.5,69.9
1163,2023,64.6,42.7,71.7,78.1
1163,2024,48.0,19.8,59.3,61.3
1163,2025,48.1,25.8,53.5,65.0
1164,2018,47.5,63.3,47.3,28.9
1164,2019,53.6,72.9,56.5,25.2
1164,2020,56.2,73.6,60.3,27.8
1164,2021,55.2,69.5,62.9,24.1
1164,2022,56.6,66.3,66.1,27.7
1164,2023,55.5,59.2,67.1,30.1
1164,2024,53.7,59.9,62.8,29.9
1164,2025,49.3,58.7,57.8,22.6
1165,2018,82.7,81.0,96.8,65.6
1165,2019,84.7,85.1,97.9,66.7
1165,2020,85.7,82.0,100.0,70.4
1166,2018,41.1,37.7,55.4,29.9
1166,2019,40.7,39.4,53.9,27.1
1166,2020,42.6,39.4,50.6,38.7
1166,2021,46.9,44.8,57.0,38.4
1166,2022,46.0,49.2,46.3,39.9
1166,2023,51.2,45.6,55.7,55.7
1166,2024,48.7,34.7,59.8,60.7
1166,2025,47.7,36.3,65.7,46.7
1167,2018,65.2,59.5,70.2,69.3
1167,2019,71.5,63.2,76.8,79.9
1167,2020,76.3,63.6,81.8,92.4
1167,2021,74.3,63.6,78.7,88.2
1167,2022,75.4,64.5,88.1,79.9
1167,2023,69.4,55.9,82.0,78.4
1167,2024,67.4,63.9,70.4,70.2
1167,2025,66.6,71.2,57.9,68.7
1168,2018,45.3,25.8,53.4,49.4
1168,2019,41.8,33.1,47.4,40.7
1168,2020,41.1,31.1,49.1,37.5
1168,2021,45.8,30.8,52.5,48.1
1168,2022,46.5,40.4,48.2,48.9
1168,2023,42.2,48.7,36.3,45.8
1168,2024,46.4,42.1,45.5,51.2
1168,2025,46.7,40.0,49.8,47.5
1169,2018,33.8,39.6,29.2,26.0
1169,2019,33.6,44.0,22.7,24.2
1169,2020,41.8,50.6,38.8,24.3
1169,2021,44.2,51.6,46.8,22.0
1169,2022,47.2,51.8,51.8,28.7
1169,2023,50.4,51.4,62.8,29.3
1169,2024,50.3,54.8,57.4,28.4
1169,2025,43.9,51.3,51.6,13.8
1170,2018,52.4,63.5,50.9,39.2
1170,2019,55.5,69.8,45.7,51.0
1170,2020,59.1,66.1,56.4,53.5
1170,2021,62.7,67.4,66.0,50.9
1170,2022,58.3,62.0,60.1,50.4
1170,2023,65.4,75.4,64.5,53.0
1170,2024,62.5,75.1,61.2,46.8
1170,2025,60.0,73.9,56.3,46.6
1171,2018,48.7,49.3,50.8,44.1
1171,2019,46.6,44.8,44.3,54.3
1171,2020,44.7,43.9,42.4,50.1
1171,2021,42.8,40.6,44.6,45.8
1171,2022,45.3,44.2,44.8,48.9
1171,2023,44.6,47.7,36.5,49.0
1172,2018,53.9,46.8,72.8,31.4
1172,2019,54.7,45.0,71.1,38.2
1172,2020,48.8,44.0,65.7,27.4
1172,2021,51.0,47.4,64.2,34.1
1172,2022,58.5,51.2,73.9,41.4
1172,2023,58.7,58.1,74.8,35.0
1172,2024,58.6,45.1,80.5,36.9
1172,2025,73.8,55.7,98.7,51.6
1173,2018,60.0,71.7,45.6,67.5
1173,2019,63.8,73.6,55.9,64.6
1173,2020,62.2,83.5,51.8,54.8
1173,2021,64.9,79.7,65.8,48.8
1173,2022,64.3,79.1,66.6,46.3
1173,2023,67.9,71.7,76.9,52.0
1173,2024,62.4,68.5,64.7,53.1
1173,2025,65.6,72.4,65.2,59.4
1174,2018,51.8,34.6,67.0,48.8
1174,2019,58.3,33.2,83.7,49.5
1174,2020,56.2,32.6,83.3,43.6
1174,2021,47.7,30.3,60.8,47.6
1174,2022,49.6,22.0,67.7,53.0
1174,2023,50.0,19.5,74.6,47.6
1174,2024,43.2,23.4,56.6,45.1
1174,2025,43.9,21.9,56.3,49.5
1175,2018,36.8,40.3,39.3,28.3
1175,2019,43.5,59.0,43.7,24.7
1175,2020,40.9,56.2,44.0,17.0
1175,2021,42.3,63.5,38.1,24.6
1175,2022,36.8,62.2,28.9,20.6
1175,2023,36.0,62.3,22.6,28.4
1175,2024,39.1,55.2,33.3,30.1
1175,2025,42.5,69.6,35.0,23.3
1176,2018,85.2,88.8,75.2,87.9
1176,2019,91.0,91.5,81.5,99.6
1176,2020,88.1,88.0,78.6,97.7
1176,2021,75.2,70.5,73.4,86.2
1176,2022,87.2,87.2,86.8,87.7
1176,2023,75.6,67.4,84.3,83.2
1176,2024,80.6,86.2,75.9,74.0
1176,2025,81.4,85.6,70.1,84.1
1177,2018,60.3,63.5,43.4,75.0
1177,2019,62.2,73.4,45.9,61.7
1177,2020,67.0,80.0,44.2,70.8
1177,2021,66.1,75.7,44.4,74.9
1177,2022,70.0,76.9,46.7,85.4
1177,2023,66.9,72.4,44.9,83.2
1177,2024,59.3,63.8,37.6,77.2
1177,2025,53.9,64.1,22.3,73.3
1178,2018,57.9,53.3,62.1,63.0
1178,2019,52.5,44.1,63.0,58.9
1178,2020,57.5,50.4,67.9,61.3
1178,2021,53.0,50.3,61.7,49.7
1178,2022,54.8,49.1,69.6,51.4
1178,2023,58.1,55.3,73.3,48.4
1178,2024,58.4,57.2,72.9,46.3
1178,2025,62.6,60.0,68.7,61.8
1179,2019,57.8,64.9,52.9,59.1
1179,2020,67.5,76.4,61.0,69.7
1179,2021,71.3,71.4,71.4,71.2
1179,2022,73.7,77.2,67.0,80.7
1179,2023,73.1,79.4,69.4,73.3
1179,2024,71.2,73.0,67.1,75.8
1179,2025,72.0,78.9,64.6,77.2
1180,2019,55.1,71.5,23.0,62.2
1180,2020,54.9,75.8,20.5,54.1
1180,2021,57.8,75.3,30.0,55.5
1180,2022,50.9,66.4,19.8,58.8
1180,2023,48.3,65.4,16.8,52.6
1180,2024,55.8,70.7,22.1,69.0
1180,2025,56.6,69.4,23.1,74.7
1181,2019,52.0,51.5,54.8,48.9
1181,2020,60.5,59.1,62.5,60.8
1181,2021,47.5,48.9,47.4,44.0
1181,2022,53.3,57.7,48.2,49.9
1181,2023,61.2,56.8,69.5,59.7
1181,2024,54.3,61.9,48.4,44.1
1181,2025,56.9,62.7,55.9,43.8
1182,2019,61.6,58.6,65.2,64.0
1182,2020,64.7,63.4,63.6,68.3
1182,2021,60.0,59.1,60.1,61.9
1182,2022,55.7,57.1,54.6,54.1
1182,2023,50.9,52.3,46.8,52.4
1182,2024,66.8,65.9,65.9,69.6
1182,2025,64.9,63.3,68.0,64.9
1183,2019,71.7,72.0,84.3,56.0
1183,2020,76.3,79.4,95.1,48.1
1183,2021,76.8,84.7,88.8,48.0
1183,2022,67.3,70.6,85.2,39.9
1183,2023,68.5,73.7,81.0,44.0
1183,2024,76.0,85.2,80.4,54.0
1183,2025,77.9,99.5,75.3,42.0
1184,2019,56.6,42.9,69.5,49.8
1184,2020,52.3,37.1,65.2,47.3
1184,2021,51.2,27.3,67.0,51.6
1184,2022,61.0,37.0,74.5,65.6
1184,2023,61.2,39.9,73.9,63.9
1184,2024,62.3,39.9,76.9,62.8
1184,2025,66.3,43.7,83.0,63.4
1185,2019,41.6,29.8,55.0,36.5
1185,2020,43.6,39.4,50.8,38.0
1185,2021,45.7,37.1,57.7,38.7
1185,2022,46.8,40.6,55.2,42.2
1185,2023,47.6,47.8,58.5,29.7
1185,2024,45.0,42.2,56.6,30.3
1186,2019,53.5,69.0,48.6,44.6
1186,2020,50.5,71.1,39.6,44.4
1186,2021,52.4,80.9,41.7,38.2
1186,2022,50.9,73.7,44.2,37.1
1186,2023,58.7,69.2,57.8,49.5
1186,2024,63.0,70.6,66.2,51.0
1186,2025,45.8,48.0,48.6,39.9
1187,2019,40.2,26.4,39.0,66.6
1187,2020,41.7,37.9,31.5,60.8
1187,2021,39.8,28.7,39.3,60.2
1187,2022,38.9,41.3,17.6,60.3
1187,2023,48.5,52.1,34.4,59.1
1187,2024,47.2,46.1,30.9,68.9
1187,2025,47.6,41.9,35.2,72.8
1188,2019,54.1,48.5,58.1,55.7
1188,2020,60.3,60.1,64.2,54.3
1188,2021,55.3,60.2,49.1,58.2
1188,2022,60.9,64.7,53.3,67.9
1188,2023,59.0,59.9,53.0,67.5
1188,2024,55.1,54.1,53.7,58.7
1188,2025,52.5,54.1,51.2,52.5
1189,2019,31.9,35.1,35.5,22.0
1189,2020,45.0,53.7,40.6,34.8
1189,2021,45.1,52.0,41.6,36.9
1189,2022,43.7,57.2,30.0,35.8
1190,2019,58.9,52.7,68.7,52.1
1190,2020,63.7,55.8,74.6,57.1
1190,2021,63.2,48.9,81.7,52.8
1190,2022,65.9,41.4,92.7,54.7
1190,2023,68.6,49.9,91.1,57.2
1190,2024,64.6,36.7,90.1,58.5
1190,2025,62.4,34.3,90.0,53.6
1191,2019,55.6,56.6,60.1,48.4
1191,2020,53.8,55.5,63.7,38.8
1191,2021,56.3,55.5,71.3,39.8
1191,2022,52.8,42.9,67.2,53.2
1191,2023,52.6,45.3,63.2,52.9
1191,2024,50.4,41.8,64.0,49.6
1191,2025,58.0,47.7,77.2,53.4
1192,2019,71.4,83.2,70.0,57.1
1192,2020,66.0,68.2,70.1,56.5
1192,2021,65.6,71.8,64.5,58.8
1192,2022,68.9,82.4,59.8,64.5
1192,2023,69.0,80.6,63.7,61.4
1192,2024,70.0,82.0,72.5,49.0
1192,2025,72.8,84.9,69.2,61.6
1193,2019,46.2,55.4,37.9,46.4
1193,2020,45.0,48.0,40.8,47.4
1193,2021,36.4,41.7,32.1,36.0
1193,2022,43.2,48.6,40.5,40.0
1193,2023,41.9,47.3,39.0,38.9
1193,2024,44.1,55.5,40.8,33.5
1193,2025,51.1,66.3,51.2,29.8
1194,2019,55.2,66.8,43.1,49.0
1194,2020,55.4,59.8,52.2,51.5
1194,2021,55.7,65.2,44.6,51.8
1194,2022,50.1,52.7,43.2,53.8
1194,2023,51.3,59.1,35.9,55.9
1194,2024,53.7,59.5,36.1,64.2
1194,2025,50.4,61.4,35.2,48.9
1195,2019,39.1,24.4,47.8,38.2
1195,2020,53.5,35.1,68.6,46.2
1195,2021,53.8,43.5,61.9,50.2
1195,2022,56.2,36.9,73.9,45.9
1195,2023,56.9,40.5,74.2,44.5
1195,2024,65.9,51.2,82.6,53.1
1195,2025,55.4,42.4,64.1,53.2
1196,2019,33.7,5.4,55.2,32.1
1196,2020,33.4,14.8,54.6,28.2
1196,2021,29.4,6.1,47.1,28.0
1196,2022,29.7,6.0,31.8,38.0
1196,2023,30.2,7.8,36.1,35.6
1196,2024,27.1,5.4,33.9,31.7
1196,2025,35.8,14.6,35.7,44.4
1197,2019,69.0,64.4,71.7,71.1
1197,2020,63.3,61.8,67.3,59.0
1197,2021,63.2,53.1,73.5,60.7
1197,2022,66.4,58.5,79.8,55.9
1197,2023,62.5,56.7,74.1,51.9
1197,2024,65.3,62.0,75.4,53.7
1197,2025,69.0,60.8,79.9,62.9
1198,2019,44.0,46.6,40.5,46.1
1198,2020,42.3,38.5,42.0,46.5
1198,2021,45.2,42.4,46.9,45.7
1198,2022,47.0,35.9,55.1,47.3
1198,2023,47.6,31.4,61.1,45.8
1198,2024,41.9,29.8,52.2,40.2
1198,2025,46.7,28.6,59.0,48.4
1199,2019,66.0,78.6,64.6,44.8
1199,2020,74.2,91.0,71.4,47.3
1199,2021,75.9,97.9,70.4,43.0
1199,2022,75.8,98.9,70.2,40.9
1199,2023,73.9,96.4,67.5,41.0
1199,2024,74.7,95.4,71.1,41.6
1199,2025,71.0,87.1,67.3,46.3
1200,2019,69.2,76.2,66.9,63.1
1200,2020,75.4,76.3,76.7,71.9
1200,2021,57.6,63.5,55.0,53.4
1200,2022,56.3,64.8,50.6,53.6
1200,2023,62.2,69.3,61.4,53.4
1200,2024,58.7,67.0,56.2,51.0
1200,2025,59.7,68.3,56.2,53.4
1201,2019,59.2,53.9,93.2,35.9
1201,2020,59.4,54.1,84.5,45.1
1201,2021,61.2,61.5,81.0,40.9
1201,2022,60.4,58.8,90.7,33.2
1201,2023,58.3,63.9,81.3,24.2
1201,2024,54.8,57.8,78.1,25.7
1201,2025,61.4,69.2,74.5,32.9
1202,2020,43.2,49.5,19.7,54.7
1202,2021,39.9,36.1,16.5,55.5
1202,2022,43.9,42.5,25.5,55.5
1202,2023,42.3,43.7,22.6,53.5
1202,2024,45.7,44.6,23.5,59.4
1202,2025,49.8,52.2,11.2,71.9
1203,2020,60.0,55.3,64.6,57.3
1203,2021,64.2,62.7,69.2,57.1
1203,2022,61.6,65.8,70.5,40.4
1203,2023,60.8,71.3,62.8,44.6
1203,2024,66.6,74.0,67.9,55.2
1203,2025,65.4,67.3,70.6,53.7
1204,2020,45.5,43.1,37.6,63.4
1204,2021,43.7,43.5,28.5,67.2
1204,2022,50.4,55.7,26.1,73.8
1204,2023,53.0,52.1,42.5,71.0
1204,2024,52.2,53.2,38.1,70.7
1204,2025,56.2,59.5,37.7,75.7
1205,2020,52.9,67.0,49.9,37.8
1205,2021,57.2,59.4,57.4,54.0
1205,2022,63.9,63.5,60.6,69.6
1205,2023,68.4,68.3,68.2,68.7
1205,2024,60.7,57.3,59.4,67.7
1205,2025,52.6,57.8,50.8,48.1
1206,2020,64.3,84.4,38.7,77.0
1206,2021,52.2,63.6,39.1,57.3
1206,2022,56.4,62.9,48.6,59.7
1206,2023,57.7,74.1,41.0,61.4
1206,2024,53.0,65.7,34.5,65.0
1206,2025,64.6,78.5,52.0,65.5
1207,2020,70.5,70.5,72.4,67.7
1207,2021,70.6,72.1,63.8,76.9
1207,2022,78.0,76.2,74.1,88.5
1207,2023,72.6,75.6,67.5,72.8
1207,2024,73.6,76.1,77.0,62.2
1207,2025,78.8,79.5,84.7,68.1
1208,2020,50.2,58.2,54.8,29.6
1208,2021,49.8,62.0,47.2,27.9
1208,2022,57.0,72.9,49.5,32.8
1208,2023,54.1,67.2,56.4,25.5
1208,2024,53.3,66.9,44.8,34.7
1208,2025,63.0,78.8,59.8,34.8
1209,2020,43.7,29.6,57.4,39.6
1209,2021,51.0,35.9,66.0,46.1
1209,2022,47.3,36.4,61.0,39.8
1209,2023,47.3,37.7,54.1,47.7
1209,2024,54.4,40.4,67.4,50.9
1209,2025,52.5,37.8,62.4,54.1
1210,2020,58.4,36.1,72.8,59.1
1210,2021,61.3,46.3,66.7,69.6
1210,2022,58.0,52.4,61.8,58.0
1210,2023,51.4,43.8,60.8,43.6
1210,2024,49.7,44.0,56.1,44.9
1210,2025,53.4,52.0,57.9,47.1
1211,2020,68.4,43.0,74.2,80.7
1211,2021,63.7,32.4,74.6,73.3
1211,2022,59.4,25.2,68.4,74.4
1211,2023,60.0,35.1,67.4,69.8
1211,2024,66.2,44.7,76.9,67.9
1211,2025,69.7,49.6,79.3,71.9
1212,2020,54.3,66.1,45.7,57.4
1212,2021,51.7,61.2,47.4,50.4
1212,2022,54.4,62.6,48.6,56.3
1212,2023,57.5,61.3,53.0,61.2
1212,2024,58.5,78.5,49.1,56.0
1212,2025,49.6,66.8,36.0,55.8
1213,2020,52.2,48.7,35.4,78.2
1213,2021,53.0,52.4,35.5,77.0
1213,2022,57.2,60.1,40.9,76.2
1213,2023,58.4,68.6,40.1,72.6
1213,2024,55.2,66.6,32.1,74.6
1213,2025,62.4,79.1,36.7,80.0
1214,2020,48.3,56.7,48.5,44.9
1214,2021,48.8,53.3,46.7,48.3
1214,2022,56.2,63.2,50.7,56.7
1214,2023,55.8,68.8,35.4,62.9
1214,2024,55.4,63.1,46.5,57.6
1214,2025,57.6,64.7,53.4,57.2
1215,2020,59.1,58.3,56.1,65.1
1215,2021,57.2,56.7,55.7,60.3
1215,2022,62.2,67.9,59.0,59.4
1215,2023,57.8,62.8,53.5,57.6
1215,2024,58.6,62.3,57.6,54.9
1215,2025,58.8,53.8,61.7,61.2
1216,2020,54.6,39.5,88.9,40.8
1216,2021,55.7,43.8,89.5,34.6
1216,2022,56.1,41.2,89.2,43.5
1216,2023,55.3,43.3,80.7,47.4
1216,2024,53.6,48.5,69.5,42.7
1216,2025,57.6,49.4,77.8,48.0
1217,2020,72.1,75.3,64.6,75.2
1217,2021,66.5,62.3,73.1,66.9
1217,2022,76.3,71.9,78.5,84.2
1217,2023,76.3,72.3,77.6,84.2
1217,2024,78.5,84.7,69.1,77.2
1217,2025,66.6,65.7,65.7,70.0
1218,2020,37.4,38.4,18.6,66.0
1218,2021,46.6,46.9,29.4,73.6
1218,2022,47.1,43.4,37.0,68.3
1218,2023,46.7,47.5,32.2,68.8
1218,2024,47.6,61.6,26.6,61.6
1218,2025,59.3,69.3,38.6,78.4
1219,2020,35.8,29.5,41.7,42.4
1219,2021,31.4,23.2,41.2,38.0
1219,2022,37.3,39.9,32.3,37.0
1220,2020,70.6,50.7,73.7,82.7
1220,2021,75.3,50.4,77.3,93.2
1220,2022,73.5,47.3,73.7,95.0
1220,2023,72.3,38.9,76.8,93.4
1220,2024,70.2,48.6,69.6,89.0
1220,2025,75.1,55.2,73.9,93.6
1221,2020,47.4,46.6,52.4,44.2
1221,2021,55.6,55.6,61.6,49.6
1221,2022,52.8,57.5,50.5,45.7
1221,2023,46.3,46.0,50.8,42.4
1221,2024,44.8,42.9,50.9,42.3
1221,2025,48.1,46.4,59.5,40.1
1222,2020,29.2,40.3,10.6,25.8
1222,2021,34.8,49.4,4.8,35.4
1222,2022,40.4,53.2,13.5,41.5
1222,2023,41.0,48.4,17.9,49.2
1222,2024,35.2,42.6,16.2,39.6
1222,2025,44.7,57.7,23.3,40.1
1223,2020,42.9,29.3,54.6,41.3
1223,2021,41.7,31.9,56.2,37.0
1223,2022,44.0,25.0,63.0,40.1
1223,2023,49.3,33.5,63.0,47.5
1223,2024,50.9,41.4,53.4,53.2
1223,2025,51.6,37.2,56.2,54.7
1224,2020,71.7,73.7,58.6,80.8
1224,2021,72.9,75.1,58.8,82.5
1224,2022,72.8,76.2,63.2,75.6
1224,2023,77.4,81.1,55.5,92.0
1224,2024,78.9,80.4,58.9,95.7
1224,2025,84.6,88.2,61.8,100.0
1225,2020,60.2,55.3,46.3,70.4
1225,2021,65.1,53.0,50.9,78.5
1225,2022,58.2,54.7,43.1,68.6
1225,2023,63.4,61.1,51.6,71.5
1225,2024,56.7,54.2,45.0,64.7
1225,2025,56.7,52.7,53.1,60.5
1226,2020,57.9,54.7,71.5,42.9
1226,2021,61.1,53.2,78.5,45.8
1226,2022,64.6,57.1,82.2,48.7
1226,2023,62.0,56.4,72.5,53.7
1226,2024,64.1,57.8,76.1,54.4
1226,2025,56.5,59.1,65.1,42.4
1227,2020,63.5,69.7,75.0,38.7
1227,2021,68.5,71.2,82.3,47.2
1227,2022,70.4,76.6,79.1,48.6
1227,2023,71.6,81.0,75.4,50.0
1227,2024,68.4,72.3,74.9,53.5
1227,2025,70.2,75.3,82.6,46.0
1228,2020,33.1,43.5,36.4,10.3
1228,2021,34.9,43.8,40.6,12.1
1228,2022,34.1,43.5,40.6,9.4
1228,2023,32.9,46.2,31.2,11.0
1228,2024,33.1,47.4,32.0,8.7
1228,2025,32.6,44.8,31.6,11.8
1229,2021,47.8,58.8,49.0,37.0
1229,2022,56.0,64.9,60.1,42.6
1229,2023,54.8,60.8,60.7,41.0
1229,2024,55.9,55.7,64.9,42.5
1229,2025,52.1,46.6,65.0,37.2
1230,2021,39.0,57.2,39.1,20.6
1230,2022,46.5,63.2,45.1,31.8
1230,2023,46.1,65.6,46.6,26.0
1230,2024,51.1,75.0,44.7,35.7
1231,2021,59.0,42.3,65.1,86.4
1231,2022,58.8,40.9,66.4,87.2
1231,2023,62.6,52.3,54.9,91.0
1231,2024,64.8,50.9,67.5,89.8
1231,2025,68.6,55.4,63.4,100.0
1232,2021,58.7,66.2,70.5,28.5
1232,2022,55.4,71.7,60.4,26.7
1232,2023,58.8,75.1,60.7,35.8
1232,2024,66.2,75.6,77.6,34.3
1232,2025,66.6,64.9,85.4,35.0
1233,2021,46.5,52.7,32.6,48.0
1233,2022,45.6,46.9,40.9,47.6
1233,2023,45.9,45.5,42.1,50.5
1233,2024,50.6,51.6,51.5,47.9
1233,2025,52.9,55.9,49.6,50.1
1234,2021,67.3,60.2,64.6,77.3
1234,2022,72.2,62.8,71.1,81.7
1234,2023,69.6,65.0,64.5,81.2
1234,2024,67.9,59.8,60.5,85.8
1234,2025,66.1,55.8,61.8,81.3
1235,2021,68.8,58.4,94.6,63.9
1235,2022,69.6,60.2,100.0,57.8
1235,2023,71.6,62.5,93.7,67.5
1235,2024,72.4,62.5,100.0,64.8
1235,2025,66.6,58.6,90.7,58.4
1236,2021,42.0,32.4,30.8,66.8
1236,2022,34.0,30.3,16.2,63.8
1236,2023,35.0,41.4,16.1,58.1
1237,2021,41.0,39.3,48.6,35.1
1237,2022,54.7,51.0,59.3,55.7
1237,2023,53.8,48.7,63.9,50.9
1237,2024,52.8,52.3,54.1,52.0
1237,2025,52.4,47.6,50.7,63.0
1238,2021,68.9,58.9,75.4,67.6
1238,2022,66.3,60.0,70.3,65.7
1238,2023,68.1,53.1,80.8,61.5
1238,2024,67.4,53.9,78.8,61.5
1238,2025,78.1,63.4,91.9,69.5
1239,2021,70.8,81.5,50.1,70.0
1239,2022,68.3,77.9,49.5,67.9
1239,2023,72.0,89.6,45.5,63.3
1239,2024,72.2,86.3,51.9,64.1
1240,2021,35.3,38.3,29.2,42.0
1240,2022,48.6,48.3,47.2,51.0
1240,2023,46.5,55.6,35.7,55.2
1240,2024,29.3,38.5,22.7,31.6
1240,2025,31.1,43.1,20.9,36.4
1241,2021,61.2,57.4,68.3,61.8
1241,2022,62.4,61.1,65.7,61.8
1241,2023,60.9,62.3,51.1,67.8
1241,2024,62.1,60.6,61.2,65.9
1241,2025,60.4,58.4,60.1,64.5
1242,2021,48.8,77.4,41.8,20.1
1242,2022,41.9,70.8,27.7,24.3
1242,2023,47.8,82.3,27.8,31.5
1242,2024,51.0,77.3,40.6,31.0
1242,2025,58.6,87.4,48.5,34.6
1243,2021,65.7,68.3,57.2,69.7
1243,2022,67.3,72.2,61.2,69.0
1243,2023,65.4,62.4,55.0,72.8
1244,2021,66.2,59.5,72.4,73.3
1244,2022,67.8,63.9,73.3,69.9
1244,2023,67.1,62.9,73.2,69.4
1244,2024,62.2,51.4,81.2,64.9
1244,2025,59.7,47.1,75.3,69.3
1245,2021,52.0,64.8,63.8,14.5
1245,2022,50.4,59.4,66.8,15.8
1245,2023,56.6,68.1,63.7,26.7
1246,2021,26.2,43.4,15.0,25.6
1246,2022,24.3,46.6,8.7,25.8
1246,2023,32.2,46.6,26.7,25.0
1246,2024,28.4,47.5,20.9,18.9
1246,2025,31.5,49.4,28.8,14.9
1247,2021,54.6,54.5,55.0,54.0
1247,2022,58.7,53.6,61.7,59.9
1247,2023,62.8,61.4,59.4,68.7
1247,2024,62.6,64.1,57.1,68.4
1248,2021,60.0,61.8,53.7,65.1
1248,2022,65.3,68.4,57.5,69.2
1248,2023,64.8,65.5,59.3,71.1
1248,2024,65.5,67.2,60.7,68.5
1248,2025,62.1,66.5,53.8,63.4
1249,2021,68.4,47.9,89.5,88.2
1249,2022,64.8,45.8,81.1,86.4
1249,2023,68.1,52.8,85.2,81.6
1249,2024,67.6,48.9,91.6,80.9
1249,2025,66.1,52.3,93.2,66.5
1250,2021,32.9,54.8,26.1,24.9
1250,2022,36.2,60.2,22.1,37.5
1250,2023,40.7,57.8,27.8,45.9
1250,2024,40.8,57.7,31.5,40.8
1250,2025,35.3,55.7,21.8,38.5
1251,2021,75.6,86.7,88.9,38.7
1251,2022,74.2,86.8,82.8,42.9
1251,2023,74.8,79.9,94.3,36.6
1251,2024,73.8,75.1,92.2,42.7
1251,2025,72.9,75.2,92.1,38.9
1252,2021,67.9,69.6,61.2,73.5
1252,2022,70.3,71.5,69.5,68.6
1252,2023,69.7,74.1,61.7,70.8
1252,2024,73.2,79.7,64.4,70.2
1252,2025,69.6,75.5,65.8,60.3
1253,2021,68.8,65.6,59.7,84.0
1253,2022,68.6,74.5,54.7,81.1
1253,2023,66.4,81.4,50.9,72.1
1253,2024,54.4,71.4,39.1,57.9
1253,2025,58.5,68.5,46.9,64.0
1254,2021,40.8,41.8,41.5,38.2
1254,2022,48.0,46.5,53.1,45.9
1254,2023,47.0,48.6,53.2,37.8
1254,2024,46.9,45.8,52.3,43.8
1254,2025,53.6,55.2,53.2,50.7
1255,2021,60.3,38.2,55.9,98.1
1255,2022,55.7,43.0,52.8,78.2
1255,2023,66.3,55.2,69.8,76.4
1255,2024,52.8,48.3,42.1,76.2
1255,2025,52.8,45.5,44.2,76.9
1256,2021,73.0,96.2,40.5,59.2
1256,2022,78.5,100.0,48.2,65.8
1256,2023,77.6,97.3,42.5,73.3
1256,2024,64.9,84.3,30.8,60.2
1256,2025,70.8,85.8,50.0,61.5
1257,2021,65.3,64.0,81.1,56.4
1257,2022,60.6,63.3,72.7,52.2
1257,2023,66.1,74.4,75.3,57.3
1257,2024,64.4,72.6,76.6,53.7
1257,2025,63.4,67.2,72.2,56.6
1258,2021,42.5,60.7,13.0,52.9
1258,2022,45.5,59.6,22.5,53.7
1258,2023,45.3,59.5,19.6,55.1
1258,2024,45.1,51.4,15.1,60.6
1258,2025,42.4,49.7,10.6,58.5
1259,2021,65.5,69.0,65.4,60.6
1259,2022,68.5,76.9,64.6,62.8
1259,2023,65.0,67.0,63.7,64.4
1259,2024,62.8,69.2,59.2,59.5
1259,2025,65.2,74.4,65.6,51.6
1260,2021,69.0,93.9,61.3,33.5
1260,2022,71.0,89.6,63.4,46.6
1260,2023,71.7,89.3,70.9,41.0
1260,2024,74.4,95.0,72.0,40.2
1260,2025,66.8,81.1,75.4,30.9
1261,2021,52.8,68.4,42.5,51.0
1261,2022,55.7,63.6,43.0,64.7
1261,2023,55.2,67.6,40.8,61.9
1261,2024,56.4,67.0,47.6,57.6
1261,2025,58.8,68.9,47.3,63.9
1262,2022,46.0,56.3,33.2,39.6
1262,2023,40.3,49.2,26.1,39.3
1262,2024,50.7,61.6,39.5,40.3
1262,2025,53.6,65.9,43.8,37.3
1263,2022,48.3,53.4,52.5,37.7
1263,2023,49.5,55.6,48.3,46.2
1263,2024,46.7,48.3,48.1,43.2
1263,2025,46.9,40.5,51.3,45.6
1264,2022,59.2,70.7,47.1,48.6
1264,2023,59.0,67.7,46.9,55.2
1264,2024,54.9,66.1,45.1,41.4
1264,2025,52.7,57.0,51.8,43.1
1265,2022,56.8,37.9,79.2,39.1
1265,2023,55.6,31.9,86.6,28.9
1265,2024,62.0,44.5,92.5,31.0
1265,2025,63.3,48.4,90.5,34.9
1266,2022,53.2,37.4,71.9,59.1
1266,2023,48.8,32.3,61.1,63.8
1266,2024,52.7,36.6,64.8,67.0
1266,2025,56.5,39.9,80.1,58.0
1267,2022,39.0,48.2,43.9,32.3
1267,2023,43.7,48.5,42.5,42.5
1267,2024,43.2,43.7,44.0,42.5
1267,2025,41.3,41.2,37.6,43.5
1268,2022,57.4,72.6,48.6,50.1
1268,2023,56.3,77.0,41.6,51.0
1268,2024,58.8,73.1,48.0,56.2
1268,2025,59.3,72.4,46.6,61.1
1269,2022,79.7,53.1,95.5,80.8
1269,2023,84.5,65.9,100.0,82.7
1269,2024,67.4,52.9,84.3,63.0
1269,2025,67.8,51.6,85.2,63.9
1270,2022,57.6,55.3,64.4,48.0
1270,2023,57.2,55.5,63.6,47.7
1270,2024,54.0,48.8,62.8,44.4
1270,2025,50.6,52.9,53.2,43.3
1271,2022,42.4,44.9,50.2,29.5
1271,2023,43.8,44.7,60.2,25.4
1271,2024,49.5,52.1,59.7,34.0
1271,2025,53.2,57.1,53.8,44.8
1272,2022,48.5,30.4,41.5,59.9
1272,2023,42.6,29.6,24.8,58.4
1272,2024,41.0,30.1,29.1,52.5
1273,2022,33.4,47.6,8.9,60.5
1273,2023,38.1,50.0,11.1,72.4
1273,2024,35.1,55.6,1.7,70.5
1273,2025,42.9,50.0,21.7,72.4
1274,2022,47.2,51.7,39.7,48.1
1274,2023,48.6,55.2,38.5,49.0
1274,2024,46.3,50.5,32.7,54.9
1274,2025,51.5,53.1,33.9,69.9
1275,2022,66.1,68.5,82.8,39.1
1275,2023,66.2,71.5,88.3,28.6
1275,2024,73.5,76.4,91.0,44.7
1275,2025,69.1,79.1,80.3,44.0
1276,2022,55.0,35.6,74.2,66.9
1276,2023,55.1,37.4,69.2,70.2
1276,2024,69.0,57.9,73.3,84.0
1276,2025,66.6,58.7,69.5,77.2
1277,2022,50.8,42.1,47.7,56.2
1277,2023,54.2,38.4,48.0,64.2
1277,2024,60.6,38.7,59.5,70.0
1277,2025,61.5,50.7,49.5,73.0
1278,2022,44.3,86.0,19.5,46.8
1278,2023,43.5,79.4,26.8,38.5
1278,2024,42.3,88.5,17.8,40.5
1278,2025,45.3,100.0,19.6,38.2
1279,2022,66.8,44.8,83.1,67.2
1279,2023,58.5,38.5,74.1,57.6
1279,2024,56.5,40.0,70.1,54.8
1279,2025,63.1,43.6,84.7,53.9
1280,2022,78.1,81.3,66.0,88.4
1280,2023,81.4,83.3,72.1,90.8
1280,2024,78.9,78.7,65.1,100.0
1280,2025,83.1,81.9,75.5,97.6
1281,2022,59.9,43.7,69.6,85.7
1281,2023,60.3,47.5,65.3,85.0
1281,2024,58.7,43.1,66.0,86.6
1281,2025,56.1,37.9,60.2,95.5
1282,2022,56.1,37.1,84.2,29.8
1282,2023,53.3,36.8,82.3,23.7
1282,2024,53.2,36.0,81.6,25.1
1282,2025,58.0,37.4,84.0,36.1
1283,2022,69.9,71.4,72.6,63.2
1283,2023,71.4,66.7,78.7,63.7
1283,2024,49.9,37.4,61.1,44.8
1283,2025,60.1,49.2,64.3,65.6
1284,2022,60.2,40.9,72.5,63.1
1284,2023,55.0,39.7,71.0,48.9
1284,2024,54.8,32.1,71.7,54.9
1284,2025,54.2,32.3,73.7,50.1
1285,2022,52.1,48.5,53.0,58.3
1285,2023,51.0,44.1,50.2,65.5
1285,2024,55.1,53.7,52.9,60.2
1285,2025,67.4,73.5,60.2,62.4
1286,2022,50.3,36.6,55.5,68.7
1286,2023,44.5,29.9,51.2,62.6
1286,2024,42.3,27.6,42.1,69.0
1286,2025,48.5,31.7,47.5,80.1
1287,2022,18.6,4.7,17.6,54.7
1287,2023,22.9,11.1,14.0,65.6
1287,2024,24.2,12.0,19.1,62.4
1287,2025,23.0,11.2,18.9,58.7
1288,2022,66.4,70.2,45.3,84.7
1288,2023,73.9,75.2,55.9,93.3
1288,2024,82.7,89.3,58.4,100.0
1288,2025,79.0,91.0,48.5,93.9
1289,2022,47.3,47.2,42.5,52.2
1289,2023,49.3,57.9,28.3,53.1
1289,2024,47.3,51.6,28.3,57.6
1289,2025,54.2,57.5,36.4,65.5
1290,2022,69.6,64.0,69.6,74.3
1290,2023,52.2,46.4,50.5,59.6
1290,2024,54.0,50.6,49.4,63.6
1290,2025,59.1,56.8,55.2,67.0
1291,2022,66.4,86.0,44.0,49.8
1291,2023,65.7,91.7,34.2,45.2
1291,2024,73.0,100.0,40.7,51.3
1291,2025,74.5,100.0,51.5,46.5
1292,2022,57.4,62.5,55.1,53.8
1292,2023,59.7,58.0,63.3,56.4
1292,2024,59.3,60.9,69.8,40.2
1292,2025,68.2,70.3,72.5,58.4
1293,2022,59.5,64.2,41.1,83.1
1293,2023,60.1,58.5,49.7,76.9
1293,2024,69.2,76.3,50.2,91.8
1293,2025,73.5,76.3,54.2,100.0
1294,2022,66.9,58.7,79.4,66.7
1294,2023,67.9,58.2,76.0,75.8
1294,2024,53.2,45.2,57.4,62.6
1294,2025,55.7,47.3,63.3,61.8
1295,2022,37.8,45.2,35.3,25.6
1295,2023,37.3,44.3,32.6,27.9
1295,2024,39.4,47.6,38.0,24.5
1295,2025,38.0,43.3,38.1,27.4
1296,2022,42.8,53.0,43.8,21.5
1296,2023,38.2,38.9,47.3,27.5
1296,2024,39.6,40.3,45.6,32.0
1296,2025,39.8,46.0,37.4,29.9
1297,2022,70.4,61.1,83.1,76.5
1297,2023,70.4,54.1,96.6,77.0
1297,2024,63.7,53.9,71.2,75.8
1297,2025,59.5,50.2,63.8,73.7
1298,2022,56.8,63.3,38.5,67.1
1298,2023,50.5,56.8,31.1,62.5
1298,2024,51.2,58.5,30.1,63.5
1298,2025,56.9,65.9,39.6,61.4
1299,2022,63.4,81.5,73.6,31.8
1299,2023,61.8,87.5,74.5,19.1
1299,2024,62.2,81.4,75.8,25.0
1299,2025,62.7,84.8,77.5,20.9
1300,2023,55.7,50.8,60.7,52.5
1300,2024,52.3,52.7,54.6,47.5
1300,2025,53.2,48.6,54.4,56.7
1301,2023,40.2,50.8,41.1,28.5
1301,2024,30.7,49.5,26.4,17.6
1301,2025,28.2,51.6,15.7,21.6
1302,2023,62.4,37.3,93.7,47.5
1302,2024,58.8,35.3,90.8,40.5
1302,2025,60.7,37.0,95.2,38.7
1303,2023,63.8,60.6,86.4,42.4
1303,2024,66.1,66.6,85.5,41.8
1303,2025,70.2,78.3,79.7,44.3
1304,2023,46.4,90.5,22.5,36.7
1304,2024,42.7,74.6,23.4,39.0
1304,2025,46.6,80.2,29.4,37.3
1305,2023,61.0,39.8,49.6,76.4
1305,2024,57.2,37.1,48.1,70.8
1305,2025,65.3,44.2,55.2,79.8
1306,2023,65.5,56.6,61.0,94.5
1306,2024,60.3,48.3,55.3,97.9
1306,2025,60.1,45.7,57.4,100.0
1307,2023,63.2,77.5,46.8,69.6
1307,2024,62.7,78.6,47.9,64.0
1307,2025,64.8,77.3,50.3,70.7
1308,2023,76.8,75.6,68.2,82.5
1308,2024,66.9,65.4,55.2,74.5
1308,2025,71.4,57.5,63.4,81.7
1309,2023,69.0,49.0,96.5,71.9
1309,2024,63.5,39.4,89.3,75.9
1309,2025,57.0,32.5,88.2,63.6
1310,2023,71.4,64.5,96.3,60.4
1310,2024,68.6,60.6,93.3,59.9
1310,2025,70.2,69.1,92.2,50.4
1311,2023,55.0,47.6,44.3,77.1
1311,2024,57.6,51.1,54.3,68.0
1311,2025,49.2,56.1,46.2,48.0
1312,2023,57.4,57.9,53.5,60.1
1312,2024,59.4,59.0,56.9,62.6
1312,2025,56.2,57.2,56.4,54.2
1313,2023,52.2,35.1,48.6,71.7
1313,2024,45.9,35.7,43.4,58.2
1313,2025,45.5,27.2,47.5,57.6
1314,2023,63.8,82.8,45.7,43.5
1314,2024,63.0,82.7,44.4,41.9
1314,2025,60.3,75.7,48.5,39.7
1315,2023,55.6,64.6,54.1,39.3
1315,2024,55.4,66.0,50.0,39.5
1315,2025,50.7,55.5,51.2,40.6
1316,2023,62.5,53.3,78.8,49.2
1316,2024,68.6,58.9,88.7,50.2
1316,2025,66.8,57.9,89.3,43.3
1317,2023,63.1,70.1,52.0,66.9
1317,2024,59.4,58.9,43.8,68.9
1317,2025,56.4,58.0,46.7,61.5
1318,2023,74.0,61.5,89.4,61.3
1318,2024,73.0,60.8,84.5,67.0
1318,2025,80.0,66.5,93.3,72.3
1319,2023,71.8,40.7,80.5,84.6
1319,2024,70.3,35.5,87.4,73.7
1319,2025,68.8,42.4,82.3,70.7
1320,2023,67.5,88.9,50.5,41.8
1320,2024,67.1,87.0,54.0,40.4
1320,2025,68.2,90.0,48.0,44.9
1321,2023,33.0,31.7,27.1,42.1
1321,2024,35.4,37.2,31.3,39.1
1321,2025,46.9,47.1,36.4,60.6
1322,2023,69.0,60.1,67.2,79.2
1322,2024,70.2,65.9,65.7,80.4
1322,2025,65.6,62.4,63.9,70.8
1323,2023,79.3,69.2,75.2,100.0
1323,2024,73.9,62.0,68.1,99.7
1323,2025,81.0,77.6,72.2,100.0
1324,2024,68.4,88.3,75.5,23.9
1324,2025,69.8,92.4,70.0,29.0
1325,2024,71.2,82.6,81.8,45.8
1325,2025,78.9,80.1,88.4,63.6
1326,2024,42.2,52.9,21.9,63.8
1326,2025,40.8,44.1,26.1,60.1
1327,2024,51.6,50.4,35.3,61.8
1327,2025,50.7,46.4,36.8,60.7
1328,2024,61.6,66.2,68.0,48.6
1328,2025,56.7,53.5,70.0,42.3
1329,2024,73.1,60.2,48.8,92.8
1329,2025,71.6,45.9,42.4,99.5
1330,2024,55.1,39.0,64.8,58.4
1330,2025,52.6,35.0,58.7,62.1
1331,2024,54.9,78.2,46.7,41.8
1331,2025,53.6,84.4,43.0,35.6
1332,2024,69.4,58.5,87.2,67.5
1332,2025,72.1,59.0,86.1,79.0
1333,2024,68.2,64.0,70.8,74.0
1333,2025,67.2,62.4,72.3,71.6
1334,2024,61.0,58.0,54.9,72.8
1334,2025,63.2,64.2,53.0,77.5
1335,2024,46.5,45.9,51.8,38.9
1335,2025,45.6,53.5,44.1,41.4
1336,2024,81.9,53.3,99.7,79.0
1336,2025,84.3,61.3,98.0,82.8
1337,2024,71.2,69.5,77.0,66.9
1337,2025,68.0,61.0,80.0,67.4
1338,2024,60.3,84.0,54.4,54.3
1338,2025,62.1,100.0,52.6,52.7
1339,2024,37.5,41.0,36.7,30.1
1339,2025,33.8,44.2,19.9,28.9
1340,2024,67.0,69.1,69.7,59.8
1340,2025,65.3,67.7,65.1,62.3
1341,2024,35.6,37.6,23.5,52.3
1341,2025,34.5,38.6,20.8,50.8
1342,2024,68.9,69.7,65.4,71.7
1342,2025,66.9,70.9,63.3,64.1
1343,2024,66.6,64.5,74.6,56.9
1343,2025,57.4,55.4,65.9,46.4
1344,2024,58.3,43.8,55.5,87.8
1344,2025,60.4,46.0,61.0,85.4
1345,2024,42.4,37.7,38.3,52.4
1345,2025,44.2,34.3,41.0,57.3
1346,2024,46.9,54.5,28.5,54.9
1346,2025,47.5,49.1,29.0,57.9
1347,2024,53.8,56.6,46.6,60.7
1347,2025,60.2,71.9,43.6,70.8
1348,2024,45.3,55.1,26.8,52.4
1348,2025,42.3,49.4,15.6,55.5
1349,2024,60.8,64.2,62.7,55.2
1349,2025,59.2,72.4,59.4,48.0
1350,2024,68.7,73.8,76.8,50.3
1350,2025,75.7,78.8,86.9,58.2
1351,2024,60.7,44.6,77.6,56.3
1351,2025,66.5,53.0,89.3,49.0
1352,2024,62.9,68.4,61.3,53.6
1352,2025,70.8,76.6,76.2,53.6
1353,2024,62.1,61.0,44.1,82.4
1353,2025,66.5,65.0,47.9,88.0
1354,2024,63.1,68.4,74.6,41.1
1354,2025,68.8,78.1,76.0,43.1
1355,2025,57.0,43.6,69.6,49.1
1356,2025,67.9,88.1,58.2,60.5
1357,2025,51.7,55.2,51.5,49.1
1358,2025,48.8,82.3,43.0,38.9
1359,2025,55.5,76.7,65.4,22.9
1360,2025,51.4,44.7,59.0,48.1
1361,2025,47.9,62.9,45.8,35.8
1362,2025,71.3,87.5,53.1,63.9
1363,2025,70.5,85.6,45.8,70.0
1364,2025,61.1,83.8,58.5,42.0
1365,2025,58.8,55.3,58.0,65.1
1366,2025,48.9,51.3,54.6,37.8
1367,2025,44.5,44.7,48.4,40.3
1368,2025,67.0,67.8,61.4,70.9
1369,2025,51.8,42.0,51.0,72.2
1370,2025,63.9,66.0,53.9,69.0
1371,2025,73.3,55.3,78.6,80.4
1372,2025,58.8,66.4,54.2,48.3
1373,2025,67.6,83.5,44.0,63.0
1374,2025,77.4,87.1,59.1,76.5
1375,2025,68.4,75.2,69.8,53.5
1376,2025,63.7,70.3,47.1,80.9
